KEY,RUSSIAN,Polski,Svenska,Čeština,Slovenčina,Suomi,Italiano,Deutsch,Français
common.save,Сохранить,,,,,,,,
common.cancel,Отмена,,,,,,,,
common.edit,Редактировать,,,,,,,,
common.delete,Удалить,,,,,,,,
common.add,Добавить,,,,,,,,
common.close,Закрыть,,,,,,,,
common.back,Назад,,,,,,,,
common.next,Далее,,,,,,,,
common.done,Готово,,,,,,,,
common.loading,Загрузка...,,,,,,,,
common.error,Ошибка,,,,,,,,
common.success,Успешно,,,,,,,,
common.yes,Да,,,,,,,,
common.no,Нет,,,,,,,,
common.ok,ОК,,,,,,,,
common.confirm,Подтвердить,,,,,,,,
common.deleteConfirm,Удаление,,,,,,,,
common.deletePhotoConfirm,"Вы уверены, что хотите удалить эту фотографию?",,,,,,,,
common.deleteTeamConfirm,"Вы уверены, что хотите удалить эту команду?",,,,,,,,
common.deletePastTeamConfirm,"Вы уверены, что хотите удалить эту команду из истории?",,,,,,,,
common.deleteAchievementConfirm,"Вы уверены, что хотите удалить это достижение?",,,,,,,,
common.deleteAllNotificationsConfirm,"Вы уверены, что хотите удалить все уведомления?",,,,,,,,
common.rejectRequestConfirm,"Вы уверены, что хотите отклонить этот запрос?",,,,,,,,
winger,Крайний нападающий,,,,,,,,
center,Центральный нападающий,,,,,,,,
defender,Защитник,,,,,,,,
goals,Голы,,,,,,,,
assists,Передачи,,,,,,,,
games,Игры,,,,,,,,
pullUps,Подтягивания,,,,,,,,
pushUps,Отжимания,,,,,,,,
plankTime,Планка (сек),,,,,,,,
sprint100m,100м (сек),,,,,,,,
longJump,Прыжок в длину (м),,,,,,,,
jumpRope,Скакалка (раз),,,,,,,,
justNow,только что,,,,,,,,
minutesAgo,{minutes} мин назад,,,,,,,,
hoursAgo,{hours} ч назад,,,,,,,,
daysAgo,{days} дн назад,,,,,,,,
photoNotification.added,добавил,,,,,,,,
photoNotification.onePhoto,новое фото,,,,,,,,
photoNotification.multiplePhotos,{count} новых фото,,,,,,,,
photoNotification.photo,фото,,,,,,,,
photoNotification.photos,фото,,,,,,,,
friendshipNotification.title,Новая дружба,,,,,,,,
friendshipNotification.message,{friend1Name} и {friend2Name} стали друзьями,,,,,,,,
friendshipNotification.became,стали друзьями,,,,,,,,
exerciseNotification.title,Упражнение выполнено,,,,,,,,
exerciseNotification.message,"{playerName} выполнил упражнение ""{exerciseName}""",,,,,,,,
exerciseNotification.completed,выполнил упражнение,,,,,,,,
exerciseNotification.exercise,Упражнение,,,,,,,,
giftNotification.title,Подарок от звезды,,,,,,,,
giftNotification.message,{playerName} получил {giftName} от {starName},,,,,,,,
giftNotification.received,получил,,,,,,,,
giftNotification.from,от,,,,,,,,
addPhoto,Добавить фотографию,,,,,,,,
selectPhotoSource,Выберите источник фотографии,,,,,,,,
gallery,Галерея,,,,,,,,
camera,Камера,,,,,,,,
cancel,Отмена,,,,,,,,
error,Ошибка,,,,,,,,
maxPhotosReached,Максимальное количество фотографий: 50,,,,,,,,
galleryPermissionRequired,Нужно разрешение для доступа к галерее,,,,,,,,
galleryError,Не удалось загрузить фото из галереи.,,,,,,,,
cameraNotSupported,Съемка фото не поддерживается в веб-версии. Используйте галерею.,,,,,,,,
cameraPermissionRequired,Нужно разрешение для доступа к камере,,,,,,,,
cameraError,Не удалось снять фото.,,,,,,,,
noPhotos,Нет фотографий,,,,,,,,
clickToAddPhoto,"Нажмите ""Добавить фотографию"" чтобы начать",,,,,,,,
maxPhotos,Максимум 50 фото,,,,,,,,
uploading,Загрузка...,,,,,,,,
uploadingPhotos,Загружается {count} фото... {progress}%,,,,,,,,
info,Информация,,,,,,,,
addVideoLink,"Добавьте ссылку на YouTube или VK и время момента (формат: минуты:секунды, например: 1:25)",,,,,,,,
supportedPlatforms,"Поддерживаются: youtube.com/watch?v=, youtu.be/, youtube.com/shorts/, youtube.com/live/, m.youtube.com/, vk.com/video, vk.com/clip",,,,,,,,
videoUrlPlaceholder,https://youtube.com/watch?v=... или vk.com/video...,,,,,,,,
timeCodePlaceholder,мин:сек,,,,,,,,
myMoment,Мой момент,,,,,,,,
belarus,Беларусь,,,,,,,,
additional,Дополнительно,,,,,,,,
left,Левый,,,,,,,,
right,Правый,,,,,,,,
birthDatePlaceholder,ММ.ГГГГ (например: 12.2014),,,,,,,,
countPlaceholder,Количество раз,,,,,,,,
timePlaceholder,Время в секундах,,,,,,,,
deleteUser,Удаление пользователя,,,,,,,,
success,Успешно,,,,,,,,
selectTeams,Выберите команды,,,,,,,,
enterTeamName,Введите название команды,,,,,,,,
enterStartYear,Введите корректный год начала,,,,,,,,
enterEndYear,Введите корректный год окончания,,,,,,,,
createTeamError,Не удалось создать команду в базе данных,,,,,,,,
addTeam,Добавить команду,,,,,,,,
teamName,Название команды *,,,,,,,,
teamCountry,Страна (необязательно),,,,,,,,
teamCity,Город (необязательно),,,,,,,,
startYear,Год начала *,,,,,,,,
endYear,Год окончания (необязательно),,,,,,,,
searchTeams,Поиск команды...,,,,,,,,
save,Сохранить,,,,,,,,
add,Добавить,,,,,,,,
editTeam,Редактировать команду,,,,,,,,
noTeamsFound,Команды не найдены,,,,,,,,
searching,Поиск...,,,,,,,,
noCurrentTeams,Нет текущих команд,,,,,,,,
addMoreVideo,Добавить еще видео,,,,,,,,
noPastTeams,Нет прошлых команд,,,,,,,,
noVideosAdded,Нет добавленных видео,,,,,,,,
noTeamsSpecified,Команды не указаны,,,,,,,,
selectCountry,Выберите страну,,,,,,,,
selectPosition,Выберите позицию,,,,,,,,
basicInfo,Основная информация,,,,,,,,
dateFormat,ДД.ММ.ГГГГ,,,,,,,,
noPermission,У вас нет прав для редактирования этого профиля,,,,,,,,
playerUpdated,Данные обновлены,,,,,,,,
saveError,Не удалось сохранить данные,,,,,,,,
achievements.firstPlace,1 место,,,,,,,,
achievements.secondPlace,2 место,,,,,,,,
achievements.thirdPlace,3 место,,,,,,,,
achievements.place,{place} место,,,,,,,,
achievements.noAchievements,Нет достижений,,,,,,,,
exercises.exerciseNumber,Упражнение #{id},,,,,,,,
exercises.title,Упражнения,,,,,,,,
exercises.subtitle,Выберите тренировку,,,,,,,,
exercises.searchPlaceholder,Поиск по номеру или названию...,,,,,,,,
exercises.loadingExercise,Загрузка упражнения...,,,,,,,,
exercises.exercise,Упражнение,,,,,,,,
exercises.alreadyCompleted,Упражнение уже выполнено,,,,,,,,
exercises.canRetryIn,Вы можете выполнить это упражнение снова через {hours} часов,,,,,,,,
exercises.all,Все,,,,,,,,
exercises.completed,Выполнено,,,,,,,,
exercises.times,раз,,,,,,,,
exercises.loading,Загрузка...,,,,,,,,
exercises.categories.Выносливость,Выносливость,,,,,,,,
exercises.categories.Взрывная скорость,Взрывная скорость,,,,,,,,
exercises.categories.Разминка,Разминка,,,,,,,,
exercises.categories.Растяжка,Растяжка,,,,,,,,
exercises.categories.Ловкость,Ловкость,,,,,,,,
exercises.categories.Сила,Сила,,,,,,,,
exercises.categories.Баланс,Баланс,,,,,,,,
exercises.categories.Скоростная выносливость,Скоростная выносливость,,,,,,,,
exercises.categories.Восстановление,Восстановление,,,,,,,,
exercises.details.category,Категория,,,,,,,,
exercises.details.duration,Длительность,,,,,,,,
exercises.details.difficulty,Сложность,,,,,,,,
exercises.details.description,Описание,,,,,,,,
exercises.details.benefits,Польза упражнения,,,,,,,,
exercises.details.instructions,Пошаговые инструкции,,,,,,,,
exercises.details.tips,Полезные советы,,,,,,,,
exercises.details.equipment,Оборудование,,,,,,,,
exercises.details.calories,Калории,,,,,,,,
exercises.details.additionalInfo,Дополнительная информация,,,,,,,,
exercises.details.completed,Выполнено:,,,,,,,,
exercises.details.completedButton,Я выполнил,,,,,,,,
exercises.details.alreadyCompleted,Уже выполнено,,,,,,,,
exercises.details.saving,Сохранение...,,,,,,,,
exercises.details.notFound,Упражнение не найдено,,,,,,,,
exercises.details.unavailable,Недоступно,,,,,,,,
exercises.details.playersOnly,Упражнения доступны только для игроков,,,,,,,,
exercises.details.markedComplete,Упражнение отмечено как выполненное,,,,,,,,
exercises.details.error,Ошибка,,,,,,,,
exercises.details.saveError,Не удалось отметить упражнение как выполненное,,,,,,,,
exercises.details.generalError,Произошла ошибка при сохранении,,,,,,,,
exercises.details.times,раз,,,,,,,,
exercises.details.timesPlural,раза,,,,,,,,
exercises.difficulty.Начинающий,Начинающий,,,,,,,,
exercises.difficulty.Средний,Средний,,,,,,,,
exercises.difficulty.Продвинутый,Продвинутый,,,,,,,,
exercises.difficulty.Легкая,Легкая,,,,,,,,
exercises.items.1.title,Интервальный бег,,,,,,,,
exercises.items.1.description,Чередование быстрого бега (30 сек) и медленного (30 сек) в течение 20 минут. Отлично развивает кардио-выносливость для хоккея.,,,,,,,,
exercises.items.1.benefits[0],Улучшает сердечно-сосудистую выносливость,,,,,,,,
exercises.items.1.benefits[1],Развивает способность к быстрому восстановлению,,,,,,,,
exercises.items.1.benefits[2],Повышает общую физическую подготовку,,,,,,,,
exercises.items.1.benefits[3],Имитирует нагрузки хоккейного матча,,,,,,,,
exercises.items.1.instructions[0],Начните с 5-минутной разминки легким бегом,,,,,,,,
exercises.items.1.instructions[1],Выполните 30 секунд быстрого бега (80-90% от максимальной скорости),,,,,,,,
exercises.items.1.instructions[2],Перейдите на 30 секунд медленного бега для восстановления,,,,,,,,
exercises.items.1.instructions[3],Повторите цикл 20-25 раз,,,,,,,,
exercises.items.1.instructions[4],Завершите 5-минутной заминкой,,,,,,,,
exercises.items.1.tips[0],Следите за дыханием - дышите глубоко и ритмично,,,,,,,,
exercises.items.1.tips[1],Не превышайте 90% от максимальной скорости,,,,,,,,
exercises.items.1.tips[2],При усталости можно увеличить время восстановления,,,,,,,,
exercises.items.1.tips[3],Выполняйте 2-3 раза в неделю,,,,,,,,
exercises.items.1.equipment,Беговая дорожка или стадион,,,,,,,,
exercises.items.1.calories,250-350 ккал за тренировку,,,,,,,,
exercises.items.2.title,Берпи с прыжком,,,,,,,,
exercises.items.2.description,Комплексное упражнение: присед → планка → отжимание → присед → прыжок. Выполнять 3 подхода по 10-15 повторений.,,,,,,,,
exercises.items.2.benefits[0],Развивает общую выносливость,,,,,,,,
exercises.items.2.benefits[1],Укрепляет мышцы всего тела,,,,,,,,
exercises.items.2.benefits[2],Улучшает координацию движений,,,,,,,,
exercises.items.2.benefits[3],Повышает взрывную силу,,,,,,,,
exercises.items.2.instructions[0],"Встаньте прямо, ноги на ширине плеч",,,,,,,,
exercises.items.2.instructions[1],"Присядьте, поставив ладони на пол перед собой",,,,,,,,
exercises.items.2.instructions[2],"Оттолкнитесь ногами назад, принимая положение планки",,,,,,,,
exercises.items.2.instructions[3],Выполните одно отжимание,,,,,,,,
exercises.items.2.instructions[4],"Подтяните ноги обратно к рукам, оставаясь в приседе",,,,,,,,
exercises.items.2.instructions[5],"Выпрыгните вверх, поднимая руки над головой",,,,,,,,
exercises.items.2.instructions[6],Приземлитесь мягко и повторите,,,,,,,,
exercises.items.2.tips[0],Держите спину прямой на всех этапах,,,,,,,,
exercises.items.2.tips[1],Приземляйтесь на полусогнутые ноги,,,,,,,,
exercises.items.2.tips[2],Начинайте с 5-8 повторений и постепенно увеличивайте,,,,,,,,
exercises.items.2.tips[3],Отдыхайте 60-90 секунд между подходами,,,,,,,,
exercises.items.2.equipment,Коврик для упражнений (опционально),,,,,,,,
exercises.items.2.calories,200-300 ккал за тренировку,,,,,,,,
exercises.items.3.title,Велосипед,,,,,,,,
exercises.items.3.description,"Интенсивная езда на велосипеде или велотренажере с интервалами высокой нагрузки. 5 минут разминки, 20 минут интервалов.",,,,,,,,
exercises.items.3.benefits[0],Развивает кардио-выносливость,,,,,,,,
exercises.items.3.benefits[1],Укрепляет мышцы ног,,,,,,,,
exercises.items.3.benefits[2],Сжигает много калорий,,,,,,,,
exercises.items.3.benefits[3],Низкая нагрузка на суставы,,,,,,,,
exercises.items.3.instructions[0],5 минут разминки на низкой интенсивности,,,,,,,,
exercises.items.3.instructions[1],2 минуты высокой интенсивности (80-85% от максимума),,,,,,,,
exercises.items.3.instructions[2],1 минута восстановления на низкой интенсивности,,,,,,,,
exercises.items.3.instructions[3],Повторите интервалы 10 раз,,,,,,,,
exercises.items.3.instructions[4],5 минут заминки на низкой интенсивности,,,,,,,,
exercises.items.3.tips[0],Поддерживайте высокий темп педалирования (80-100 об/мин),,,,,,,,
exercises.items.3.tips[1],Следите за положением тела - спина прямая,,,,,,,,
exercises.items.3.tips[2],Регулируйте сопротивление для изменения интенсивности,,,,,,,,
exercises.items.3.tips[3],Пейте воду во время тренировки,,,,,,,,
exercises.items.3.equipment,Велосипед или велотренажер,,,,,,,,
exercises.items.3.calories,300-400 ккал за тренировку,,,,,,,,
exercises.items.4.title,Плиометрические прыжки,,,,,,,,
exercises.items.4.description,"Прыжки на месте с максимальной высотой, приземление на полусогнутые ноги. 3 подхода по 15-20 прыжков.",,,,,,,,
exercises.items.4.benefits[0],Развивает взрывную силу ног,,,,,,,,
exercises.items.4.benefits[1],Улучшает реакцию и скорость,,,,,,,,
exercises.items.4.benefits[2],Укрепляет сухожилия и связки,,,,,,,,
exercises.items.4.benefits[3],Повышает вертикальный прыжок,,,,,,,,
exercises.items.4.instructions[0],"Встаньте прямо, ноги на ширине плеч",,,,,,,,
exercises.items.4.instructions[1],"Присядьте на 1/4, согнув колени",,,,,,,,
exercises.items.4.instructions[2],"Взрывно выпрыгните вверх, вытягивая руки",,,,,,,,
exercises.items.4.instructions[3],Приземлитесь на полусогнутые ноги,,,,,,,,
exercises.items.4.instructions[4],Сразу же выполняйте следующий прыжок,,,,,,,,
exercises.items.4.instructions[5],Выполните 15-20 прыжков подряд,,,,,,,,
exercises.items.4.tips[0],"Приземляйтесь мягко, сгибая колени",,,,,,,,
exercises.items.4.tips[1],Держите корпус прямо,,,,,,,,
exercises.items.4.tips[2],Не делайте паузы между прыжками,,,,,,,,
exercises.items.4.tips[3],Отдыхайте 2-3 минуты между подходами,,,,,,,,
exercises.items.4.equipment,Коврик для упражнений (опционально),,,,,,,,
exercises.items.4.calories,150-200 ккал за тренировку,,,,,,,,
exercises.items.5.title,Спринты на короткие дистанции,,,,,,,,
exercises.items.5.description,Бег на максимальной скорости на дистанции 20-30 метров с отдыхом 30 секунд между забегами. 8-10 забегов.,,,,,,,,
exercises.items.5.benefits[0],Развивает максимальную скорость,,,,,,,,
exercises.items.5.benefits[1],Улучшает ускорение,,,,,,,,
exercises.items.5.benefits[2],Укрепляет мышцы ног,,,,,,,,
exercises.items.5.benefits[3],Повышает координацию движений,,,,,,,,
exercises.items.5.instructions[0],Разметьте дистанцию 20-30 метров,,,,,,,,
exercises.items.5.instructions[1],Примите положение старта (полуприсед),,,,,,,,
exercises.items.5.instructions[2],По сигналу бегите на максимальной скорости,,,,,,,,
exercises.items.5.instructions[3],Пересеките финишную линию,,,,,,,,
exercises.items.5.instructions[4],Медленно вернитесь к старту,,,,,,,,
exercises.items.5.instructions[5],Отдохните 30 секунд и повторите,,,,,,,,
exercises.items.5.tips[0],Фокусируйтесь на технике бега,,,,,,,,
exercises.items.5.tips[1],Держите корпус прямо,,,,,,,,
exercises.items.5.tips[2],Работайте руками активно,,,,,,,,
exercises.items.5.tips[3],Не сокращайте время отдыха,,,,,,,,
exercises.items.5.equipment,Открытое пространство или беговая дорожка,,,,,,,,
exercises.items.5.calories,200-250 ккал за тренировку,,,,,,,,
exercises.items.6.title,Броски мяча в стену,,,,,,,,
exercises.items.6.description,"Броски медицинского мяча в стену с максимальной силой, ловля и повторный бросок. 3 подхода по 20 бросков.",,,,,,,,
exercises.items.6.benefits[0],Развивает взрывную силу рук,,,,,,,,
exercises.items.6.benefits[1],Улучшает координацию,,,,,,,,
exercises.items.6.benefits[2],Укрепляет мышцы кора,,,,,,,,
exercises.items.6.benefits[3],Повышает скорость броска,,,,,,,,
exercises.items.6.instructions[0],Встаньте в 1-2 метрах от стены,,,,,,,,
exercises.items.6.instructions[1],Держите мяч двумя руками на уровне груди,,,,,,,,
exercises.items.6.instructions[2],"Присядьте, сгибая колени",,,,,,,,
exercises.items.6.instructions[3],"Взрывно выпрямите ноги и руки, бросая мяч",,,,,,,,
exercises.items.6.instructions[4],Поймайте отскочивший мяч,,,,,,,,
exercises.items.6.instructions[5],Сразу же выполняйте следующий бросок,,,,,,,,
exercises.items.6.tips[0],Используйте мяч весом 2-4 кг,,,,,,,,
exercises.items.6.tips[1],Бросайте с максимальной силой,,,,,,,,
exercises.items.6.tips[2],Держите спину прямой,,,,,,,,
exercises.items.6.tips[3],"Работайте всем телом, а не только руками",,,,,,,,
exercises.items.6.equipment,"Медицинский мяч 2-4 кг, стена",,,,,,,,
exercises.items.6.calories,120-180 ккал за тренировку,,,,,,,,
exercises.items.7.title,Динамическая растяжка ног,,,,,,,,
exercises.items.7.description,"Махи ногами вперед, назад и в стороны, круговые движения в тазобедренных суставах. 10-15 повторений каждой ногой.",,,,,,,,
exercises.items.7.benefits[0],Разогревает мышцы ног,,,,,,,,
exercises.items.7.benefits[1],Улучшает подвижность суставов,,,,,,,,
exercises.items.7.benefits[2],Подготавливает к тренировке,,,,,,,,
exercises.items.7.benefits[3],Снижает риск травм,,,,,,,,
exercises.items.7.instructions[0],"Встаньте прямо, держась за опору",,,,,,,,
exercises.items.7.instructions[1],Выполните 10-15 махов вперед правой ногой,,,,,,,,
exercises.items.7.instructions[2],Выполните 10-15 махов назад правой ногой,,,,,,,,
exercises.items.7.instructions[3],Выполните 10-15 махов в сторону правой ногой,,,,,,,,
exercises.items.7.instructions[4],Повторите для левой ноги,,,,,,,,
exercises.items.7.instructions[5],Выполните круговые движения в тазобедренных суставах,,,,,,,,
exercises.items.7.tips[0],Держите спину прямо,,,,,,,,
exercises.items.7.tips[1],Не раскачивайтесь слишком сильно,,,,,,,,
exercises.items.7.tips[2],Выполняйте движения плавно,,,,,,,,
exercises.items.7.tips[3],Дышите глубоко и ритмично,,,,,,,,
exercises.items.7.equipment,Стена или стул для опоры,,,,,,,,
exercises.items.7.calories,50-80 ккал за разминку,,,,,,,,
exercises.items.8.title,Разминка верхней части тела,,,,,,,,
exercises.items.8.description,"Круговые движения руками, наклоны туловища, повороты. Разогрев плечевых суставов и спины.",,,,,,,,
exercises.items.8.benefits[0],Разогревает мышцы верхней части тела,,,,,,,,
exercises.items.8.benefits[1],Улучшает подвижность плечевых суставов,,,,,,,,
exercises.items.8.benefits[2],Подготавливает руки к работе,,,,,,,,
exercises.items.8.benefits[3],Активирует мышцы кора,,,,,,,,
exercises.items.8.instructions[0],"Встаньте прямо, ноги на ширине плеч",,,,,,,,
exercises.items.8.instructions[1],Выполните 10 круговых движений руками вперед,,,,,,,,
exercises.items.8.instructions[2],Выполните 10 круговых движений руками назад,,,,,,,,
exercises.items.8.instructions[3],Выполните 10 наклонов туловища в стороны,,,,,,,,
exercises.items.8.instructions[4],Выполните 10 поворотов туловища,,,,,,,,
exercises.items.8.instructions[5],Выполните круговые движения плечами,,,,,,,,
exercises.items.8.tips[0],Двигайтесь медленно и плавно,,,,,,,,
exercises.items.8.tips[1],Не делайте резких движений,,,,,,,,
exercises.items.8.tips[2],Следите за дыханием,,,,,,,,
exercises.items.8.tips[3],Постепенно увеличивайте амплитуду движений,,,,,,,,
exercises.items.8.equipment,Не требуется,,,,,,,,
exercises.items.8.calories,40-60 ккал за разминку,,,,,,,,
exercises.items.9.title,Легкий бег на месте,,,,,,,,
exercises.items.9.description,"Бег на месте с высоким подниманием коленей, постепенное увеличение темпа. 5-7 минут.",,,,,,,,
exercises.items.9.benefits[0],Повышает частоту сердечных сокращений,,,,,,,,
exercises.items.9.benefits[1],Разогревает мышцы ног,,,,,,,,
exercises.items.9.benefits[2],Улучшает координацию,,,,,,,,
exercises.items.9.benefits[3],Подготавливает к основной тренировке,,,,,,,,
exercises.items.9.instructions[0],"Встаньте прямо, ноги на ширине плеч",,,,,,,,
exercises.items.9.instructions[1],Начните с легкого бега на месте,,,,,,,,
exercises.items.9.instructions[2],Постепенно поднимайте колени выше,,,,,,,,
exercises.items.9.instructions[3],"Работайте руками, как при обычном беге",,,,,,,,
exercises.items.9.instructions[4],Увеличивайте темп в течение 2-3 минут,,,,,,,,
exercises.items.9.instructions[5],Замедляйтесь в последние 2 минуты,,,,,,,,
exercises.items.9.tips[0],Держите спину прямо,,,,,,,,
exercises.items.9.tips[1],Приземляйтесь на носки,,,,,,,,
exercises.items.9.tips[2],Дышите глубоко,,,,,,,,
exercises.items.9.tips[3],Не делайте слишком высокие прыжки,,,,,,,,
exercises.items.9.equipment,Не требуется,,,,,,,,
exercises.items.9.calories,60-80 ккал за разминку,,,,,,,,
exercises.items.10.title,Статическая растяжка мышц ног,,,,,,,,
exercises.items.10.description,"Удержание позиций растяжки для квадрицепсов, икроножных мышц и приводящих мышц. 30 секунд на каждую группу.",,,,,,,,
exercises.items.10.benefits[0],Улучшает гибкость мышц ног,,,,,,,,
exercises.items.10.benefits[1],Снижает мышечное напряжение,,,,,,,,
exercises.items.10.benefits[2],Ускоряет восстановление,,,,,,,,
exercises.items.10.benefits[3],Предотвращает травмы,,,,,,,,
exercises.items.10.instructions[0],"Растяжка квадрицепсов: встаньте на одну ногу, согните другую назад",,,,,,,,
exercises.items.10.instructions[1],"Растяжка икр: сделайте выпад вперед, держа заднюю ногу прямой",,,,,,,,
exercises.items.10.instructions[2],"Растяжка приводящих мышц: сядьте, разведите ноги в стороны",,,,,,,,
exercises.items.10.instructions[3],Удерживайте каждую позицию 30 секунд,,,,,,,,
exercises.items.10.instructions[4],Дышите глубоко и расслабляйте мышцы,,,,,,,,
exercises.items.10.tips[0],Не растягивайтесь до боли,,,,,,,,
exercises.items.10.tips[1],Дышите глубоко и медленно,,,,,,,,
exercises.items.10.tips[2],Расслабляйте мышцы во время растяжки,,,,,,,,
exercises.items.10.tips[3],Выполняйте после тренировки,,,,,,,,
exercises.items.10.equipment,Коврик для упражнений,,,,,,,,
exercises.items.10.calories,80-100 ккал за растяжку,,,,,,,,
exercises.items.11.title,Растяжка спины и плеч,,,,,,,,
exercises.items.11.description,"Наклоны вперед, растяжка грудных мышц, растяжка трицепсов. Удержание каждой позиции 20-30 секунд.",,,,,,,,
exercises.items.11.benefits[0],Улучшает гибкость и подвижность,,,,,,,,
exercises.items.11.benefits[1],Снимает мышечное напряжение,,,,,,,,
exercises.items.11.benefits[2],Предотвращает травмы,,,,,,,,
exercises.items.11.benefits[3],Улучшает восстановление после тренировок,,,,,,,,
exercises.items.11.instructions[0],Разогрейтесь перед растяжкой,,,,,,,,
exercises.items.11.instructions[1],Растягивайтесь медленно и плавно,,,,,,,,
exercises.items.11.instructions[2],Удерживайте позицию 20-30 секунд,,,,,,,,
exercises.items.11.instructions[3],Не допускайте резкой боли,,,,,,,,
exercises.items.11.tips[0],Дышите глубоко во время растяжки,,,,,,,,
exercises.items.11.tips[1],Не делайте резких движений,,,,,,,,
exercises.items.11.tips[2],Выполняйте ежедневно для лучшего результата,,,,,,,,
exercises.items.11.tips[3],Растягивайтесь после тренировки,,,,,,,,
exercises.items.12.title,Йога для хоккеистов,,,,,,,,
exercises.items.12.description,"Комплекс асан для развития гибкости и баланса: поза воина, поза дерева, поза собаки мордой вниз.",,,,,,,,
exercises.items.12.benefits[0],Увеличивает мышечную силу,,,,,,,,
exercises.items.12.benefits[1],Улучшает мышечную выносливость,,,,,,,,
exercises.items.12.benefits[2],Развивает функциональную силу,,,,,,,,
exercises.items.12.benefits[3],Укрепляет опорно-двигательный аппарат,,,,,,,,
exercises.items.12.instructions[0],Выполните разминку перед упражнением,,,,,,,,
exercises.items.12.instructions[1],Следите за правильной техникой выполнения,,,,,,,,
exercises.items.12.instructions[2],Контролируйте дыхание - выдох на усилии,,,,,,,,
exercises.items.12.instructions[3],Отдыхайте между подходами 60-90 секунд,,,,,,,,
exercises.items.12.tips[0],Начинайте с меньшего веса и увеличивайте постепенно,,,,,,,,
exercises.items.12.tips[1],Не задерживайте дыхание,,,,,,,,
exercises.items.12.tips[2],Выполняйте 2-3 раза в неделю,,,,,,,,
exercises.items.12.tips[3],При усталости снижайте нагрузку,,,,,,,,
exercises.items.13.title,Лестница координации,,,,,,,,
exercises.items.13.description,"Быстрые движения ногами через лестницу: боковые шаги, скрестные шаги, прыжки. 3 прохода каждого типа.",,,,,,,,
exercises.items.13.benefits[0],Развивает координацию движений,,,,,,,,
exercises.items.13.benefits[1],Улучшает баланс и равновесие,,,,,,,,
exercises.items.13.benefits[2],Повышает ловкость,,,,,,,,
exercises.items.13.benefits[3],Развивает нейромышечную связь,,,,,,,,
exercises.items.13.instructions[0],Начните с медленного темпа,,,,,,,,
exercises.items.13.instructions[1],Сосредоточьтесь на точности движений,,,,,,,,
exercises.items.13.instructions[2],Постепенно увеличивайте скорость,,,,,,,,
exercises.items.13.instructions[3],Повторяйте до автоматизма,,,,,,,,
exercises.items.13.tips[0],Практикуйтесь регулярно,,,,,,,,
exercises.items.13.tips[1],Не торопитесь - точность важнее скорости,,,,,,,,
exercises.items.13.tips[2],Используйте зрительные ориентиры,,,,,,,,
exercises.items.13.tips[3],Тренируйтесь в разных условиях,,,,,,,,
exercises.items.14.title,Жонглирование мячами,,,,,,,,
exercises.items.14.description,Жонглирование 2-3 теннисными мячами для развития координации рук и глаз. Начинать с 1 мяча.,,,,,,,,
exercises.items.14.benefits[0],Развивает координацию движений,,,,,,,,
exercises.items.14.benefits[1],Улучшает баланс и равновесие,,,,,,,,
exercises.items.14.benefits[2],Повышает ловкость,,,,,,,,
exercises.items.14.benefits[3],Развивает нейромышечную связь,,,,,,,,
exercises.items.14.instructions[0],Начните с медленного темпа,,,,,,,,
exercises.items.14.instructions[1],Сосредоточьтесь на точности движений,,,,,,,,
exercises.items.14.instructions[2],Постепенно увеличивайте скорость,,,,,,,,
exercises.items.14.instructions[3],Повторяйте до автоматизма,,,,,,,,
exercises.items.14.tips[0],Практикуйтесь регулярно,,,,,,,,
exercises.items.14.tips[1],Не торопитесь - точность важнее скорости,,,,,,,,
exercises.items.14.tips[2],Используйте зрительные ориентиры,,,,,,,,
exercises.items.14.tips[3],Тренируйтесь в разных условиях,,,,,,,,
exercises.items.15.title,Быстрые касания конусов,,,,,,,,
exercises.items.15.description,Расставить 5-6 конусов и быстро касаться их рукой в случайном порядке. 3 подхода по 30 секунд.,,,,,,,,
exercises.items.15.benefits[0],Увеличивает мышечную силу,,,,,,,,
exercises.items.15.benefits[1],Улучшает мышечную выносливость,,,,,,,,
exercises.items.15.benefits[2],Развивает функциональную силу,,,,,,,,
exercises.items.15.benefits[3],Укрепляет опорно-двигательный аппарат,,,,,,,,
exercises.items.15.instructions[0],Выполните разминку перед упражнением,,,,,,,,
exercises.items.15.instructions[1],Следите за правильной техникой выполнения,,,,,,,,
exercises.items.15.instructions[2],Контролируйте дыхание - выдох на усилии,,,,,,,,
exercises.items.15.instructions[3],Отдыхайте между подходами 60-90 секунд,,,,,,,,
exercises.items.15.tips[0],Начинайте с меньшего веса и увеличивайте постепенно,,,,,,,,
exercises.items.15.tips[1],Не задерживайте дыхание,,,,,,,,
exercises.items.15.tips[2],Выполняйте 2-3 раза в неделю,,,,,,,,
exercises.items.15.tips[3],При усталости снижайте нагрузку,,,,,,,,
exercises.items.16.title,Гребля на тренажере,,,,,,,,
exercises.items.16.description,"Интервальная гребля: 2 минуты высокой интенсивности, 1 минута отдыха. 8-10 циклов для развития выносливости.",,,,,,,,
exercises.items.16.benefits[0],Увеличивает мышечную силу,,,,,,,,
exercises.items.16.benefits[1],Улучшает мышечную выносливость,,,,,,,,
exercises.items.16.benefits[2],Развивает функциональную силу,,,,,,,,
exercises.items.16.benefits[3],Укрепляет опорно-двигательный аппарат,,,,,,,,
exercises.items.16.instructions[0],Выполните разминку перед упражнением,,,,,,,,
exercises.items.16.instructions[1],Следите за правильной техникой выполнения,,,,,,,,
exercises.items.16.instructions[2],Контролируйте дыхание - выдох на усилии,,,,,,,,
exercises.items.16.instructions[3],Отдыхайте между подходами 60-90 секунд,,,,,,,,
exercises.items.16.tips[0],Начинайте с меньшего веса и увеличивайте постепенно,,,,,,,,
exercises.items.16.tips[1],Не задерживайте дыхание,,,,,,,,
exercises.items.16.tips[2],Выполняйте 2-3 раза в неделю,,,,,,,,
exercises.items.16.tips[3],При усталости снижайте нагрузку,,,,,,,,
exercises.items.17.title,Скакалка с интервалами,,,,,,,,
exercises.items.17.description,Чередование быстрых прыжков (30 сек) и медленных (30 сек). 20 минут для развития кардио-выносливости.,,,,,,,,
exercises.items.17.benefits[0],Развивает кардио-выносливость,,,,,,,,
exercises.items.17.benefits[1],Улучшает координацию движений,,,,,,,,
exercises.items.17.benefits[2],Укрепляет мышцы ног,,,,,,,,
exercises.items.17.benefits[3],Сжигает много калорий,,,,,,,,
exercises.items.17.instructions[0],Возьмите скакалку подходящей длины,,,,,,,,
exercises.items.17.instructions[1],30 секунд быстрых прыжков на максимальной скорости,,,,,,,,
exercises.items.17.instructions[2],30 секунд медленных прыжков для восстановления,,,,,,,,
exercises.items.17.instructions[3],Повторите цикл 20 раз,,,,,,,,
exercises.items.17.instructions[4],Завершите 2-минутной заминкой,,,,,,,,
exercises.items.17.tips[0],Держите спину прямой,,,,,,,,
exercises.items.17.tips[1],"Работайте запястьями, а не руками",,,,,,,,
exercises.items.17.tips[2],Приземляйтесь на носки,,,,,,,,
exercises.items.17.tips[3],Начинайте с медленного темпа,,,,,,,,
exercises.items.17.equipment,Скакалка,,,,,,,,
exercises.items.17.calories,200-300 ккал за тренировку,,,,,,,,
exercises.items.18.title,Бег по лестнице,,,,,,,,
exercises.items.18.description,"Бег вверх по лестнице с максимальной скоростью, спуск шагом. 10-15 подъемов для развития выносливости ног.",,,,,,,,
exercises.items.18.benefits[0],Развивает выносливость ног,,,,,,,,
exercises.items.18.benefits[1],Укрепляет мышцы бедер и ягодиц,,,,,,,,
exercises.items.18.benefits[2],Улучшает кардио-выносливость,,,,,,,,
exercises.items.18.benefits[3],Повышает силу ног,,,,,,,,
exercises.items.18.instructions[0],Найдите лестницу с 20-30 ступенями,,,,,,,,
exercises.items.18.instructions[1],Бегите вверх с максимальной скоростью,,,,,,,,
exercises.items.18.instructions[2],Спускайтесь шагом для восстановления,,,,,,,,
exercises.items.18.instructions[3],Выполните 10-15 подъемов,,,,,,,,
exercises.items.18.instructions[4],Отдыхайте 1-2 минуты между подъемами,,,,,,,,
exercises.items.18.tips[0],Используйте всю стопу при подъеме,,,,,,,,
exercises.items.18.tips[1],Держите спину прямой,,,,,,,,
exercises.items.18.tips[2],Работайте руками активно,,,,,,,,
exercises.items.18.tips[3],Не превышайте свои возможности,,,,,,,,
exercises.items.18.equipment,Лестница,,,,,,,,
exercises.items.18.calories,250-350 ккал за тренировку,,,,,,,,
exercises.items.19.title,Планка с движениями,,,,,,,,
exercises.items.19.description,Удержание планки с поочередным подъемом рук и ног. 3 подхода по 45-60 секунд для укрепления кора.,,,,,,,,
exercises.items.19.benefits[0],Увеличивает мышечную силу,,,,,,,,
exercises.items.19.benefits[1],Улучшает мышечную выносливость,,,,,,,,
exercises.items.19.benefits[2],Развивает функциональную силу,,,,,,,,
exercises.items.19.benefits[3],Укрепляет опорно-двигательный аппарат,,,,,,,,
exercises.items.19.instructions[0],Выполните разминку перед упражнением,,,,,,,,
exercises.items.19.instructions[1],Следите за правильной техникой выполнения,,,,,,,,
exercises.items.19.instructions[2],Контролируйте дыхание - выдох на усилии,,,,,,,,
exercises.items.19.instructions[3],Отдыхайте между подходами 60-90 секунд,,,,,,,,
exercises.items.19.tips[0],Начинайте с меньшего веса и увеличивайте постепенно,,,,,,,,
exercises.items.19.tips[1],Не задерживайте дыхание,,,,,,,,
exercises.items.19.tips[2],Выполняйте 2-3 раза в неделю,,,,,,,,
exercises.items.19.tips[3],При усталости снижайте нагрузку,,,,,,,,
exercises.items.20.title,Бег с высоким подниманием колен,,,,,,,,
exercises.items.20.description,Бег на месте с максимальным подниманием коленей к груди. 5 подходов по 2 минуты с отдыхом 1 минута.,,,,,,,,
exercises.items.20.benefits[0],Улучшает сердечно-сосудистую выносливость,,,,,,,,
exercises.items.20.benefits[1],Развивает аэробную выносливость,,,,,,,,
exercises.items.20.benefits[2],Сжигает калории эффективно,,,,,,,,
exercises.items.20.benefits[3],Укрепляет сердечную мышцу,,,,,,,,
exercises.items.20.instructions[0],Начните с легкой разминки 5-10 минут,,,,,,,,
exercises.items.20.instructions[1],Поддерживайте целевую частоту пульса,,,,,,,,
exercises.items.20.instructions[2],Следите за дыханием - дышите глубоко,,,,,,,,
exercises.items.20.instructions[3],Завершите заминкой и растяжкой,,,,,,,,
exercises.items.20.tips[0],Постепенно увеличивайте продолжительность,,,,,,,,
exercises.items.20.tips[1],Пейте воду во время тренировки,,,,,,,,
exercises.items.20.tips[2],Выполняйте 3-4 раза в неделю,,,,,,,,
exercises.items.20.tips[3],Слушайте свой организм,,,,,,,,
exercises.items.21.title,Прыжки в длину с места,,,,,,,,
exercises.items.21.description,"Прыжки вперед с максимальной дальностью, приземление на обе ноги. 5 подходов по 8-10 прыжков.",,,,,,,,
exercises.items.21.benefits[0],Увеличивает мышечную силу,,,,,,,,
exercises.items.21.benefits[1],Улучшает мышечную выносливость,,,,,,,,
exercises.items.21.benefits[2],Развивает функциональную силу,,,,,,,,
exercises.items.21.benefits[3],Укрепляет опорно-двигательный аппарат,,,,,,,,
exercises.items.21.instructions[0],Выполните разминку перед упражнением,,,,,,,,
exercises.items.21.instructions[1],Следите за правильной техникой выполнения,,,,,,,,
exercises.items.21.instructions[2],Контролируйте дыхание - выдох на усилии,,,,,,,,
exercises.items.21.instructions[3],Отдыхайте между подходами 60-90 секунд,,,,,,,,
exercises.items.21.tips[0],Начинайте с меньшего веса и увеличивайте постепенно,,,,,,,,
exercises.items.21.tips[1],Не задерживайте дыхание,,,,,,,,
exercises.items.21.tips[2],Выполняйте 2-3 раза в неделю,,,,,,,,
exercises.items.21.tips[3],При усталости снижайте нагрузку,,,,,,,,
exercises.items.22.title,Быстрые отжимания,,,,,,,,
exercises.items.22.description,"Отжимания с максимальной скоростью, касание грудью пола. 4 подхода по 15-20 повторений.",,,,,,,,
exercises.items.22.benefits[0],Увеличивает мышечную силу,,,,,,,,
exercises.items.22.benefits[1],Улучшает мышечную выносливость,,,,,,,,
exercises.items.22.benefits[2],Развивает функциональную силу,,,,,,,,
exercises.items.22.benefits[3],Укрепляет опорно-двигательный аппарат,,,,,,,,
exercises.items.22.instructions[0],Выполните разминку перед упражнением,,,,,,,,
exercises.items.22.instructions[1],Следите за правильной техникой выполнения,,,,,,,,
exercises.items.22.instructions[2],Контролируйте дыхание - выдох на усилии,,,,,,,,
exercises.items.22.instructions[3],Отдыхайте между подходами 60-90 секунд,,,,,,,,
exercises.items.22.tips[0],Начинайте с меньшего веса и увеличивайте постепенно,,,,,,,,
exercises.items.22.tips[1],Не задерживайте дыхание,,,,,,,,
exercises.items.22.tips[2],Выполняйте 2-3 раза в неделю,,,,,,,,
exercises.items.22.tips[3],При усталости снижайте нагрузку,,,,,,,,
exercises.items.23.title,Прыжки через препятствия,,,,,,,,
exercises.items.23.description,Прыжки через конусы или барьеры высотой 30-40 см. 3 прохода по 10 препятствий.,,,,,,,,
exercises.items.23.benefits[0],Увеличивает мышечную силу,,,,,,,,
exercises.items.23.benefits[1],Улучшает мышечную выносливость,,,,,,,,
exercises.items.23.benefits[2],Развивает функциональную силу,,,,,,,,
exercises.items.23.benefits[3],Укрепляет опорно-двигательный аппарат,,,,,,,,
exercises.items.23.instructions[0],Выполните разминку перед упражнением,,,,,,,,
exercises.items.23.instructions[1],Следите за правильной техникой выполнения,,,,,,,,
exercises.items.23.instructions[2],Контролируйте дыхание - выдох на усилии,,,,,,,,
exercises.items.23.instructions[3],Отдыхайте между подходами 60-90 секунд,,,,,,,,
exercises.items.23.tips[0],Начинайте с меньшего веса и увеличивайте постепенно,,,,,,,,
exercises.items.23.tips[1],Не задерживайте дыхание,,,,,,,,
exercises.items.23.tips[2],Выполняйте 2-3 раза в неделю,,,,,,,,
exercises.items.23.tips[3],При усталости снижайте нагрузку,,,,,,,,
exercises.items.24.title,Быстрые приседания,,,,,,,,
exercises.items.24.description,"Приседания с максимальной скоростью, бедра параллельно полу. 4 подхода по 20-25 повторений.",,,,,,,,
exercises.items.24.benefits[0],Увеличивает мышечную силу,,,,,,,,
exercises.items.24.benefits[1],Улучшает мышечную выносливость,,,,,,,,
exercises.items.24.benefits[2],Развивает функциональную силу,,,,,,,,
exercises.items.24.benefits[3],Укрепляет опорно-двигательный аппарат,,,,,,,,
exercises.items.24.instructions[0],Выполните разминку перед упражнением,,,,,,,,
exercises.items.24.instructions[1],Следите за правильной техникой выполнения,,,,,,,,
exercises.items.24.instructions[2],Контролируйте дыхание - выдох на усилии,,,,,,,,
exercises.items.24.instructions[3],Отдыхайте между подходами 60-90 секунд,,,,,,,,
exercises.items.24.tips[0],Начинайте с меньшего веса и увеличивайте постепенно,,,,,,,,
exercises.items.24.tips[1],Не задерживайте дыхание,,,,,,,,
exercises.items.24.tips[2],Выполняйте 2-3 раза в неделю,,,,,,,,
exercises.items.24.tips[3],При усталости снижайте нагрузку,,,,,,,,
exercises.items.25.title,Броски набивного мяча,,,,,,,,
exercises.items.25.description,Броски тяжелого мяча (5-8 кг) от груди с максимальной силой. 3 подхода по 15 бросков.,,,,,,,,
exercises.items.25.benefits[0],Увеличивает мышечную силу,,,,,,,,
exercises.items.25.benefits[1],Улучшает мышечную выносливость,,,,,,,,
exercises.items.25.benefits[2],Развивает функциональную силу,,,,,,,,
exercises.items.25.benefits[3],Укрепляет опорно-двигательный аппарат,,,,,,,,
exercises.items.25.instructions[0],Выполните разминку перед упражнением,,,,,,,,
exercises.items.25.instructions[1],Следите за правильной техникой выполнения,,,,,,,,
exercises.items.25.instructions[2],Контролируйте дыхание - выдох на усилии,,,,,,,,
exercises.items.25.instructions[3],Отдыхайте между подходами 60-90 секунд,,,,,,,,
exercises.items.25.tips[0],Начинайте с меньшего веса и увеличивайте постепенно,,,,,,,,
exercises.items.25.tips[1],Не задерживайте дыхание,,,,,,,,
exercises.items.25.tips[2],Выполняйте 2-3 раза в неделю,,,,,,,,
exercises.items.25.tips[3],При усталости снижайте нагрузку,,,,,,,,
exercises.items.26.title,Разминка голеностопа,,,,,,,,
exercises.items.26.description,"Круговые движения стопами, сгибание-разгибание пальцев ног. 2-3 минуты для каждой ноги.",,,,,,,,
exercises.items.26.benefits[0],Подготавливает мышцы к нагрузке,,,,,,,,
exercises.items.26.benefits[1],Улучшает кровообращение,,,,,,,,
exercises.items.26.benefits[2],Снижает риск травм,,,,,,,,
exercises.items.26.benefits[3],Повышает эффективность тренировки,,,,,,,,
exercises.items.26.instructions[0],Начните медленно и постепенно увеличивайте интенсивность,,,,,,,,
exercises.items.26.instructions[1],Выполняйте движения плавно и контролируемо,,,,,,,,
exercises.items.26.instructions[2],Следите за правильной техникой,,,,,,,,
exercises.items.26.instructions[3],Дышите равномерно во время выполнения,,,,,,,,
exercises.items.26.tips[0],Не торопитесь - качество важнее скорости,,,,,,,,
exercises.items.26.tips[1],При появлении боли остановитесь,,,,,,,,
exercises.items.26.tips[2],Выполняйте разминку перед каждой тренировкой,,,,,,,,
exercises.items.26.tips[3],Уделите достаточно времени каждому движению,,,,,,,,
exercises.items.27.title,Разминка шеи,,,,,,,,
exercises.items.27.description,"Плавные повороты головы, наклоны вперед-назад, круговые движения. 2-3 минуты.",,,,,,,,
exercises.items.27.benefits[0],Подготавливает мышцы к нагрузке,,,,,,,,
exercises.items.27.benefits[1],Улучшает кровообращение,,,,,,,,
exercises.items.27.benefits[2],Снижает риск травм,,,,,,,,
exercises.items.27.benefits[3],Повышает эффективность тренировки,,,,,,,,
exercises.items.27.instructions[0],Начните медленно и постепенно увеличивайте интенсивность,,,,,,,,
exercises.items.27.instructions[1],Выполняйте движения плавно и контролируемо,,,,,,,,
exercises.items.27.instructions[2],Следите за правильной техникой,,,,,,,,
exercises.items.27.instructions[3],Дышите равномерно во время выполнения,,,,,,,,
exercises.items.27.tips[0],Не торопитесь - качество важнее скорости,,,,,,,,
exercises.items.27.tips[1],При появлении боли остановитесь,,,,,,,,
exercises.items.27.tips[2],Выполняйте разминку перед каждой тренировкой,,,,,,,,
exercises.items.27.tips[3],Уделите достаточно времени каждому движению,,,,,,,,
exercises.items.28.title,Разминка запястий,,,,,,,,
exercises.items.28.description,"Круговые движения кистями, сгибание-разгибание пальцев. 2-3 минуты для каждой руки.",,,,,,,,
exercises.items.28.benefits[0],Подготавливает мышцы к нагрузке,,,,,,,,
exercises.items.28.benefits[1],Улучшает кровообращение,,,,,,,,
exercises.items.28.benefits[2],Снижает риск травм,,,,,,,,
exercises.items.28.benefits[3],Повышает эффективность тренировки,,,,,,,,
exercises.items.28.instructions[0],Начните медленно и постепенно увеличивайте интенсивность,,,,,,,,
exercises.items.28.instructions[1],Выполняйте движения плавно и контролируемо,,,,,,,,
exercises.items.28.instructions[2],Следите за правильной техникой,,,,,,,,
exercises.items.28.instructions[3],Дышите равномерно во время выполнения,,,,,,,,
exercises.items.28.tips[0],Не торопитесь - качество важнее скорости,,,,,,,,
exercises.items.28.tips[1],При появлении боли остановитесь,,,,,,,,
exercises.items.28.tips[2],Выполняйте разминку перед каждой тренировкой,,,,,,,,
exercises.items.28.tips[3],Уделите достаточно времени каждому движению,,,,,,,,
exercises.items.29.title,Разминка коленей,,,,,,,,
exercises.items.29.description,"Полуприседания, круговые движения коленями, легкие прыжки на месте. 3-4 минуты.",,,,,,,,
exercises.items.29.benefits[0],Подготавливает мышцы к нагрузке,,,,,,,,
exercises.items.29.benefits[1],Улучшает кровообращение,,,,,,,,
exercises.items.29.benefits[2],Снижает риск травм,,,,,,,,
exercises.items.29.benefits[3],Повышает эффективность тренировки,,,,,,,,
exercises.items.29.instructions[0],Начните медленно и постепенно увеличивайте интенсивность,,,,,,,,
exercises.items.29.instructions[1],Выполняйте движения плавно и контролируемо,,,,,,,,
exercises.items.29.instructions[2],Следите за правильной техникой,,,,,,,,
exercises.items.29.instructions[3],Дышите равномерно во время выполнения,,,,,,,,
exercises.items.29.tips[0],Не торопитесь - качество важнее скорости,,,,,,,,
exercises.items.29.tips[1],При появлении боли остановитесь,,,,,,,,
exercises.items.29.tips[2],Выполняйте разминку перед каждой тренировкой,,,,,,,,
exercises.items.29.tips[3],Уделите достаточно времени каждому движению,,,,,,,,
exercises.items.30.title,Разминка тазобедренных суставов,,,,,,,,
exercises.items.30.description,"Круговые движения бедрами, махи ногами в стороны, легкие выпады. 4-5 минут.",,,,,,,,
exercises.items.30.benefits[0],Подготавливает мышцы к нагрузке,,,,,,,,
exercises.items.30.benefits[1],Улучшает кровообращение,,,,,,,,
exercises.items.30.benefits[2],Снижает риск травм,,,,,,,,
exercises.items.30.benefits[3],Повышает эффективность тренировки,,,,,,,,
exercises.items.30.instructions[0],Начните медленно и постепенно увеличивайте интенсивность,,,,,,,,
exercises.items.30.instructions[1],Выполняйте движения плавно и контролируемо,,,,,,,,
exercises.items.30.instructions[2],Следите за правильной техникой,,,,,,,,
exercises.items.30.instructions[3],Дышите равномерно во время выполнения,,,,,,,,
exercises.items.30.tips[0],Не торопитесь - качество важнее скорости,,,,,,,,
exercises.items.30.tips[1],При появлении боли остановитесь,,,,,,,,
exercises.items.30.tips[2],Выполняйте разминку перед каждой тренировкой,,,,,,,,
exercises.items.30.tips[3],Уделите достаточно времени каждому движению,,,,,,,,
exercises.items.31.title,Растяжка паха,,,,,,,,
exercises.items.31.description,"Бабочка - сидя на полу, соединить стопы и наклониться вперед. Удержание 30-45 секунд.",,,,,,,,
exercises.items.31.benefits[0],Улучшает гибкость и подвижность,,,,,,,,
exercises.items.31.benefits[1],Снимает мышечное напряжение,,,,,,,,
exercises.items.31.benefits[2],Предотвращает травмы,,,,,,,,
exercises.items.31.benefits[3],Улучшает восстановление после тренировок,,,,,,,,
exercises.items.31.instructions[0],Разогрейтесь перед растяжкой,,,,,,,,
exercises.items.31.instructions[1],Растягивайтесь медленно и плавно,,,,,,,,
exercises.items.31.instructions[2],Удерживайте позицию 20-30 секунд,,,,,,,,
exercises.items.31.instructions[3],Не допускайте резкой боли,,,,,,,,
exercises.items.31.tips[0],Дышите глубоко во время растяжки,,,,,,,,
exercises.items.31.tips[1],Не делайте резких движений,,,,,,,,
exercises.items.31.tips[2],Выполняйте ежедневно для лучшего результата,,,,,,,,
exercises.items.31.tips[3],Растягивайтесь после тренировки,,,,,,,,
exercises.items.32.title,Растяжка подколенных сухожилий,,,,,,,,
exercises.items.32.description,"Наклоны вперед к прямым ногам, удержание 30 секунд. 3 подхода по 15 секунд.",,,,,,,,
exercises.items.32.benefits[0],Улучшает гибкость и подвижность,,,,,,,,
exercises.items.32.benefits[1],Снимает мышечное напряжение,,,,,,,,
exercises.items.32.benefits[2],Предотвращает травмы,,,,,,,,
exercises.items.32.benefits[3],Улучшает восстановление после тренировок,,,,,,,,
exercises.items.32.instructions[0],Разогрейтесь перед растяжкой,,,,,,,,
exercises.items.32.instructions[1],Растягивайтесь медленно и плавно,,,,,,,,
exercises.items.32.instructions[2],Удерживайте позицию 20-30 секунд,,,,,,,,
exercises.items.32.instructions[3],Не допускайте резкой боли,,,,,,,,
exercises.items.32.tips[0],Дышите глубоко во время растяжки,,,,,,,,
exercises.items.32.tips[1],Не делайте резких движений,,,,,,,,
exercises.items.32.tips[2],Выполняйте ежедневно для лучшего результата,,,,,,,,
exercises.items.32.tips[3],Растягивайтесь после тренировки,,,,,,,,
exercises.items.33.title,Растяжка икроножных мышц,,,,,,,,
exercises.items.33.description,"Выпады с упором на стену, растяжка задней поверхности голени. 20 секунд на каждую ногу.",,,,,,,,
exercises.items.33.benefits[0],Улучшает гибкость и подвижность,,,,,,,,
exercises.items.33.benefits[1],Снимает мышечное напряжение,,,,,,,,
exercises.items.33.benefits[2],Предотвращает травмы,,,,,,,,
exercises.items.33.benefits[3],Улучшает восстановление после тренировок,,,,,,,,
exercises.items.33.instructions[0],Разогрейтесь перед растяжкой,,,,,,,,
exercises.items.33.instructions[1],Растягивайтесь медленно и плавно,,,,,,,,
exercises.items.33.instructions[2],Удерживайте позицию 20-30 секунд,,,,,,,,
exercises.items.33.instructions[3],Не допускайте резкой боли,,,,,,,,
exercises.items.33.tips[0],Дышите глубоко во время растяжки,,,,,,,,
exercises.items.33.tips[1],Не делайте резких движений,,,,,,,,
exercises.items.33.tips[2],Выполняйте ежедневно для лучшего результата,,,,,,,,
exercises.items.33.tips[3],Растягивайтесь после тренировки,,,,,,,,
exercises.items.34.title,Растяжка грудных мышц,,,,,,,,
exercises.items.34.description,"Растяжка у стены с отведением рук назад. Удержание 30 секунд, 3 подхода.",,,,,,,,
exercises.items.34.benefits[0],Улучшает гибкость и подвижность,,,,,,,,
exercises.items.34.benefits[1],Снимает мышечное напряжение,,,,,,,,
exercises.items.34.benefits[2],Предотвращает травмы,,,,,,,,
exercises.items.34.benefits[3],Улучшает восстановление после тренировок,,,,,,,,
exercises.items.34.instructions[0],Разогрейтесь перед растяжкой,,,,,,,,
exercises.items.34.instructions[1],Растягивайтесь медленно и плавно,,,,,,,,
exercises.items.34.instructions[2],Удерживайте позицию 20-30 секунд,,,,,,,,
exercises.items.34.instructions[3],Не допускайте резкой боли,,,,,,,,
exercises.items.34.tips[0],Дышите глубоко во время растяжки,,,,,,,,
exercises.items.34.tips[1],Не делайте резких движений,,,,,,,,
exercises.items.34.tips[2],Выполняйте ежедневно для лучшего результата,,,,,,,,
exercises.items.34.tips[3],Растягивайтесь после тренировки,,,,,,,,
exercises.items.35.title,Растяжка трицепсов,,,,,,,,
exercises.items.35.description,"Заведение руки за голову, растяжка задней поверхности плеча. 20 секунд на каждую руку.",,,,,,,,
exercises.items.35.benefits[0],Улучшает гибкость и подвижность,,,,,,,,
exercises.items.35.benefits[1],Снимает мышечное напряжение,,,,,,,,
exercises.items.35.benefits[2],Предотвращает травмы,,,,,,,,
exercises.items.35.benefits[3],Улучшает восстановление после тренировок,,,,,,,,
exercises.items.35.instructions[0],Разогрейтесь перед растяжкой,,,,,,,,
exercises.items.35.instructions[1],Растягивайтесь медленно и плавно,,,,,,,,
exercises.items.35.instructions[2],Удерживайте позицию 20-30 секунд,,,,,,,,
exercises.items.35.instructions[3],Не допускайте резкой боли,,,,,,,,
exercises.items.35.tips[0],Дышите глубоко во время растяжки,,,,,,,,
exercises.items.35.tips[1],Не делайте резких движений,,,,,,,,
exercises.items.35.tips[2],Выполняйте ежедневно для лучшего результата,,,,,,,,
exercises.items.35.tips[3],Растягивайтесь после тренировки,,,,,,,,
exercises.items.36.title,Змейка между конусами,,,,,,,,
exercises.items.36.description,"Бег змейкой между конусами, расставленными в линию. 5 проходов с максимальной скоростью.",,,,,,,,
exercises.items.36.benefits[0],Увеличивает мышечную силу,,,,,,,,
exercises.items.36.benefits[1],Улучшает мышечную выносливость,,,,,,,,
exercises.items.36.benefits[2],Развивает функциональную силу,,,,,,,,
exercises.items.36.benefits[3],Укрепляет опорно-двигательный аппарат,,,,,,,,
exercises.items.36.instructions[0],Выполните разминку перед упражнением,,,,,,,,
exercises.items.36.instructions[1],Следите за правильной техникой выполнения,,,,,,,,
exercises.items.36.instructions[2],Контролируйте дыхание - выдох на усилии,,,,,,,,
exercises.items.36.instructions[3],Отдыхайте между подходами 60-90 секунд,,,,,,,,
exercises.items.36.tips[0],Начинайте с меньшего веса и увеличивайте постепенно,,,,,,,,
exercises.items.36.tips[1],Не задерживайте дыхание,,,,,,,,
exercises.items.36.tips[2],Выполняйте 2-3 раза в неделю,,,,,,,,
exercises.items.36.tips[3],При усталости снижайте нагрузку,,,,,,,,
exercises.items.37.title,Быстрые касания ногами,,,,,,,,
exercises.items.37.description,Быстрые касания конусов ногами в случайном порядке. 3 подхода по 45 секунд.,,,,,,,,
exercises.items.37.benefits[0],Увеличивает мышечную силу,,,,,,,,
exercises.items.37.benefits[1],Улучшает мышечную выносливость,,,,,,,,
exercises.items.37.benefits[2],Развивает функциональную силу,,,,,,,,
exercises.items.37.benefits[3],Укрепляет опорно-двигательный аппарат,,,,,,,,
exercises.items.37.instructions[0],Выполните разминку перед упражнением,,,,,,,,
exercises.items.37.instructions[1],Следите за правильной техникой выполнения,,,,,,,,
exercises.items.37.instructions[2],Контролируйте дыхание - выдох на усилии,,,,,,,,
exercises.items.37.instructions[3],Отдыхайте между подходами 60-90 секунд,,,,,,,,
exercises.items.37.tips[0],Начинайте с меньшего веса и увеличивайте постепенно,,,,,,,,
exercises.items.37.tips[1],Не задерживайте дыхание,,,,,,,,
exercises.items.37.tips[2],Выполняйте 2-3 раза в неделю,,,,,,,,
exercises.items.37.tips[3],При усталости снижайте нагрузку,,,,,,,,
exercises.items.38.title,Прыжки с поворотами,,,,,,,,
exercises.items.38.description,Прыжки на месте с поворотами на 90-180 градусов. 3 подхода по 20 прыжков.,,,,,,,,
exercises.items.38.benefits[0],Увеличивает мышечную силу,,,,,,,,
exercises.items.38.benefits[1],Улучшает мышечную выносливость,,,,,,,,
exercises.items.38.benefits[2],Развивает функциональную силу,,,,,,,,
exercises.items.38.benefits[3],Укрепляет опорно-двигательный аппарат,,,,,,,,
exercises.items.38.instructions[0],Выполните разминку перед упражнением,,,,,,,,
exercises.items.38.instructions[1],Следите за правильной техникой выполнения,,,,,,,,
exercises.items.38.instructions[2],Контролируйте дыхание - выдох на усилии,,,,,,,,
exercises.items.38.instructions[3],Отдыхайте между подходами 60-90 секунд,,,,,,,,
exercises.items.38.tips[0],Начинайте с меньшего веса и увеличивайте постепенно,,,,,,,,
exercises.items.38.tips[1],Не задерживайте дыхание,,,,,,,,
exercises.items.38.tips[2],Выполняйте 2-3 раза в неделю,,,,,,,,
exercises.items.38.tips[3],При усталости снижайте нагрузку,,,,,,,,
exercises.items.39.title,Быстрые передачи мяча,,,,,,,,
exercises.items.39.description,Передачи теннисного мяча между руками с максимальной скоростью. 3 подхода по 1 минуте.,,,,,,,,
exercises.items.39.benefits[0],Увеличивает мышечную силу,,,,,,,,
exercises.items.39.benefits[1],Улучшает мышечную выносливость,,,,,,,,
exercises.items.39.benefits[2],Развивает функциональную силу,,,,,,,,
exercises.items.39.benefits[3],Укрепляет опорно-двигательный аппарат,,,,,,,,
exercises.items.39.instructions[0],Выполните разминку перед упражнением,,,,,,,,
exercises.items.39.instructions[1],Следите за правильной техникой выполнения,,,,,,,,
exercises.items.39.instructions[2],Контролируйте дыхание - выдох на усилии,,,,,,,,
exercises.items.39.instructions[3],Отдыхайте между подходами 60-90 секунд,,,,,,,,
exercises.items.39.tips[0],Начинайте с меньшего веса и увеличивайте постепенно,,,,,,,,
exercises.items.39.tips[1],Не задерживайте дыхание,,,,,,,,
exercises.items.39.tips[2],Выполняйте 2-3 раза в неделю,,,,,,,,
exercises.items.39.tips[3],При усталости снижайте нагрузку,,,,,,,,
exercises.items.40.title,Бег спиной вперед,,,,,,,,
exercises.items.40.description,Бег спиной вперед с быстрыми поворотами по сигналу. 5 подходов по 30 секунд.,,,,,,,,
exercises.items.40.benefits[0],Улучшает сердечно-сосудистую выносливость,,,,,,,,
exercises.items.40.benefits[1],Развивает аэробную выносливость,,,,,,,,
exercises.items.40.benefits[2],Сжигает калории эффективно,,,,,,,,
exercises.items.40.benefits[3],Укрепляет сердечную мышцу,,,,,,,,
exercises.items.40.instructions[0],Начните с легкой разминки 5-10 минут,,,,,,,,
exercises.items.40.instructions[1],Поддерживайте целевую частоту пульса,,,,,,,,
exercises.items.40.instructions[2],Следите за дыханием - дышите глубоко,,,,,,,,
exercises.items.40.instructions[3],Завершите заминкой и растяжкой,,,,,,,,
exercises.items.40.tips[0],Постепенно увеличивайте продолжительность,,,,,,,,
exercises.items.40.tips[1],Пейте воду во время тренировки,,,,,,,,
exercises.items.40.tips[2],Выполняйте 3-4 раза в неделю,,,,,,,,
exercises.items.40.tips[3],Слушайте свой организм,,,,,,,,
exercises.items.41.title,Приседания с весом,,,,,,,,
exercises.items.41.description,"Приседания с гантелями или штангой, бедра параллельно полу. 4 подхода по 12-15 повторений.",,,,,,,,
exercises.items.41.benefits[0],Увеличивает мышечную силу,,,,,,,,
exercises.items.41.benefits[1],Улучшает мышечную выносливость,,,,,,,,
exercises.items.41.benefits[2],Развивает функциональную силу,,,,,,,,
exercises.items.41.benefits[3],Укрепляет опорно-двигательный аппарат,,,,,,,,
exercises.items.41.instructions[0],Выполните разминку перед упражнением,,,,,,,,
exercises.items.41.instructions[1],Следите за правильной техникой выполнения,,,,,,,,
exercises.items.41.instructions[2],Контролируйте дыхание - выдох на усилии,,,,,,,,
exercises.items.41.instructions[3],Отдыхайте между подходами 60-90 секунд,,,,,,,,
exercises.items.41.tips[0],Начинайте с меньшего веса и увеличивайте постепенно,,,,,,,,
exercises.items.41.tips[1],Не задерживайте дыхание,,,,,,,,
exercises.items.41.tips[2],Выполняйте 2-3 раза в неделю,,,,,,,,
exercises.items.41.tips[3],При усталости снижайте нагрузку,,,,,,,,
exercises.items.42.title,Становая тяга,,,,,,,,
exercises.items.42.description,Подъем штанги с пола до уровня бедер с прямой спиной. 3 подхода по 8-10 повторений.,,,,,,,,
exercises.items.42.benefits[0],Увеличивает мышечную силу,,,,,,,,
exercises.items.42.benefits[1],Улучшает мышечную выносливость,,,,,,,,
exercises.items.42.benefits[2],Развивает функциональную силу,,,,,,,,
exercises.items.42.benefits[3],Укрепляет опорно-двигательный аппарат,,,,,,,,
exercises.items.42.instructions[0],Выполните разминку перед упражнением,,,,,,,,
exercises.items.42.instructions[1],Следите за правильной техникой выполнения,,,,,,,,
exercises.items.42.instructions[2],Контролируйте дыхание - выдох на усилии,,,,,,,,
exercises.items.42.instructions[3],Отдыхайте между подходами 60-90 секунд,,,,,,,,
exercises.items.42.tips[0],Начинайте с меньшего веса и увеличивайте постепенно,,,,,,,,
exercises.items.42.tips[1],Не задерживайте дыхание,,,,,,,,
exercises.items.42.tips[2],Выполняйте 2-3 раза в неделю,,,,,,,,
exercises.items.42.tips[3],При усталости снижайте нагрузку,,,,,,,,
exercises.items.43.title,Жим лежа,,,,,,,,
exercises.items.43.description,Жим штанги от груди лежа на скамье. 4 подхода по 8-12 повторений.,,,,,,,,
exercises.items.43.benefits[0],Увеличивает мышечную силу,,,,,,,,
exercises.items.43.benefits[1],Улучшает мышечную выносливость,,,,,,,,
exercises.items.43.benefits[2],Развивает функциональную силу,,,,,,,,
exercises.items.43.benefits[3],Укрепляет опорно-двигательный аппарат,,,,,,,,
exercises.items.43.instructions[0],Выполните разминку перед упражнением,,,,,,,,
exercises.items.43.instructions[1],Следите за правильной техникой выполнения,,,,,,,,
exercises.items.43.instructions[2],Контролируйте дыхание - выдох на усилии,,,,,,,,
exercises.items.43.instructions[3],Отдыхайте между подходами 60-90 секунд,,,,,,,,
exercises.items.43.tips[0],Начинайте с меньшего веса и увеличивайте постепенно,,,,,,,,
exercises.items.43.tips[1],Не задерживайте дыхание,,,,,,,,
exercises.items.43.tips[2],Выполняйте 2-3 раза в неделю,,,,,,,,
exercises.items.43.tips[3],При усталости снижайте нагрузку,,,,,,,,
exercises.items.44.title,Подтягивания,,,,,,,,
exercises.items.44.description,Подтягивания на перекладине до касания подбородком. 3 подхода по 8-12 повторений.,,,,,,,,
exercises.items.44.benefits[0],Увеличивает мышечную силу,,,,,,,,
exercises.items.44.benefits[1],Улучшает мышечную выносливость,,,,,,,,
exercises.items.44.benefits[2],Развивает функциональную силу,,,,,,,,
exercises.items.44.benefits[3],Укрепляет опорно-двигательный аппарат,,,,,,,,
exercises.items.44.instructions[0],Выполните разминку перед упражнением,,,,,,,,
exercises.items.44.instructions[1],Следите за правильной техникой выполнения,,,,,,,,
exercises.items.44.instructions[2],Контролируйте дыхание - выдох на усилии,,,,,,,,
exercises.items.44.instructions[3],Отдыхайте между подходами 60-90 секунд,,,,,,,,
exercises.items.44.tips[0],Начинайте с меньшего веса и увеличивайте постепенно,,,,,,,,
exercises.items.44.tips[1],Не задерживайте дыхание,,,,,,,,
exercises.items.44.tips[2],Выполняйте 2-3 раза в неделю,,,,,,,,
exercises.items.44.tips[3],При усталости снижайте нагрузку,,,,,,,,
exercises.items.45.title,Отжимания на брусьях,,,,,,,,
exercises.items.45.description,Отжимания на параллельных брусьях с опусканием до угла 90 градусов. 3 подхода по 10-15 повторений.,,,,,,,,
exercises.items.45.benefits[0],Увеличивает мышечную силу,,,,,,,,
exercises.items.45.benefits[1],Улучшает мышечную выносливость,,,,,,,,
exercises.items.45.benefits[2],Развивает функциональную силу,,,,,,,,
exercises.items.45.benefits[3],Укрепляет опорно-двигательный аппарат,,,,,,,,
exercises.items.45.instructions[0],Выполните разминку перед упражнением,,,,,,,,
exercises.items.45.instructions[1],Следите за правильной техникой выполнения,,,,,,,,
exercises.items.45.instructions[2],Контролируйте дыхание - выдох на усилии,,,,,,,,
exercises.items.45.instructions[3],Отдыхайте между подходами 60-90 секунд,,,,,,,,
exercises.items.45.tips[0],Начинайте с меньшего веса и увеличивайте постепенно,,,,,,,,
exercises.items.45.tips[1],Не задерживайте дыхание,,,,,,,,
exercises.items.45.tips[2],Выполняйте 2-3 раза в неделю,,,,,,,,
exercises.items.45.tips[3],При усталости снижайте нагрузку,,,,,,,,
exercises.items.46.title,Стойка на одной ноге,,,,,,,,
exercises.items.46.description,Удержание равновесия на одной ноге с закрытыми глазами. 3 подхода по 30 секунд на каждую ногу.,,,,,,,,
exercises.items.46.benefits[0],Увеличивает мышечную силу,,,,,,,,
exercises.items.46.benefits[1],Улучшает мышечную выносливость,,,,,,,,
exercises.items.46.benefits[2],Развивает функциональную силу,,,,,,,,
exercises.items.46.benefits[3],Укрепляет опорно-двигательный аппарат,,,,,,,,
exercises.items.46.instructions[0],Выполните разминку перед упражнением,,,,,,,,
exercises.items.46.instructions[1],Следите за правильной техникой выполнения,,,,,,,,
exercises.items.46.instructions[2],Контролируйте дыхание - выдох на усилии,,,,,,,,
exercises.items.46.instructions[3],Отдыхайте между подходами 60-90 секунд,,,,,,,,
exercises.items.46.tips[0],Начинайте с меньшего веса и увеличивайте постепенно,,,,,,,,
exercises.items.46.tips[1],Не задерживайте дыхание,,,,,,,,
exercises.items.46.tips[2],Выполняйте 2-3 раза в неделю,,,,,,,,
exercises.items.46.tips[3],При усталости снижайте нагрузку,,,,,,,,
exercises.items.47.title,Планка на одной ноге,,,,,,,,
exercises.items.47.description,Удержание планки с подъемом одной ноги. 3 подхода по 30 секунд на каждую ногу.,,,,,,,,
exercises.items.47.benefits[0],Увеличивает мышечную силу,,,,,,,,
exercises.items.47.benefits[1],Улучшает мышечную выносливость,,,,,,,,
exercises.items.47.benefits[2],Развивает функциональную силу,,,,,,,,
exercises.items.47.benefits[3],Укрепляет опорно-двигательный аппарат,,,,,,,,
exercises.items.47.instructions[0],Выполните разминку перед упражнением,,,,,,,,
exercises.items.47.instructions[1],Следите за правильной техникой выполнения,,,,,,,,
exercises.items.47.instructions[2],Контролируйте дыхание - выдох на усилии,,,,,,,,
exercises.items.47.instructions[3],Отдыхайте между подходами 60-90 секунд,,,,,,,,
exercises.items.47.tips[0],Начинайте с меньшего веса и увеличивайте постепенно,,,,,,,,
exercises.items.47.tips[1],Не задерживайте дыхание,,,,,,,,
exercises.items.47.tips[2],Выполняйте 2-3 раза в неделю,,,,,,,,
exercises.items.47.tips[3],При усталости снижайте нагрузку,,,,,,,,
exercises.items.48.title,Приседания на одной ноге,,,,,,,,
exercises.items.48.description,Приседания на одной ноге с вытянутой вперед другой ногой. 3 подхода по 8-10 повторений на каждую ногу.,,,,,,,,
exercises.items.48.benefits[0],Увеличивает мышечную силу,,,,,,,,
exercises.items.48.benefits[1],Улучшает мышечную выносливость,,,,,,,,
exercises.items.48.benefits[2],Развивает функциональную силу,,,,,,,,
exercises.items.48.benefits[3],Укрепляет опорно-двигательный аппарат,,,,,,,,
exercises.items.48.instructions[0],Выполните разминку перед упражнением,,,,,,,,
exercises.items.48.instructions[1],Следите за правильной техникой выполнения,,,,,,,,
exercises.items.48.instructions[2],Контролируйте дыхание - выдох на усилии,,,,,,,,
exercises.items.48.instructions[3],Отдыхайте между подходами 60-90 секунд,,,,,,,,
exercises.items.48.tips[0],Начинайте с меньшего веса и увеличивайте постепенно,,,,,,,,
exercises.items.48.tips[1],Не задерживайте дыхание,,,,,,,,
exercises.items.48.tips[2],Выполняйте 2-3 раза в неделю,,,,,,,,
exercises.items.48.tips[3],При усталости снижайте нагрузку,,,,,,,,
exercises.items.49.title,Босу-мяч упражнения,,,,,,,,
exercises.items.49.description,Упражнения на нестабильной поверхности для развития баланса. 15-20 минут различных движений.,,,,,,,,
exercises.items.49.benefits[0],Увеличивает мышечную силу,,,,,,,,
exercises.items.49.benefits[1],Улучшает мышечную выносливость,,,,,,,,
exercises.items.49.benefits[2],Развивает функциональную силу,,,,,,,,
exercises.items.49.benefits[3],Укрепляет опорно-двигательный аппарат,,,,,,,,
exercises.items.49.instructions[0],Выполните разминку перед упражнением,,,,,,,,
exercises.items.49.instructions[1],Следите за правильной техникой выполнения,,,,,,,,
exercises.items.49.instructions[2],Контролируйте дыхание - выдох на усилии,,,,,,,,
exercises.items.49.instructions[3],Отдыхайте между подходами 60-90 секунд,,,,,,,,
exercises.items.49.tips[0],Начинайте с меньшего веса и увеличивайте постепенно,,,,,,,,
exercises.items.49.tips[1],Не задерживайте дыхание,,,,,,,,
exercises.items.49.tips[2],Выполняйте 2-3 раза в неделю,,,,,,,,
exercises.items.49.tips[3],При усталости снижайте нагрузку,,,,,,,,
exercises.items.50.title,Йога-баланс,,,,,,,,
exercises.items.50.description,"Поза дерева, поза воина III, поза орла для развития баланса. Удержание каждой позы 30-60 секунд.",,,,,,,,
exercises.items.50.benefits[0],Развивает координацию движений,,,,,,,,
exercises.items.50.benefits[1],Улучшает баланс и равновесие,,,,,,,,
exercises.items.50.benefits[2],Повышает ловкость,,,,,,,,
exercises.items.50.benefits[3],Развивает нейромышечную связь,,,,,,,,
exercises.items.50.instructions[0],Начните с медленного темпа,,,,,,,,
exercises.items.50.instructions[1],Сосредоточьтесь на точности движений,,,,,,,,
exercises.items.50.instructions[2],Постепенно увеличивайте скорость,,,,,,,,
exercises.items.50.instructions[3],Повторяйте до автоматизма,,,,,,,,
exercises.items.50.tips[0],Практикуйтесь регулярно,,,,,,,,
exercises.items.50.tips[1],Не торопитесь - точность важнее скорости,,,,,,,,
exercises.items.50.tips[2],Используйте зрительные ориентиры,,,,,,,,
exercises.items.50.tips[3],Тренируйтесь в разных условиях,,,,,,,,
exercises.items.51.title,Ходьба по бревну,,,,,,,,
exercises.items.51.description,Ходьба по узкому бревну или доске для развития равновесия. 5 проходов туда-обратно.,,,,,,,,
exercises.items.51.benefits[0],Увеличивает мышечную силу,,,,,,,,
exercises.items.51.benefits[1],Улучшает мышечную выносливость,,,,,,,,
exercises.items.51.benefits[2],Развивает функциональную силу,,,,,,,,
exercises.items.51.benefits[3],Укрепляет опорно-двигательный аппарат,,,,,,,,
exercises.items.51.instructions[0],Выполните разминку перед упражнением,,,,,,,,
exercises.items.51.instructions[1],Следите за правильной техникой выполнения,,,,,,,,
exercises.items.51.instructions[2],Контролируйте дыхание - выдох на усилии,,,,,,,,
exercises.items.51.instructions[3],Отдыхайте между подходами 60-90 секунд,,,,,,,,
exercises.items.51.tips[0],Начинайте с меньшего веса и увеличивайте постепенно,,,,,,,,
exercises.items.51.tips[1],Не задерживайте дыхание,,,,,,,,
exercises.items.51.tips[2],Выполняйте 2-3 раза в неделю,,,,,,,,
exercises.items.51.tips[3],При усталости снижайте нагрузку,,,,,,,,
exercises.items.52.title,Стойка на руках у стены,,,,,,,,
exercises.items.52.description,Стойка на руках с опорой на стену для развития баланса верхней части тела. 3 подхода по 20 секунд.,,,,,,,,
exercises.items.52.benefits[0],Увеличивает мышечную силу,,,,,,,,
exercises.items.52.benefits[1],Улучшает мышечную выносливость,,,,,,,,
exercises.items.52.benefits[2],Развивает функциональную силу,,,,,,,,
exercises.items.52.benefits[3],Укрепляет опорно-двигательный аппарат,,,,,,,,
exercises.items.52.instructions[0],Выполните разминку перед упражнением,,,,,,,,
exercises.items.52.instructions[1],Следите за правильной техникой выполнения,,,,,,,,
exercises.items.52.instructions[2],Контролируйте дыхание - выдох на усилии,,,,,,,,
exercises.items.52.instructions[3],Отдыхайте между подходами 60-90 секунд,,,,,,,,
exercises.items.52.tips[0],Начинайте с меньшего веса и увеличивайте постепенно,,,,,,,,
exercises.items.52.tips[1],Не задерживайте дыхание,,,,,,,,
exercises.items.52.tips[2],Выполняйте 2-3 раза в неделю,,,,,,,,
exercises.items.52.tips[3],При усталости снижайте нагрузку,,,,,,,,
exercises.items.53.title,Фартлек,,,,,,,,
exercises.items.53.description,"Бег с переменной интенсивностью: быстрый бег 2 минуты, медленный 1 минута. 30 минут общей работы.",,,,,,,,
exercises.items.53.benefits[0],Увеличивает мышечную силу,,,,,,,,
exercises.items.53.benefits[1],Улучшает мышечную выносливость,,,,,,,,
exercises.items.53.benefits[2],Развивает функциональную силу,,,,,,,,
exercises.items.53.benefits[3],Укрепляет опорно-двигательный аппарат,,,,,,,,
exercises.items.53.instructions[0],Выполните разминку перед упражнением,,,,,,,,
exercises.items.53.instructions[1],Следите за правильной техникой выполнения,,,,,,,,
exercises.items.53.instructions[2],Контролируйте дыхание - выдох на усилии,,,,,,,,
exercises.items.53.instructions[3],Отдыхайте между подходами 60-90 секунд,,,,,,,,
exercises.items.53.tips[0],Начинайте с меньшего веса и увеличивайте постепенно,,,,,,,,
exercises.items.53.tips[1],Не задерживайте дыхание,,,,,,,,
exercises.items.53.tips[2],Выполняйте 2-3 раза в неделю,,,,,,,,
exercises.items.53.tips[3],При усталости снижайте нагрузку,,,,,,,,
exercises.items.54.title,Повторные спринты,,,,,,,,
exercises.items.54.description,Спринты на 100 метров с отдыхом 2-3 минуты. 6-8 повторений для развития скоростной выносливости.,,,,,,,,
exercises.items.54.benefits[0],Увеличивает мышечную силу,,,,,,,,
exercises.items.54.benefits[1],Улучшает мышечную выносливость,,,,,,,,
exercises.items.54.benefits[2],Развивает функциональную силу,,,,,,,,
exercises.items.54.benefits[3],Укрепляет опорно-двигательный аппарат,,,,,,,,
exercises.items.54.instructions[0],Выполните разминку перед упражнением,,,,,,,,
exercises.items.54.instructions[1],Следите за правильной техникой выполнения,,,,,,,,
exercises.items.54.instructions[2],Контролируйте дыхание - выдох на усилии,,,,,,,,
exercises.items.54.instructions[3],Отдыхайте между подходами 60-90 секунд,,,,,,,,
exercises.items.54.tips[0],Начинайте с меньшего веса и увеличивайте постепенно,,,,,,,,
exercises.items.54.tips[1],Не задерживайте дыхание,,,,,,,,
exercises.items.54.tips[2],Выполняйте 2-3 раза в неделю,,,,,,,,
exercises.items.54.tips[3],При усталости снижайте нагрузку,,,,,,,,
exercises.items.55.title,Интервалы на велосипеде,,,,,,,,
exercises.items.55.description,"30 секунд максимальной нагрузки, 90 секунд восстановления. 20 циклов для развития скоростной выносливости.",,,,,,,,
exercises.items.55.benefits[0],Улучшает сердечно-сосудистую выносливость,,,,,,,,
exercises.items.55.benefits[1],Развивает аэробную выносливость,,,,,,,,
exercises.items.55.benefits[2],Сжигает калории эффективно,,,,,,,,
exercises.items.55.benefits[3],Укрепляет сердечную мышцу,,,,,,,,
exercises.items.55.instructions[0],Начните с легкой разминки 5-10 минут,,,,,,,,
exercises.items.55.instructions[1],Поддерживайте целевую частоту пульса,,,,,,,,
exercises.items.55.instructions[2],Следите за дыханием - дышите глубоко,,,,,,,,
exercises.items.55.instructions[3],Завершите заминкой и растяжкой,,,,,,,,
exercises.items.55.tips[0],Постепенно увеличивайте продолжительность,,,,,,,,
exercises.items.55.tips[1],Пейте воду во время тренировки,,,,,,,,
exercises.items.55.tips[2],Выполняйте 3-4 раза в неделю,,,,,,,,
exercises.items.55.tips[3],Слушайте свой организм,,,,,,,,
exercises.items.56.title,Бег по холмам,,,,,,,,
exercises.items.56.description,"Бег вверх по холму с максимальной скоростью, спуск трусцой. 8-10 подъемов.",,,,,,,,
exercises.items.56.benefits[0],Улучшает сердечно-сосудистую выносливость,,,,,,,,
exercises.items.56.benefits[1],Развивает аэробную выносливость,,,,,,,,
exercises.items.56.benefits[2],Сжигает калории эффективно,,,,,,,,
exercises.items.56.benefits[3],Укрепляет сердечную мышцу,,,,,,,,
exercises.items.56.instructions[0],Начните с легкой разминки 5-10 минут,,,,,,,,
exercises.items.56.instructions[1],Поддерживайте целевую частоту пульса,,,,,,,,
exercises.items.56.instructions[2],Следите за дыханием - дышите глубоко,,,,,,,,
exercises.items.56.instructions[3],Завершите заминкой и растяжкой,,,,,,,,
exercises.items.56.tips[0],Постепенно увеличивайте продолжительность,,,,,,,,
exercises.items.56.tips[1],Пейте воду во время тренировки,,,,,,,,
exercises.items.56.tips[2],Выполняйте 3-4 раза в неделю,,,,,,,,
exercises.items.56.tips[3],Слушайте свой организм,,,,,,,,
exercises.items.57.title,Плиометрические круги,,,,,,,,
exercises.items.57.description,Круг из 5-6 плиометрических упражнений без отдыха. 4-5 кругов с отдыхом 2 минуты между ними.,,,,,,,,
exercises.items.57.benefits[0],Увеличивает мышечную силу,,,,,,,,
exercises.items.57.benefits[1],Улучшает мышечную выносливость,,,,,,,,
exercises.items.57.benefits[2],Развивает функциональную силу,,,,,,,,
exercises.items.57.benefits[3],Укрепляет опорно-двигательный аппарат,,,,,,,,
exercises.items.57.instructions[0],Выполните разминку перед упражнением,,,,,,,,
exercises.items.57.instructions[1],Следите за правильной техникой выполнения,,,,,,,,
exercises.items.57.instructions[2],Контролируйте дыхание - выдох на усилии,,,,,,,,
exercises.items.57.instructions[3],Отдыхайте между подходами 60-90 секунд,,,,,,,,
exercises.items.57.tips[0],Начинайте с меньшего веса и увеличивайте постепенно,,,,,,,,
exercises.items.57.tips[1],Не задерживайте дыхание,,,,,,,,
exercises.items.57.tips[2],Выполняйте 2-3 раза в неделю,,,,,,,,
exercises.items.57.tips[3],При усталости снижайте нагрузку,,,,,,,,
exercises.items.58.title,Легкая растяжка,,,,,,,,
exercises.items.58.description,Мягкая растяжка всех основных групп мышц после тренировки. 15-20 минут для ускорения восстановления.,,,,,,,,
exercises.items.58.benefits[0],Улучшает гибкость и подвижность,,,,,,,,
exercises.items.58.benefits[1],Снимает мышечное напряжение,,,,,,,,
exercises.items.58.benefits[2],Предотвращает травмы,,,,,,,,
exercises.items.58.benefits[3],Улучшает восстановление после тренировок,,,,,,,,
exercises.items.58.instructions[0],Разогрейтесь перед растяжкой,,,,,,,,
exercises.items.58.instructions[1],Растягивайтесь медленно и плавно,,,,,,,,
exercises.items.58.instructions[2],Удерживайте позицию 20-30 секунд,,,,,,,,
exercises.items.58.instructions[3],Не допускайте резкой боли,,,,,,,,
exercises.items.58.tips[0],Дышите глубоко во время растяжки,,,,,,,,
exercises.items.58.tips[1],Не делайте резких движений,,,,,,,,
exercises.items.58.tips[2],Выполняйте ежедневно для лучшего результата,,,,,,,,
exercises.items.58.tips[3],Растягивайтесь после тренировки,,,,,,,,
exercises.items.59.title,Фоам-роллинг,,,,,,,,
exercises.items.59.description,Массаж мышц с помощью ролика для снятия напряжения. 10-15 минут на основные группы мышц.,,,,,,,,
exercises.items.59.benefits[0],Увеличивает мышечную силу,,,,,,,,
exercises.items.59.benefits[1],Улучшает мышечную выносливость,,,,,,,,
exercises.items.59.benefits[2],Развивает функциональную силу,,,,,,,,
exercises.items.59.benefits[3],Укрепляет опорно-двигательный аппарат,,,,,,,,
exercises.items.59.instructions[0],Выполните разминку перед упражнением,,,,,,,,
exercises.items.59.instructions[1],Следите за правильной техникой выполнения,,,,,,,,
exercises.items.59.instructions[2],Контролируйте дыхание - выдох на усилии,,,,,,,,
exercises.items.59.instructions[3],Отдыхайте между подходами 60-90 секунд,,,,,,,,
exercises.items.59.tips[0],Начинайте с меньшего веса и увеличивайте постепенно,,,,,,,,
exercises.items.59.tips[1],Не задерживайте дыхание,,,,,,,,
exercises.items.59.tips[2],Выполняйте 2-3 раза в неделю,,,,,,,,
exercises.items.59.tips[3],При усталости снижайте нагрузку,,,,,,,,
exercises.items.60.title,Легкий бег,,,,,,,,
exercises.items.60.description,Бег трусцой в низком темпе для активного восстановления. 15-20 минут.,,,,,,,,
exercises.items.60.benefits[0],Улучшает сердечно-сосудистую выносливость,,,,,,,,
exercises.items.60.benefits[1],Развивает аэробную выносливость,,,,,,,,
exercises.items.60.benefits[2],Сжигает калории эффективно,,,,,,,,
exercises.items.60.benefits[3],Укрепляет сердечную мышцу,,,,,,,,
exercises.items.60.instructions[0],Начните с легкой разминки 5-10 минут,,,,,,,,
exercises.items.60.instructions[1],Поддерживайте целевую частоту пульса,,,,,,,,
exercises.items.60.instructions[2],Следите за дыханием - дышите глубоко,,,,,,,,
exercises.items.60.instructions[3],Завершите заминкой и растяжкой,,,,,,,,
exercises.items.60.tips[0],Постепенно увеличивайте продолжительность,,,,,,,,
exercises.items.60.tips[1],Пейте воду во время тренировки,,,,,,,,
exercises.items.60.tips[2],Выполняйте 3-4 раза в неделю,,,,,,,,
exercises.items.60.tips[3],Слушайте свой организм,,,,,,,,
exercises.items.61.title,Плавание,,,,,,,,
exercises.items.61.description,Легкое плавание в бассейне для расслабления мышц и восстановления. 20-30 минут.,,,,,,,,
exercises.items.61.benefits[0],Увеличивает мышечную силу,,,,,,,,
exercises.items.61.benefits[1],Улучшает мышечную выносливость,,,,,,,,
exercises.items.61.benefits[2],Развивает функциональную силу,,,,,,,,
exercises.items.61.benefits[3],Укрепляет опорно-двигательный аппарат,,,,,,,,
exercises.items.61.instructions[0],Выполните разминку перед упражнением,,,,,,,,
exercises.items.61.instructions[1],Следите за правильной техникой выполнения,,,,,,,,
exercises.items.61.instructions[2],Контролируйте дыхание - выдох на усилии,,,,,,,,
exercises.items.61.instructions[3],Отдыхайте между подходами 60-90 секунд,,,,,,,,
exercises.items.61.tips[0],Начинайте с меньшего веса и увеличивайте постепенно,,,,,,,,
exercises.items.61.tips[1],Не задерживайте дыхание,,,,,,,,
exercises.items.61.tips[2],Выполняйте 2-3 раза в неделю,,,,,,,,
exercises.items.61.tips[3],При усталости снижайте нагрузку,,,,,,,,
exercises.items.62.title,Велосипед восстановления,,,,,,,,
exercises.items.62.description,Легкая езда на велосипеде в низком темпе для активного восстановления. 20-25 минут.,,,,,,,,
exercises.items.62.benefits[0],Улучшает сердечно-сосудистую выносливость,,,,,,,,
exercises.items.62.benefits[1],Развивает аэробную выносливость,,,,,,,,
exercises.items.62.benefits[2],Сжигает калории эффективно,,,,,,,,
exercises.items.62.benefits[3],Укрепляет сердечную мышцу,,,,,,,,
exercises.items.62.instructions[0],Начните с легкой разминки 5-10 минут,,,,,,,,
exercises.items.62.instructions[1],Поддерживайте целевую частоту пульса,,,,,,,,
exercises.items.62.instructions[2],Следите за дыханием - дышите глубоко,,,,,,,,
exercises.items.62.instructions[3],Завершите заминкой и растяжкой,,,,,,,,
exercises.items.62.tips[0],Постепенно увеличивайте продолжительность,,,,,,,,
exercises.items.62.tips[1],Пейте воду во время тренировки,,,,,,,,
exercises.items.62.tips[2],Выполняйте 3-4 раза в неделю,,,,,,,,
exercises.items.62.tips[3],Слушайте свой организм,,,,,,,,
exercises.items.63.title,Йога восстановления,,,,,,,,
exercises.items.63.description,Мягкие асаны для расслабления мышц и ускорения восстановления. 20 минут.,,,,,,,,
exercises.items.63.benefits[0],Увеличивает мышечную силу,,,,,,,,
exercises.items.63.benefits[1],Улучшает мышечную выносливость,,,,,,,,
exercises.items.63.benefits[2],Развивает функциональную силу,,,,,,,,
exercises.items.63.benefits[3],Укрепляет опорно-двигательный аппарат,,,,,,,,
exercises.items.63.instructions[0],Выполните разминку перед упражнением,,,,,,,,
exercises.items.63.instructions[1],Следите за правильной техникой выполнения,,,,,,,,
exercises.items.63.instructions[2],Контролируйте дыхание - выдох на усилии,,,,,,,,
exercises.items.63.instructions[3],Отдыхайте между подходами 60-90 секунд,,,,,,,,
exercises.items.63.tips[0],Начинайте с меньшего веса и увеличивайте постепенно,,,,,,,,
exercises.items.63.tips[1],Не задерживайте дыхание,,,,,,,,
exercises.items.63.tips[2],Выполняйте 2-3 раза в неделю,,,,,,,,
exercises.items.63.tips[3],При усталости снижайте нагрузку,,,,,,,,
exercises.items.64.title,Растяжка с резинкой,,,,,,,,
exercises.items.64.description,Упражнения на растяжку с использованием резиновой ленты,,,,,,,,
exercises.items.64.benefits[0],Улучшает гибкость суставов,,,,,,,,
exercises.items.64.benefits[1],Укрепляет связки,,,,,,,,
exercises.items.64.benefits[2],Снимает мышечное напряжение,,,,,,,,
exercises.items.64.benefits[3],Повышает диапазон движений,,,,,,,,
exercises.items.64.instructions[0],Выберите подходящую резинку,,,,,,,,
exercises.items.64.instructions[1],Выполняйте медленные движения,,,,,,,,
exercises.items.64.instructions[2],Удерживайте растяжку 20-30 секунд,,,,,,,,
exercises.items.64.instructions[3],Повторите каждое упражнение 3-5 раз,,,,,,,,
exercises.items.64.tips[0],Начинайте с легкой резинки,,,,,,,,
exercises.items.64.tips[1],Не допускайте боли,,,,,,,,
exercises.items.64.tips[2],Дышите равномерно,,,,,,,,
exercises.items.64.tips[3],Постепенно увеличивайте сопротивление,,,,,,,,
exercises.items.64.equipment,Резиновая лента,,,,,,,,
exercises.items.64.calories,35-55 ккал,,,,,,,,
exercises.items.65.title,Контрастный душ,,,,,,,,
exercises.items.65.description,Чередование горячей и холодной воды для улучшения кровообращения и восстановления. 5-7 минут.,,,,,,,,
exercises.items.65.benefits[0],Увеличивает мышечную силу,,,,,,,,
exercises.items.65.benefits[1],Улучшает мышечную выносливость,,,,,,,,
exercises.items.65.benefits[2],Развивает функциональную силу,,,,,,,,
exercises.items.65.benefits[3],Укрепляет опорно-двигательный аппарат,,,,,,,,
exercises.items.65.instructions[0],Выполните разминку перед упражнением,,,,,,,,
exercises.items.65.instructions[1],Следите за правильной техникой выполнения,,,,,,,,
exercises.items.65.instructions[2],Контролируйте дыхание - выдох на усилии,,,,,,,,
exercises.items.65.instructions[3],Отдыхайте между подходами 60-90 секунд,,,,,,,,
exercises.items.65.tips[0],Начинайте с меньшего веса и увеличивайте постепенно,,,,,,,,
exercises.items.65.tips[1],Не задерживайте дыхание,,,,,,,,
exercises.items.65.tips[2],Выполняйте 2-3 раза в неделю,,,,,,,,
exercises.items.65.tips[3],При усталости снижайте нагрузку,,,,,,,,
items.autograph,автограф,,,,,,,,
items.stick,клюшку,,,,,,,,
items.puck,шайбу,,,,,,,,
items.jersey,джерси,,,,,,,,
requests.pending,Ожидает ответа,,,,,,,,
requests.accepted,Принят,,,,,,,,
requests.rejected,Отклонен,,,,,,,,
requests.giftRequests,Запросы подарков,,,,,,,,
auth.login,Выход на лед,,,,,,,,
auth.register,Регистрация,,,,,,,,
auth.phone,Телефон,,,,,,,,
auth.phonePlaceholder,+1234567890,,,,,,,,
auth.phoneHint,Введите номер телефона с кодом страны,,,,,,,,
auth.code,Код подтверждения,,,,,,,,
auth.codePlaceholder,Введите код,,,,,,,,
auth.sendCode,Отправить код,,,,,,,,
auth.resendCode,Повторить через,,,,,,,,
auth.verifyCode,Подтвердить код,,,,,,,,
auth.invalidPhone,Неверный формат номера телефона,,,,,,,,
auth.invalidCode,Неверный код подтверждения,,,,,,,,
auth.codeSent,Код отправлен на,,,,,,,,
auth.codeResent,Код повторно отправлен,,,,,,,,
auth.required,Требуется авторизация,,,,,,,,
auth.loginRequired,Для просмотра профиля игрока необходимо войти в систему,,,,,,,,
auth.welcomeBack,С возвращением!,,,,,,,,
auth.welcomeBackMessage,"Добро пожаловать обратно, {name}!",,,,,,,,
auth.codeSentSuccess,Код отправлен!,,,,,,,,
auth.codeSentMessage,Проверьте SMS на вашем телефоне и введите код подтверждения,,,,,,,,
auth.userNotFound,Пользователь не найден,,,,,,,,
auth.userNotFoundMessage,"Аккаунт с таким номером телефона не существует. Пожалуйста, зарегистрируйтесь.",,,,,,,,
auth.errorSendingCode,Ошибка,,,,,,,,
auth.errorSendingCodeMessage,Не удалось отправить код. Проверьте номер телефона и подключение к интернету.,,,,,,,,
auth.errorResendingCode,Ошибка,,,,,,,,
auth.errorResendingCodeMessage,Не удалось отправить код повторно,,,,,,,,
auth.errorVerifyingCode,Ошибка,,,,,,,,
auth.errorVerifyingCodeMessage,Произошла ошибка при проверке кода,,,,,,,,
auth.errorSendingCodeGeneral,Не удалось отправить код. Попробуйте еще раз.,,,,,,,,
auth.errorSendingCodeResend,Не удалось отправить код повторно,,,,,,,,
auth.errorInvalidCode,"Пожалуйста, введите 6-значный код",,,,,,,,
auth.errorRegistration,Не удалось завершить регистрацию,,,,,,,,
auth.errorLoginRequired,Необходимо войти в профиль,,,,,,,,
auth.errorLoginRequiredMessage,Необходимо войти в профиль для отправки сообщений,,,,,,,,
auth.errorLoginRequiredFriends,Необходимо войти в профиль для добавления в друзья,,,,,,,,
auth.errorRemoveFriend,Не удалось удалить из друзей,,,,,,,,
auth.errorSendFriendRequest,Не удалось отправить запрос дружбы,,,,,,,,
auth.errorCancelRequest,Не удалось отменить запрос,,,,,,,,
auth.errorAcceptRequest,Не удалось принять запрос,,,,,,,,
auth.errorManageFriends,Произошла ошибка при управлении друзьями,,,,,,,,
auth.errorRejectRequest,Не удалось отклонить запрос,,,,,,,,
auth.errorRejectRequestGeneral,Произошла ошибка при отклонении запроса,,,,,,,,
auth.errorOpenLink,Не удалось открыть ссылку,,,,,,,,
auth.errorDataNotFound,Данные не найдены,,,,,,,,
auth.errorNoEditRights,У вас нет прав для редактирования этого профиля,,,,,,,,
auth.errorClearTeams,Не удалось очистить старые данные команд,,,,,,,,
auth.errorSaveTeams,Не удалось сохранить команды,,,,,,,,
auth.errorSaveChanges,Не удалось сохранить изменения,,,,,,,,
auth.errorAdminOnly,Только администратор может удалять пользователей,,,,,,,,
auth.errorPlayerNotFound,Данные игрока не найдены,,,,,,,,
auth.errorDeleteUser,Не удалось удалить пользователя,,,,,,,,
auth.errorCreateUser,Не удалось создать пользователя,,,,,,,,
auth.errorFillNamePhone,"Пожалуйста, заполните имя и номер телефона",,,,,,,,
auth.errorLoadNotifications,Не удалось загрузить уведомления,,,,,,,,
auth.errorGetNotifications,Не удалось получить уведомления,,,,,,,,
auth.errorClearNotifications,Не удалось очистить уведомления,,,,,,,,
auth.errorInvalidNotificationData,Некорректные данные уведомления,,,,,,,,
auth.errorProcessNotification,Не удалось обработать уведомление. Попробуйте еще раз.,,,,,,,,
auth.errorProcessNotificationGeneral,Не удалось обработать уведомление. Попробуйте еще раз.,,,,,,,,
auth.errorProcessFriendRequest,Не удалось обработать запрос в друзья,,,,,,,,
auth.errorProcessRequest,Не удалось обработать запрос,,,,,,,,
auth.errorSendMessage,Не удалось отправить сообщение,,,,,,,,
profile.addFriend,Добавить в друзья,,,,,,,,
profile.addFriendQuestion,Хотите добавить {name} в друзья?,,,,,,,,
profile.loading,Загрузка...,,,,,,,,
profile.basicInfo,Основная информация,,,,,,,,
profile.physicalData,Физические данные,,,,,,,,
profile.country,Страна,,,,,,,,
profile.position,Позиция,,,,,,,,
profile.number,Номер,,,,,,,,
profile.grip,хват,,,,,,,,
profile.birthDate,Дата рождения,,,,,,,,
profile.Левый,Левый,,,,,,,,
profile.Правый,Правый,,,,,,,,
profile.Center,Центральный нападающий,,,,,,,,
profile.Winger,Крайний нападающий,,,,,,,,
profile.Defender,Защитник,,,,,,,,
profile.Goalie,Вратарь,,,,,,,,
profile.height,Рост,,,,,,,,
profile.weight,Вес,,,,,,,,
profile.age,Возраст,,,,,,,,
profile.team,Команда,,,,,,,,
profile.status,Статус,,,,,,,,
profile.player,Игрок,,,,,,,,
profile.coach,Тренер,,,,,,,,
profile.scout,Скаут,,,,,,,,
profile.admin,Техподдержка,,,,,,,,
profile.star,Звезда,,,,,,,,
profile.shop,Хоккейный магазин,,,,,,,,
profile.notSpecified,Не указано,,,,,,,,
profile.yearsOld,лет,,,,,,,,
profile.cm,см,,,,,,,,
profile.kg,кг,,,,,,,,
profile.left,Левый,,,,,,,,
profile.right,Правый,,,,,,,,
profile.center,Центральный нападающий,,,,,,,,
profile.winger,Крайний нападающий,,,,,,,,
profile.defender,Защитник,,,,,,,,
profile.goalie,Вратарь,,,,,,,,
profile.Left,Левый,,,,,,,,
profile.Right,Правый,,,,,,,,
profile.inHockey,В хоккее,,,,,,,,
profile.lengthInCm,Длина в см,,,,,,,,
profile.additional,Дополнительно,,,,,,,,
profile.cancel,Отмена,,,,,,,,
profile.friends,Друзья,,,,,,,,
profile.friendship,Дружба,,,,,,,,
profile.statistics,Статистика текущего сезона,,,,,,,,
profile.teams,Команды,,,,,,,,
profile.currentTeams,Текущие команды,,,,,,,,
profile.pastTeams,Прошлые команды,,,,,,,,
profile.teamInfo,Информация о команде,,,,,,,,
profile.videoMoments,Видео моментов,,,,,,,,
profile.standards,Нормативы,,,,,,,,
profile.achievements,Достижения,,,,,,,,
profile.noAchievements,Нет достижений,,,,,,,,
profile.hockeyPhotos,Хоккейные фото,,,,,,,,
profile.photos,Фото,,,,,,,,
profile.museum,Музей,,,,,,,,
profile.youAreFriendsWith,Вы друзья с,,,,,,,,
profile.addToFriends,Добавить в друзья,,,,,,,,
profile.addToFriendsToSeeStandards,"Добавьте {name} в друзья, чтобы увидеть нормативы",,,,,,,,
profile.addToFriendsToSeePhotos,"Добавьте {name} в друзья, чтобы увидеть хоккейные фото",,,,,,,,
profile.addToFriendsToSeeMuseum,"Добавьте {name} в друзья, чтобы увидеть музей",,,,,,,,
profile.removeFromFriends,Удалить из друзей,,,,,,,,
profile.points,очков,,,,,,,,
profile.friendsCount,друзей,,,,,,,,
profile.friendsCountStats,друзья,,,,,,,,
profile.seconds,сек,,,,,,,,
profile.times,раз,,,,,,,,
profile.sprint,Стометровка,,,,,,,,
profile.Центральный нападающий,Центральный нападающий,,,,,,,,
profile.Крайний нападающий,Крайний нападающий,,,,,,,,
profile.Защитник,Защитник,,,,,,,,
profile.Вратарь,Вратарь,,,,,,,,
profile.настоящее время,настоящее время,,,,,,,,
profile.goals,голы,,,,,,,,
profile.assists,передач,,,,,,,,
profile.games,игры,,,,,,,,
profile.pullUps,Подтягивания,,,,,,,,
profile.pushUps,Отжимания,,,,,,,,
profile.plankTime,планка (сек),,,,,,,,
profile.sprint100m,100м (сек),,,,,,,,
profile.longJump,Прыжок в длину,,,,,,,,
profile.jumpRope,Скакалка,,,,,,,,
profile.goalsCount,голов,,,,,,,,
profile.gamesCount,игр,,,,,,,,
profile.belarus,Беларусь,,,,,,,,
profile.usa,США,,,,,,,,
profile.russia,Россия,,,,,,,,
profile.canada,Канада,,,,,,,,
profile.finland,Финляндия,,,,,,,,
profile.sweden,Швеция,,,,,,,,
profile.czech,Чехия,,,,,,,,
profile.slovakia,Словакия,,,,,,,,
profile.germany,Германия,,,,,,,,
profile.switzerland,Швейцария,,,,,,,,
profile.austria,Австрия,,,,,,,,
profile.norway,Норвегия,,,,,,,,
profile.denmark,Дания,,,,,,,,
profile.latvia,Латвия,,,,,,,,
profile.lithuania,Литва,,,,,,,,
profile.estonia,Эстония,,,,,,,,
profile.ukraine,Украина,,,,,,,,
profile.kazakhstan,Казахстан,,,,,,,,
profile.squats,Приседания,,,,,,,,
profile.plank,Планка,,,,,,,,
profile.leftShort,Л,,,,,,,,
profile.rightShort,П,,,,,,,,
profile.startedHockey,В хоккее с,,,,,,,,
profile.noFriendsYet,У {name} пока нет друзей,,,,,,,,
profile.beFirstToAdd,"Будьте первым, кто добавит {name} в друзья",,,,,,,,
profile.writeMessage,Написать сообщение,,,,,,,,
profile.edit,Редактировать,,,,,,,,
profile.deleteUser,Удалить пользователя,,,,,,,,
profile.noExercisesYet,"Игрок ещё не выполнил ни одного
упражнения",,,,,,,,
profile.noGiftsYet,Пока нет полученных подарков,,,,,,,,
profile.editProfile,Редактировать профиль,,,,,,,,
profile.writeToSupport,Написать в техподдержку,,,,,,,,
profile.noExercisesOwn,Вы ещё не выполнили ни одного упражнения,,,,,,,,
profile.noExercisesOther,Игрок ещё не выполнил ни одного упражнения,,,,,,,,
profile.removedFromFriends,{name} удален из друзей,,,,,,,,
profile.removeFriendError,Не удалось удалить из друзей,,,,,,,,
profile.friendRequestSent,Запрос дружбы отправлен,,,,,,,,
profile.friendshipAccepted,{name} добавлен в друзья,,,,,,,,
profile.cancelRequest,Отменить запрос,,,,,,,,
profile.friendRequestError,Не удалось отправить запрос дружбы,,,,,,,,
profile.friendRequestAcceptError,Не удалось принять запрос,,,,,,,,
profile.friendRequestCancelled,Запрос дружбы отменен,,,,,,,,
profile.friendRequestCancelError,Не удалось отменить запрос,,,,,,,,
profile.deleteUserConfirm,"Вы уверены, что хотите удалить пользователя ""{{name}}""? Это действие нельзя отменить.",,,,,,,,
profile.userDeleted,"Пользователь ""{{name}}"" удален",,,,,,,,
profile.wantsToAddYouToFriends,{{name}} хочет добавить вас в друзья,,,,,,,,
profile.friendRequestReceived,{{name}} хочет добавить вас в друзья,,,,,,,,
profile.loadingProfile,Загрузка профиля...,,,,,,,,
profile.playerNotFound,Игрок не найден,,,,,,,,
profile.addAchievement,Добавить достижение,,,,,,,,
profile.editAchievement,Редактировать достижение,,,,,,,,
profile.competitionName,Название соревнования,,,,,,,,
profile.year,Год,,,,,,,,
profile.place,Место,,,,,,,,
profile.description,Описание (необязательно),,,,,,,,
profile.shopName,Название магазина,,,,,,,,
profile.address,Адрес,,,,,,,,
profile.map,Карта,,,,,,,,
profile.workingHours,Часы работы,,,,,,,,
profile.discountForFriends,Скидка для друзей,,,,,,,,
profile.hockeyShop,Хоккейный магазин,,,,,,,,
profile.nameHint,Используйте только латинские буквы,,,,,,,,
profile.photo,Фото,,,,,,,,
profile.selectPhoto,Выбрать фото,,,,,,,,
profile.logo,Логотип,,,,,,,,
profile.selectLogo,Выбрать логотип,,,,,,,,
profile.selectCountry,Выберите страну,,,,,,,,
profile.searchCountry,Поиск страны,,,,,,,,
profile.errorEnterCompetition,Введите название соревнования,,,,,,,,
profile.errorEnterYear,Введите корректный год,,,,,,,,
profile.grips.Левый,Левый,,,,,,,,
profile.grips.Правый,Правый,,,,,,,,
profile.countries.Канада,Канада,,,,,,,,
profile.countries.США,США,,,,,,,,
profile.countries.Россия,Россия,,,,,,,,
profile.countries.Швеция,Швеция,,,,,,,,
profile.countries.Финляндия,Финляндия,,,,,,,,
profile.countries.Чехия,Чехия,,,,,,,,
profile.countries.Словакия,Словакия,,,,,,,,
profile.countries.Швейцария,Швейцария,,,,,,,,
profile.countries.Германия,Германия,,,,,,,,
profile.countries.Австрия,Австрия,,,,,,,,
profile.countries.Норвегия,Норвегия,,,,,,,,
profile.countries.Дания,Дания,,,,,,,,
profile.countries.Латвия,Латвия,,,,,,,,
profile.countries.Литва,Литва,,,,,,,,
profile.countries.Эстония,Эстония,,,,,,,,
profile.countries.Беларусь,Беларусь,,,,,,,,
profile.countries.Украина,Украина,,,,,,,,
profile.countries.Польша,Польша,,,,,,,,
profile.countries.Венгрия,Венгрия,,,,,,,,
profile.countries.Словения,Словения,,,,,,,,
profile.countries.Хорватия,Хорватия,,,,,,,,
profile.countries.Франция,Франция,,,,,,,,
profile.countries.Италия,Италия,,,,,,,,
profile.countries.Испания,Испания,,,,,,,,
profile.countries.Нидерланды,Нидерланды,,,,,,,,
profile.countries.Бельгия,Бельгия,,,,,,,,
profile.countries.Великобритания,Великобритания,,,,,,,,
profile.countries.Исландия,Исландия,,,,,,,,
profile.countries.Люксембург,Люксембург,,,,,,,,
profile.countries.Румыния,Румыния,,,,,,,,
profile.countries.Болгария,Болгария,,,,,,,,
profile.countries.Сербия,Сербия,,,,,,,,
profile.countries.Турция,Турция,,,,,,,,
profile.countries.Казахстан,Казахстан,,,,,,,,
profile.countries.Узбекистан,Узбекистан,,,,,,,,
profile.countries.Китай,Китай,,,,,,,,
profile.countries.Япония,Япония,,,,,,,,
profile.countries.Южная Корея,Южная Корея,,,,,,,,
profile.countries.Тайвань,Тайвань,,,,,,,,
profile.countries.Гонконг,Гонконг,,,,,,,,
profile.countries.Сингапур,Сингапур,,,,,,,,
profile.countries.Малайзия,Малайзия,,,,,,,,
profile.countries.Таиланд,Таиланд,,,,,,,,
profile.countries.Индия,Индия,,,,,,,,
profile.countries.Объединенные Арабские Эмираты,Объединенные Арабские Эмираты,,,,,,,,
profile.countries.Израиль,Израиль,,,,,,,,
profile.countries.Австралия,Австралия,,,,,,,,
profile.countries.Новая Зеландия,Новая Зеландия,,,,,,,,
profile.countries.Мексика,Мексика,,,,,,,,
profile.countries.ЮАР,ЮАР,,,,,,,,
profile.countries.Аргентина,Аргентина,,,,,,,,
profile.positions.center,Центральный нападающий,,,,,,,,
profile.positions.winger,Крайний нападающий,,,,,,,,
profile.positions.defender,Защитник,,,,,,,,
profile.positions.goalie,Вратарь,,,,,,,,
profile.positions.центральный нападающий,центральный нападающий,,,,,,,,
profile.positions.крайний нападающий,крайний нападающий,,,,,,,,
profile.positions.защитник,защитник,,,,,,,,
profile.positions.вратарь,вратарь,,,,,,,,
profile.positions.Центральный нападающий,Центральный нападающий,,,,,,,,
profile.positions.Крайний нападающий,Крайний нападающий,,,,,,,,
profile.positions.Защитник,Защитник,,,,,,,,
profile.positions.Вратарь,Вратарь,,,,,,,,
profile.discountForFriendsHint,"Добавьте магазин в друзья, чтобы получить скидку! Покажите скидку продавцу при покупке",,,,,,,,
register.title,Регистрация,,,,,,,,
register.status,Статус,,,,,,,,
register.player,Игрок,,,,,,,,
register.coach,Тренер,,,,,,,,
register.scout,Скаут,,,,,,,,
register.star,Звезда,,,,,,,,
register.shop,Хоккейный магазин,,,,,,,,
register.phone,Телефон,,,,,,,,
register.name,Имя,,,,,,,,
register.surname,Фамилия,,,,,,,,
register.birthDate,Дата рождения,,,,,,,,
register.country,Страна,,,,,,,,
register.position,Позиция,,,,,,,,
register.grip,Хват,,,,,,,,
register.height,Рост (см),,,,,,,,
register.weight,Вес (кг),,,,,,,,
register.number,Номер,,,,,,,,
register.photo,Фото,,,,,,,,
register.selectPhoto,Выберите фото,,,,,,,,
register.takePhoto,Сделать фото,,,,,,,,
register.chooseFromGallery,Выбрать из галереи,,,,,,,,
register.photoRequired,Фото обязательно,,,,,,,,
register.register,Зарегистрироваться,,,,,,,,
register.back,Назад,,,,,,,,
register.welcome,Добро пожаловать!,,,,,,,,
register.registrationSuccess,Регистрация успешно завершена! Добро пожаловать в HockeyStars!,,,,,,,,
register.selectDate,Выберите дату,,,,,,,,
register.cancel,Отмена,,,,,,,,
register.confirm,Подтвердить,,,,,,,,
register.photoError,Ошибка при загрузке фото,,,,,,,,
navigation.home,Главная,,,,,,,,
navigation.search,Поиск,,,,,,,,
navigation.messages,Сообщения,,,,,,,,
navigation.notifications,Уведомления,,,,,,,,
navigation.profile,Профиль,,,,,,,,
admin.accessDenied,Доступ запрещен,,,,,,,,
admin.onlyAdmins,Только администраторы могут использовать эту функцию,,,,,,,,
admin.error,Ошибка,,,,,,,,
admin.errorLoadingProfile,Не удалось перейти к профилю,,,,,,,,
admin.player,Игрок,,,,,,,,
admin.coach,Тренер,,,,,,,,
admin.scout,Скаут,,,,,,,,
admin.admin,Админ,,,,,,,,
admin.star,Звезда,,,,,,,,
admin.shop,Хоккейный магазин,,,,,,,,
admin.noName,Без имени,,,,,,,,
admin.noPosition,Не указана,,,,,,,,
admin.noTeam,Не указана,,,,,,,,
admin.yearsOld,лет,,,,,,,,
admin.addUser,Добавить пользователя,,,,,,,,
admin.searchPlayers,Поиск игроков...,,,,,,,,
admin.createUser,Создание пользователя,,,,,,,,
admin.basicInfo,Основная информация,,,,,,,,
admin.name,Имя,,,,,,,,
admin.phone,Номер телефона,,,,,,,,
admin.status,Статус,,,,,,,,
admin.position,Позиция,,,,,,,,
admin.number,Номер игрока,,,,,,,,
admin.grip,Хват,,,,,,,,
admin.height,Рост (см),,,,,,,,
admin.weight,Вес (кг),,,,,,,,
admin.country,Страна,,,,,,,,
admin.create,Создать,,,,,,,,
admin.success,Успех,,,,,,,,
admin.userCreated,Пользователь {{name}} создан,,,,,,,,
admin.errorCreatingUser,Не удалось создать пользователя,,,,,,,,
admin.fillRequiredFields,"Пожалуйста, заполните все обязательные поля",,,,,,,,
admin.enterValidPhone,"Пожалуйста, введите корректный номер телефона с кодом страны",,,,,,,,
admin.requiredForPlayers,Для игроков и звезд обязательно указать дату рождения и позицию,,,,,,,,
museum.title,Музей,,,,,,,,
museum.noItems,В музее пока пусто,,,,,,,,
teams.Система,Система,,,,,,,,
teams.Привет,Привет,,,,,,,,
teams.Пираньи,Пираньи,,,,,,,,
teams.Динамо Минск,Динамо Минск,,,,,,,,
teams.Динамо-Минск,Динамо-Минск,,,,,,,,
teams.Юность-Минск,Юность-Минск,,,,,,,,
teams.Юность,Юность,,,,,,,,
teams.Неман,Неман,,,,,,,,
teams.Гомель,Гомель,,,,,,,,
teams.Брест,Брест,,,,,,,,
teams.Витебск,Витебск,,,,,,,,
teams.Львы,Львы,,,,,,,,
teams.Керамин,Керамин,,,,,,,,
teams.Могилев,Могилев,,,,,,,,
teams.Гродно,Гродно,,,,,,,,
teams.Сборная Беларуси,Сборная Беларуси,,,,,,,,
teams.Сборная Минской области,Сборная Минской области,,,,,,,,
teams.Сборная Гомельской области,Сборная Гомельской области,,,,,,,,
teams.Сборная Брестской области,Сборная Брестской области,,,,,,,,
teams.Сборная Витебской области,Сборная Витебской области,,,,,,,,
teams.Сборная Могилевской области,Сборная Могилевской области,,,,,,,,
teams.Сборная Гродненской области,Сборная Гродненской области,,,,,,,,
teams.ХК Минск,ХК Минск,,,,,,,,
teams.ХК Гомель,ХК Гомель,,,,,,,,
teams.ХК Брест,ХК Брест,,,,,,,,
teams.ХК Витебск,ХК Витебск,,,,,,,,
teams.ХК Могилев,ХК Могилев,,,,,,,,
teams.ХК Гродно,ХК Гродно,,,,,,,,
teams.Динамо,Динамо,,,,,,,,
teams.Спартак,Спартак,,,,,,,,
teams.ЦСКА,ЦСКА,,,,,,,,
teams.Салават Юлаев,Салават Юлаев,,,,,,,,
teams.Ак Барс,Ак Барс,,,,,,,,
teams.Металлург,Металлург,,,,,,,,
teams.Трактор,Трактор,,,,,,,,
teams.Авангард,Авангард,,,,,,,,
teams.Сибирь,Сибирь,,,,,,,,
teams.Амур,Амур,,,,,,,,
teams.Адмирал,Адмирал,,,,,,,,
teams.Локомотив,Локомотив,,,,,,,,
teams.Северсталь,Северсталь,,,,,,,,
teams.Витязь,Витязь,,,,,,,,
teams.Сочи,Сочи,,,,,,,,
teams.Торпедо,Торпедо,,,,,,,,
teams.Нефтехимик,Нефтехимик,,,,,,,,
teams.Автомобилист,Автомобилист,,,,,,,,
teams.Югра,Югра,,,,,,,,
teams.Барыс,Барыс,,,,,,,,
teams.Куньлунь,Куньлунь,,,,,,,,
teams.Динамо Рига,Динамо Рига,,,,,,,,
teams.Динамо Москва,Динамо Москва,,,,,,,,
teams.Динамо Минск U20,Динамо Минск U20,,,,,,,,
teams.Динамо Минск U18,Динамо Минск U18,,,,,,,,
teams.Calgary Flames,Калгари Флэймз,,,,,,,,
teams.New Jersey Devils,Нью-Джерси Дэвилз,,,,,,,,
teams.Юность-Минск U20,Юность-Минск U20,,,,,,,,
teams.Юность-Минск U18,Юность-Минск U18,,,,,,,,
teams.teams.Сборная Беларуси,Сборная Беларуси,,,,,,,,
teams.teams.Динамо Минск,Dinamo Minsk,,,,,,,,
teams.teams.Юность-Минск,Yunost-Minsk,,,,,,,,
teams.teams.Пираньи,Пираньи,,,,,,,,
teams.teams.Сборная Минской области,Сборная Минской области,,,,,,,,
teams.teams.Сборная Беларуси U14,Сборная Беларуси U14,,,,,,,,
teams.teams.Пчелки,Пчелки,,,,,,,,
teams.teams.Беларусь U14,Сборная Беларуси U14,,,,,,,,
teams.teams.Минская область,Сборная Минской области,,,,,,,,
teams.teams.New Jersey Devils,New Jersey Devils,,,,,,,,
teams.teams.Calgary Flames,Calgary Flames,,,,,,,,
teams.teams.Boston Hockey Club,Boston Hockey Club,,,,,,,,
teams.teams.Belarus U14 National Team,Сборная Беларуси U14,,,,,,,,
teams.teams.Belarus National Team U14,Сборная Беларуси U14,,,,,,,,
teams.teams.Minsk Region Team,Сборная Минской области,,,,,,,,
teams.teams.Piranhas,Пираньи,,,,,,,,
teams.teams.Bees,Пчелки,,,,,,,,
teams.Сборная Беларуси U14,Сборная Беларуси U14,,,,,,,,
teams.teams.Toronto Maple Leafs,Toronto Maple Leafs,,,,,,,,
teams.teams.Montreal Canadiens,Montreal Canadiens,,,,,,,,
teams.teams.Vancouver Canucks,Vancouver Canucks,,,,,,,,
teams.teams.Edmonton Oilers,Edmonton Oilers,,,,,,,,
teams.teams.Winnipeg Jets,Winnipeg Jets,,,,,,,,
teams.teams.Ottawa Senators,Ottawa Senators,,,,,,,,
teams.teams.New York Rangers,New York Rangers,,,,,,,,
teams.teams.Boston Bruins,Boston Bruins,,,,,,,,
teams.teams.Chicago Blackhawks,Chicago Blackhawks,,,,,,,,
teams.teams.Detroit Red Wings,Detroit Red Wings,,,,,,,,
teams.teams.Pittsburgh Penguins,Pittsburgh Penguins,,,,,,,,
teams.teams.Washington Capitals,Washington Capitals,,,,,,,,
teams.teams.Tampa Bay Lightning,Tampa Bay Lightning,,,,,,,,
teams.teams.Colorado Avalanche,Colorado Avalanche,,,,,,,,
teams.teams.HIFK,HIFK,,,,,,,,
teams.teams.Tappara,Tappara,,,,,,,,
teams.teams.Kärpät,Kärpät,,,,,,,,
teams.teams.TPS,TPS,,,,,,,,
teams.teams.Färjestad BK,Färjestad BK,,,,,,,,
teams.teams.HV71,HV71,,,,,,,,
teams.teams.Frölunda HC,Frölunda HC,,,,,,,,
teams.teams.Djurgårdens IF,Djurgårdens IF,,,,,,,,
teams.teams.Kaunas,Kaunas,,,,,,,,
teams.teams.Vilnius,Vilnius,,,,,,,,
teams.teams.Klaipeda,Klaipeda,,,,,,,,
teams.teams.Riga,Riga,,,,,,,,
teams.teams.Daugavpils,Daugavpils,,,,,,,,
teams.teams.Liepaja,Liepaja,,,,,,,,
teams.teams.Cracovia,Cracovia,,,,,,,,
teams.teams.GKS Tychy,GKS Tychy,,,,,,,,
teams.teams.Podhale,Podhale,,,,,,,,
teams.teams.Сборная России,Сборная России,,,,,,,,
teams.teams.Сборная Канады,Сборная Канады,,,,,,,,
teams.teams.Сборная США,Сборная США,,,,,,,,
teams.teams.Сборная Финляндии,Сборная Финляндии,,,,,,,,
teams.teams.Сборная Швеции,Сборная Швеции,,,,,,,,
teams.teams.Сборная Беларуси U20,Сборная Беларуси U20,,,,,,,,
teams.teams.Сборная Беларуси U18,Сборная Беларуси U18,,,,,,,,
teams.teams.Динамо Минск U20,Dinamo Minsk U20,,,,,,,,
teams.teams.Динамо Минск U18,Dinamo Minsk U18,,,,,,,,
teams.teams.Юность-Минск U20,Yunost-Minsk U20,,,,,,,,
teams.teams.Юность-Минск U18,Yunost-Minsk U18,,,,,,,,
teams.teams.ШРС,SRS,,,,,,,,
teams.teams.Динамо-Молодечно,Dinamo-Molodechno,,,,,,,,
teams.teams.Динамо Р,Dinamo R,,,,,,,,
teams.teams.Слован,Slovan,,,,,,,,
teams.teams.Металлург Мг,Metallurg Mg,,,,,,,,
teams.teams.Барановичи,Baranovichi,,,,,,,,
teams.teams.Шахтер,Shakhtyor,,,,,,,,
teams.teams.Лида,Lida,,,,,,,,
teams.teams.Пинск,Pinsk,,,,,,,,
teams.teams.Ивацевичи,Ivatsevichi,,,,,,,,
teams.teams.Береза,Bereza,,,,,,,,
teams.teams.Кобрин,Kobrin,,,,,,,,
teams.teams.Химик,Khimik,,,,,,,,
teams.teams.Жлобин,Zhlobin,,,,,,,,
teams.teams.Бобруйск,Bobruisk,,,,,,,,
teams.teams.Лунинец,Luninets,,,,,,,,
teams.teams.Сборная РБ,Сборная РБ,,,,,,,,
teams.teams.Сборная Минска,Сборная Минска,,,,,,,,
teams.teams.ЦСКА Москва,CSKA Moscow,,,,,,,,
teams.teams.Спартак Москва,Spartak Moscow,,,,,,,,
teams.teams.Локомотив Ярославль,Lokomotiv Yaroslavl,,,,,,,,
teams.teams.Ак Барс Казань,Ak Bars Kazan,,,,,,,,
teams.teams.Трактор Челябинск,Traktor Chelyabinsk,,,,,,,,
teams.teams.Металлург Магнитогорск,Metallurg Magnitogorsk,,,,,,,,
teams.teams.Торпедо Нижний Новгород,Torpedo Nizhny Novgorod,,,,,,,,
teams.Барановичи,Барановичи,,,,,,,,
teams.Шахтер,Шахтер,,,,,,,,
teams.Лида,Лида,,,,,,,,
teams.Пинск,Пинск,,,,,,,,
teams.Ивацевичи,Ивацевичи,,,,,,,,
teams.Береза,Береза,,,,,,,,
teams.Кобрин,Кобрин,,,,,,,,
teams.Химик,Химик,,,,,,,,
teams.Жлобин,Жлобин,,,,,,,,
teams.Бобруйск,Бобруйск,,,,,,,,
teams.Лунинец,Лунинец,,,,,,,,
teams.Сборная РБ,Сборная РБ,,,,,,,,
teams.Сборная Минска,Сборная Минска,,,,,,,,
teams.ЦСКА Москва,ЦСКА Москва,,,,,,,,
teams.Спартак Москва,Спартак Москва,,,,,,,,
teams.Локомотив Ярославль,Локомотив Ярославль,,,,,,,,
teams.Ак Барс Казань,Ак Барс Казань,,,,,,,,
teams.Трактор Челябинск,Трактор Челябинск,,,,,,,,
teams.Металлург Магнитогорск,Металлург Магнитогорск,,,,,,,,
teams.Торпедо Нижний Новгород,Торпедо Нижний Новгород,,,,,,,,
teams.Boston Hockey Club,Boston Hockey Club,,,,,,,,
teams.Пчелки,Пчелки,,,,,,,,
teams.Center,Центральный нападающий,,,,,,,,
teams.Winger,Край,,,,,,,,
teams.Defender,Защитник,,,,,,,,
teams.Goalie,Вратарь,,,,,,,,
settings.title,Настройки,,,,,,,,
settings.language,Язык,,,,,,,,
settings.selectLanguage,Выберите язык,,,,,,,,
search.title,Поиск,,,,,,,,
search.placeholder,Поиск игроков...,,,,,,,,
search.country,Страна,,,,,,,,
search.grip,Хват,,,,,,,,
search.position,Позиция,,,,,,,,
search.year,Год,,,,,,,,
search.height,Рост,,,,,,,,
search.heightFrom,Рост от,,,,,,,,
search.weight,Вес,,,,,,,,
search.weightFrom,Вес от,,,,,,,,
search.all,Все,,,,,,,,
search.noPlayersFound,Игроки не найдены,,,,,,,,
search.left,Левый,,,,,,,,
search.right,Правый,,,,,,,,
messages.title,Сообщения,,,,,,,,
messages.loading,Загрузка чатов...,,,,,,,,
messages.noMessages,Нет сообщений,,,,,,,,
messages.startConversation,Начните общение с другими игроками,,,,,,,,
messages.error,Ошибка,,,,,,,,
messages.errorLoadingChats,Не удалось загрузить чаты,,,,,,,,
messages.yesterday,Вчера,,,,,,,,
messages.you,Вы: ,,,,,,,,
messages.searchPlaceholder,"Поиск по имени или тексту во всех диалогах...",,,,,,,,
messages.searchHistoryLoading,Ищем в истории переписок...,,,,,,,,
notifications.title,Уведомления,,,,,,,,
notifications.loading,Загрузка уведомлений...,,,,,,,,
notifications.noNotifications,Нет уведомлений,,,,,,,,
notifications.noNotificationsSubtitle,"У вас пока нет уведомлений о дружбе, подарках или других действиях",,,,,,,,
notifications.accept,Принять,,,,,,,,
notifications.decline,Отклонить,,,,,,,,
notifications.friendRequests,Запросы в друзья,,,,,,,,
notifications.friendRequest,Запрос в друзья,,,,,,,,
notifications.wantsToAddYou,{name} хочет добавить вас в друзья,,,,,,,,
notifications.wantsToAddAsFriend,хочет добавить вас в друзья,,,,,,,,
notifications.friendRequestAccepted,Запрос в друзья принят!,,,,,,,,
notifications.friendRequestDeclined,Запрос в друзья отклонен,,,,,,,,
editProfile.selectPhotoSource,Выберите источник фото,,,,,,,,
editProfile.selectPhotoMessage,Откуда хотите загрузить фото?,,,,,,,,
editProfile.gallery,Галерея,,,,,,,,
editProfile.camera,Камера,,,,,,,,
editProfile.cancel,Отмена,,,,,,,,
editProfile.save,Сохранить,,,,,,,,
editProfile.name,Имя,,,,,,,,
editProfile.namePlaceholder,Имя игрока,,,,,,,,
editProfile.country,Страна,,,,,,,,
editProfile.position,Позиция,,,,,,,,
editProfile.height,Рост (см),,,,,,,,
editProfile.heightPlaceholder,Рост,,,,,,,,
editProfile.weight,Вес (кг),,,,,,,,
editProfile.weightPlaceholder,Вес,,,,,,,,
editProfile.number,Номер,,,,,,,,
editProfile.grip,Хват,,,,,,,,
editProfile.birthDate,Дата рождения,,,,,,,,
editProfile.socialLinks,Социальные сети,,,,,,,,
editProfile.Левый,Левый,,,,,,,,
exercisesSection.title,Выполненные упражнения,,,,,,,,
exercisesSection.loading,Загрузка...,,,,,,,,
exercisesSection.noExercises,Вы ещё не выполнили ни одного упражнения,,,,,,,,
exercisesSection.noExercisesOwn,Вы ещё не выполнили ни одного упражнения,,,,,,,,
exercisesSection.noExercisesOther,Пользователь ещё не выполнил ни одного упражнения,,,,,,,,
exercisesSection.times,раз,,,,,,,,
exercisesSection.timesPlural,раза,,,,,,,,
home.loadingPlayers,Загрузка игроков...,,,,,,,,
home.noPlayersCountry,Нет игроков из {{country}},,,,,,,,
home.noPlayersYear,Нет игроков {{year}} года рождения,,,,,,,,
home.noPlayersCountryYear,Нет игроков из {{country}} в {{year}} году,,,,,,,,
home.iceEmpty,"Лед пуст. Выберите другую страну или год, или сбросьте фильтры.",,,,,,,,
filters.year,год,,,,,,,,
filters.yearDefault,2012 год,,,,,,,,
chat.loading,Загрузка чата...,,,,,,,,
chat.startConversation,Начните разговор с {name},,,,,,,,
chat.enterMessage,Введите сообщение...,,,,,,,,
chat.player,Игрок,,,,,,,,
chat.coach,Тренер,,,,,,,,
chat.scout,Скаут,,,,,,,,
chat.admin,Техподдержка,,,,,,,,
chat.star,Звезда,,,,,,,,
chat.shop,Хоккейный магазин,,,,,,,,
chat.error,Ошибка,,,,,,,,
chat.errorLoadingChat,Не удалось загрузить данные чата,,,,,,,,
chat.errorSendingMessage,Не удалось отправить сообщение,,,,,,,,
createUser.title,Создание пользователя,,,,,,,,
createUser.selectPhotoSource,Выберите источник фото,,,,,,,,
createUser.selectPhotoMessage,Откуда хотите загрузить фото?,,,,,,,,
createUser.gallery,Галерея,,,,,,,,
createUser.camera,Камера,,,,,,,,
createUser.cancel,Отмена,,,,,,,,
createUser.permissionError,Нужно разрешение для доступа к галерее,,,,,,,,
createUser.permissionErrorCamera,Нужно разрешение для доступа к камере,,,,,,,,
createUser.errorLoadingPhoto,Не удалось загрузить фото из галереи,,,,,,,,
createUser.errorTakingPhoto,Не удалось снять фото,,,,,,,,
createUser.addPhoto,Добавить фото,,,,,,,,
createUser.status,Статус,,,,,,,,
createUser.player,Игрок,,,,,,,,
createUser.coach,Тренер,,,,,,,,
createUser.scout,Скаут,,,,,,,,
createUser.star,Звезда,,,,,,,,
createUser.shop,Хоккейный магазин,,,,,,,,
createUser.phone,Номер телефона,,,,,,,,
createUser.name,Имя и фамилия,,,,,,,,
createUser.namePlaceholder,ВВЕДИТЕ ИМЯ,,,,,,,,
createUser.nameHint,Только латинские буквы (A-Z),,,,,,,,
createUser.birthDate,Дата рождения,,,,,,,,
createUser.selectBirthDate,Выберите дату рождения,,,,,,,,
createUser.position,Позиция,,,,,,,,
createUser.number,Номер игрока,,,,,,,,
createUser.numberPlaceholder,Номер на форме,,,,,,,,
createUser.grip,Хват,,,,,,,,
createUser.height,Рост (см),,,,,,,,
createUser.heightPlaceholder,Рост,,,,,,,,
createUser.weight,Вес (кг),,,,,,,,
createUser.weightPlaceholder,Вес,,,,,,,,
createUser.country,Страна,,,,,,,,
createUser.selectCountry,Выберите страну,,,,,,,,
createUser.searchCountry,Поиск страны...,,,,,,,,
createUser.close,Закрыть,,,,,,,,
createUser.create,Создать,,,,,,,,
createUser.error,Ошибка,,,,,,,,
createUser.fillRequiredFields,"Пожалуйста, заполните все обязательные поля",,,,,,,,
createUser.enterValidPhone,"Пожалуйста, введите корректный номер телефона с кодом страны",,,,,,,,
createUser.requiredForPlayers,Для игроков и звезд обязательно указать дату рождения и позицию,,,,,,,,
createUser.success,Успех,,,,,,,,
createUser.userCreated,Пользователь {{name}} создан,,,,,,,,
createUser.errorCreatingUser,Не удалось создать пользователя,,,,,,,,
exerciseDetails.back,Назад,,,,,,,,
exerciseDetails.complete,Выполнить,,,,,,,,
exerciseDetails.completed,Выполнено,,,,,,,,
exerciseDetails.times,раз,,,,,,,,
exerciseDetails.timesPlural,раза,,,,,,,,
exerciseDetails.duration,Продолжительность,,,,,,,,
exerciseDetails.difficulty,Сложность,,,,,,,,
exerciseDetails.equipment,Оборудование,,,,,,,,
exerciseDetails.calories,Калории,,,,,,,,
exerciseDetails.benefits,Польза,,,,,,,,
exerciseDetails.instructions,Инструкции,,,,,,,,
exerciseDetails.tips,Советы,,,,,,,,
exerciseDetails.beginner,Начинающий,,,,,,,,
exerciseDetails.intermediate,Средний,,,,,,,,
exerciseDetails.advanced,Продвинутый,,,,,,,,
exerciseDetails.error,Ошибка,,,,,,,,
exerciseDetails.errorCompleting,Не удалось выполнить упражнение,,,,,,,,
exerciseDetails.success,Успех,,,,,,,,
exerciseDetails.exerciseCompleted,Упражнение выполнено!,,,,,,,,
gifts.requestGift,Запросить подарок,,,,,,,,
gifts.gifts,Подарки,,,,,,,,
gifts.autograph,Автограф,,,,,,,,
gifts.stick,Клюшка,,,,,,,,
gifts.puck,Шайба,,,,,,,,
gifts.jersey,Джерси,,,,,,,,
gifts.pleaseWriteMessage,"Пожалуйста, напишите сообщение к запросу",,,,,,,,
gifts.invalidGift,некорректный подарок,,,,,,,,
gifts.deleteGiftQuestion,Удалить подарок?,,,,,,,,
gifts.from,от,,,,,,,,
gifts.noGiftsYet,Пока нет подарков от звезд,,,,,,,,
gifts.museum,Музей подарков,,,,,,,,
gifts.myGifts,Мои подарки,,,,,,,,
gifts.noGiftsSubtext,Здесь будут отображаться подарки от звезд,,,,,,,,
gifts.successDeleted,Подарок удален из музея,,,,,,,,
gifts.errorDelete,Не удалось удалить подарок,,,,,,,,
gifts.noImage,без изображения,,,,,,,,
gifts.failedToSendRequest,Не удалось отправить запрос,,,,,,,,
gifts.requestSent,Запрос отправлен!,,,,,,,,
gifts.requestSentMessage,Ваш запрос на {itemType} отправлен. Ожидайте ответа.,,,,,,,,
gifts.requestItem,Запросить {itemType},,,,,,,,
gifts.requestMessage,Сообщение к запросу,,,,,,,,
gifts.requestMessageHelper,"Напишите вежливое сообщение, объясняющее, почему вы хотите получить этот подарок",,,,,,,,
gifts.requestMessagePlaceholder,Например: Здравствуйте! Я большой поклонник вашей игры и хотел бы получить автограф для своей коллекции...,,,,,,,,
gifts.characters,символов,,,,,,,,
gifts.sending,Отправка...,,,,,,,,
gifts.sendRequest,Отправить запрос,,,,,,,,
gifts.requestInfo,"После отправки запроса звезда получит уведомление и сможет принять или отклонить ваш запрос. Если запрос будет принят, подарок появится в вашем Музее подарков.",,,,,,,,
gifts.failedToLoadItems,Не удалось загрузить предметы,,,,,,,,
gifts.noPermissionToUpload,Нет прав для загрузки предметов за другого пользователя,,,,,,,,
gifts.failedToGetImageUri,Не удалось получить URI изображения,,,,,,,,
gifts.failedToSelectImage,Не удалось выбрать изображение,,,,,,,,
gifts.emptyImageUri,URI изображения пустой,,,,,,,,
gifts.formDataUploadError,Ошибка загрузки через FormData,,,,,,,,
gifts.imageUploadError,Ошибка загрузки изображения: {error},,,,,,,,
gifts.itemUploadedSuccessfully,{itemType} успешно загружен!,,,,,,,,
gifts.failedToUploadItem,Не удалось загрузить предмет,,,,,,,,
gifts.userNotAuthorized,Пользователь не авторизован,,,,,,,,
gifts.noPermissionToEdit,Нет прав для редактирования предметов за другого пользователя,,,,,,,,
gifts.itemNotFound,Подарок не найден,,,,,,,,
gifts.failedToUploadNewImage,Ошибка загрузки нового изображения,,,,,,,,
gifts.emptyImage,Изображение пустое (0 байт),,,,,,,,
gifts.failedToUpdateDatabase,Ошибка обновления записи в базе данных,,,,,,,,
gifts.itemImageUpdated,Изображение подарка обновлено!,,,,,,,,
gifts.failedToUpdateItemImage,Не удалось обновить изображение подарка,,,,,,,,
gifts.allGiftsAdded,Все подарки добавлены,,,,,,,,
gifts.allGiftTypesAdded,У вас уже есть все типы подарков,,,,,,,,
gifts.addGift,Добавить подарок,,,,,,,,
gifts.selectGiftType,Выберите тип подарка,,,,,,,,
gifts.deletion,Удаление,,,,,,,,
gifts.itemDeleted,Подарок удален,,,,,,,,
gifts.failedToDeleteItem,Не удалось удалить подарок,,,,,,,,
gifts.noGifts,Нет подарков,,,,,,,,
gifts.clickPlusToAdd,Нажмите + чтобы добавить,,,,,,,,
gifts.настоящее время,настоящее время,,,,,,,,
gifts.Центральный нападающий,Центральный нападающий,,,,,,,,
gifts.Крайний нападающий,Крайний нападающий,,,,,,,,
gifts.Защитник,Защитник,,,,,,,,
gifts.Вратарь,Вратарь,,,,,,,,
gifts.Center,Центральный нападающий,,,,,,,,
gifts.Winger,Край,,,,,,,,
gifts.Defender,Защитник,,,,,,,,
gifts.Goalie,Вратарь,,,,,,,,
gifts.Left,Левый,,,,,,,,
gifts.Right,Правый,,,,,,,,
gifts.seconds,сек,,,,,,,,
gifts.times,раз,,,,,,,,
gifts.sprint,Стометровка,,,,,,,,
gifts._cache_clear,2024-01-16-9,,,,,,,,
TEMP_DELETE_ME.title,Нормативы,,,,,,,,
TEMP_DELETE_ME.noNormatives,Нормативы пока не добавлены,,,,,,,,
TEMP_DELETE_ME.russia,Россия,,,,,,,,
TEMP_DELETE_ME.canada,Канада,,,,,,,,
TEMP_DELETE_ME.finland,Финляндия,,,,,,,,
TEMP_DELETE_ME.sweden,Швеция,,,,,,,,
TEMP_DELETE_ME.czech,Чехия,,,,,,,,
TEMP_DELETE_ME.slovakia,Словакия,,,,,,,,
TEMP_DELETE_ME.germany,Германия,,,,,,,,
TEMP_DELETE_ME.switzerland,Швейцария,,,,,,,,
TEMP_DELETE_ME.austria,Австрия,,,,,,,,
TEMP_DELETE_ME.norway,Норвегия,,,,,,,,
TEMP_DELETE_ME.denmark,Дания,,,,,,,,
TEMP_DELETE_ME.latvia,Латвия,,,,,,,,
TEMP_DELETE_ME.lithuania,Литва,,,,,,,,
TEMP_DELETE_ME.estonia,Эстония,,,,,,,,
TEMP_DELETE_ME.ukraine,Украина,,,,,,,,
TEMP_DELETE_ME.kazakhstan,Казахстан,,,,,,,,
TEMP_DELETE_ME.беларусь,Беларусь,,,,,,,,
TEMP_DELETE_ME.россия,Россия,,,,,,,,
TEMP_DELETE_ME.сша,США,,,,,,,,
TEMP_DELETE_ME.канада,Канада,,,,,,,,
TEMP_DELETE_ME.финляндия,Финляндия,,,,,,,,
TEMP_DELETE_ME.швеция,Швеция,,,,,,,,
TEMP_DELETE_ME.чехия,Чехия,,,,,,,,
TEMP_DELETE_ME.словакия,Словакия,,,,,,,,
TEMP_DELETE_ME.германия,Германия,,,,,,,,
TEMP_DELETE_ME.швейцария,Швейцария,,,,,,,,
TEMP_DELETE_ME.австрия,Австрия,,,,,,,,
TEMP_DELETE_ME.норвегия,Норвегия,,,,,,,,
TEMP_DELETE_ME.дания,Дания,,,,,,,,
TEMP_DELETE_ME.латвия,Латвия,,,,,,,,
TEMP_DELETE_ME.литва,Литва,,,,,,,,
TEMP_DELETE_ME.эстония,Эстония,,,,,,,,
TEMP_DELETE_ME.украина,Украина,,,,,,,,
TEMP_DELETE_ME.казахстан,Казахстан,,,,,,,,
TEMP_DELETE_ME.польша,Польша,,,,,,,,
TEMP_DELETE_ME.венгрия,Венгрия,,,,,,,,
TEMP_DELETE_ME.словения,Словения,,,,,,,,
TEMP_DELETE_ME.хорватия,Хорватия,,,,,,,,
TEMP_DELETE_ME.франция,Франция,,,,,,,,
TEMP_DELETE_ME.италия,Италия,,,,,,,,
TEMP_DELETE_ME.испания,Испания,,,,,,,,
TEMP_DELETE_ME.нидерланды,Нидерланды,,,,,,,,
TEMP_DELETE_ME.бельгия,Бельгия,,,,,,,,
TEMP_DELETE_ME.великобритания,Великобритания,,,,,,,,
TEMP_DELETE_ME.исландия,Исландия,,,,,,,,
TEMP_DELETE_ME.люксембург,Люксембург,,,,,,,,
TEMP_DELETE_ME.румыния,Румыния,,,,,,,,
TEMP_DELETE_ME.болгария,Болгария,,,,,,,,
TEMP_DELETE_ME.сербия,Сербия,,,,,,,,
TEMP_DELETE_ME.турция,Турция,,,,,,,,
TEMP_DELETE_ME.узбекистан,Узбекистан,,,,,,,,
TEMP_DELETE_ME.китай,Китай,,,,,,,,
TEMP_DELETE_ME.япония,Япония,,,,,,,,
TEMP_DELETE_ME.южнаякорея,Южная Корея,,,,,,,,
TEMP_DELETE_ME.тайвань,Тайвань,,,,,,,,
TEMP_DELETE_ME.гонконг,Гонконг,,,,,,,,
TEMP_DELETE_ME.сингапур,Сингапур,,,,,,,,
TEMP_DELETE_ME.малайзия,Малайзия,,,,,,,,
TEMP_DELETE_ME.таиланд,Таиланд,,,,,,,,
TEMP_DELETE_ME.индия,Индия,,,,,,,,
TEMP_DELETE_ME.объединенныеарабскиеэмираты,Объединенные Арабские Эмираты,,,,,,,,
TEMP_DELETE_ME.израиль,Израиль,,,,,,,,
TEMP_DELETE_ME.австралия,Австралия,,,,,,,,
TEMP_DELETE_ME.новаязеландия,Новая Зеландия,,,,,,,,
TEMP_DELETE_ME.мексика,Мексика,,,,,,,,
TEMP_DELETE_ME.юар,ЮАР,,,,,,,,
TEMP_DELETE_ME.аргентина,Аргентина,,,,,,,,
normatives.title,Нормативы,,,,,,,,
normatives.noNormatives,Нормативы пока не добавлены,,,,,,,,
normatives.addNormative,Добавить норматив,,,,,,,,
normatives.name,Название,,,,,,,,
normatives.description,Описание,,,,,,,,
normatives.type,Тип,,,,,,,,
normatives.value,Значение,,,,,,,,
normatives.unit,Единица измерения,,,,,,,,
normatives.add,Добавить,,,,,,,,
normatives.cancel,Отмена,,,,,,,,
normatives.save,Сохранить,,,,,,,,
normatives.edit,Редактировать,,,,,,,,
normatives.delete,Удалить,,,,,,,,
normatives.back,Назад,,,,,,,,
normatives.editNormative,Редактировать норматив,,,,,,,,
normatives.deleteNormativeConfirm,"Вы уверены, что хотите удалить норматив ""{{name}}""? Это действие нельзя отменить.",,,,,,,,
normatives.normativeDeleted,"Норматив ""{{name}}"" удален",,,,,,,,
normatives.normativeCreated,"Норматив ""{{name}}"" создан",,,,,,,,
normatives.errorCreatingNormative,Не удалось создать норматив,,,,,,,,
normatives.errorDeletingNormative,Не удалось удалить норматив,,,,,,,,
normatives.errorEditingNormative,Не удалось отредактировать норматив,,,,,,,,
normatives.errorLoadingNormatives,Не удалось загрузить нормативы,,,,,,,,
normatives.normativeUpdated,"Норматив ""{{name}}"" обновлен",,,,,,,,
normatives.errorUpdatingNormative,Не удалось обновить норматив,,,,,,,,
socialLinks.website,Сайт,,,,,,,,
socialLinks.error,Ошибка,,,,,,,,
socialLinks.cannotOpenLink,Не удается открыть ссылку на {platform},,,,,,,,
socialLinks.openError,Ошибка при открытии ссылки,,,,,,,,
socialLinks.instagram,Instagram,,,,,,,,
socialLinks.tiktok,TikTok,,,,,,,,
socialLinks.vk,VK,,,,,,,,
socialLinks.enterInstagram,Введите Instagram,,,,,,,,
socialLinks.enterTiktok,Введите TikTok,,,,,,,,
socialLinks.enterVk,Введите VK,,,,,,,,
socialLinks.enterWebsite,Введите сайт,,,,,,,,
socialLinks.instagramPlaceholder,@username или ссылка,,,,,,,,
socialLinks.tiktokPlaceholder,@username или ссылка,,,,,,,,
socialLinks.vkPlaceholder,@username или ссылка,,,,,,,,
socialLinks.websitePlaceholder,example.com,,,,,,,,
logout,Выйти,,,,,,,,
logoutConfirm,Выход из профиля,,,,,,,,
logoutConfirmMessage,"Вы уверены, что хотите выйти из профиля?",,,,,,,,
