KEY,RUSSIAN,Polski,Svenska,Čeština,Slovenčina,Suomi,Italiano,Deutsch,Français
exercises.items.27.title,Разминка шеи,Rozgrzewka szyi,Uppvärmning av halsen,Zahřívání krku,Zahrievanie krku,Kaulan lämmittely,Riscaldamento del collo,Nackenaufwärmübungen,Échauffement du cou
exercises.items.27.instructions.0,"Встаньте прямо, ноги на ширине плеч","Stań prosto, rozstawiając stopy na szerokość ramion",Stå rakt med fötterna axelbrett isär,Postavte se rovně s nohama na šířku ramen,Postavte sa rovno s nohami na šírku ramien,Seiso suorana jalat hartioiden leveydellä toisistaan,Stai in piedi dritto con i piedi alla larghezza delle spalle,Stehen Sie gerade mit schulterbreit auseinander stehenden Füßen,"Tenez-vous droit, les pieds écartés à la largeur des épaules"
exercises.items.27.instructions.1,Медленно поворачивайте голову влево и вправо,Powoli obracaj głowę w lewo i prawo,Vrid sakta huvudet åt vänster och höger,Pomalu otáčejte hlavou doleva a doprava,Pomaly otočte hlavu doľava a doprava,Käännä päätäsi hitaasti vasemmalle ja oikealle,Gira lentamente la testa a sinistra e a destra,Drehen Sie Ihren Kopf langsam nach links und rechts,Tournez lentement la tête à gauche et à droite
exercises.items.27.instructions.2,Наклоняйте голову вперед и назад,Pochyl głowę do przodu i do tyłu,Luta huvudet framåt och bakåt,Nakloňte hlavu dopředu a dozadu,Nakloňte hlavu dopredu a dozadu,Kallista päätäsi eteenpäin ja taaksepäin,Inclina la testa avanti e indietro,Neigen Sie Ihren Kopf nach vorne und hinten,Penchez la tête en avant et en arrière
exercises.items.27.instructions.3,Выполняйте круговые движения головой,Wykonuj ruchy okrężne głową,Utför cirkulära rörelser med huvudet,Provádějte krouživé pohyby hlavou,Vykonajte kruhové pohyby hlavou,Tee pyöreitä liikkeitä päälläsi,Eseguire movimenti circolari con la testa,Führen Sie kreisende Bewegungen mit dem Kopf aus,Effectuez des mouvements circulaires avec votre tête
exercises.items.27.instructions.4,Держите плечи расслабленными,Rozluźnij ramiona,Håll dina axlar avslappnade,Udržujte ramena uvolněná,Nechajte ramená uvoľnené,Pidä hartiat rentoina,Mantieni le spalle rilassate,Halten Sie Ihre Schultern entspannt,Gardez vos épaules détendues
exercises.items.27.tips.0,Двигайтесь медленно и плавно,Poruszaj się powoli i płynnie,Rör dig långsamt och smidigt,Pohybujte se pomalu a plynule,Pohybujte sa pomaly a plynulo,Liiku hitaasti ja tasaisesti,Muoviti lentamente e senza intoppi,Bewegen Sie sich langsam und gleichmäßig,Déplacez-vous lentement et en douceur
exercises.items.27.tips.1,Не делайте резких движений,Nie wykonuj żadnych gwałtownych ruchów,Gör inga plötsliga rörelser,Nedělejte žádné náhlé pohyby,Nerobte žiadne náhle pohyby,Älä tee äkillisiä liikkeitä,Non fare movimenti bruschi,Machen Sie keine plötzlichen Bewegungen,Ne faites pas de mouvements brusques
exercises.items.27.tips.2,При появлении боли остановитесь,"Jeśli wystąpi ból, przerwij.","Om smärta uppstår, sluta.","Pokud se objeví bolest, přestaňte.","Ak sa objaví bolesť, prestaňte.","Jos kipua ilmenee, lopeta.","Se si avverte dolore, interrompere l'operazione.","Wenn Schmerzen auftreten, hören Sie auf.","Si vous ressentez de la douleur, arrêtez."
exercises.items.27.tips.3,Дышите глубоко и равномерно,Oddychaj głęboko i równomiernie,Andas djupt och jämnt,Dýchejte zhluboka a rovnoměrně,Dýchajte zhlboka a rovnomerne,Hengitä syvään ja tasaisesti,Respira profondamente e in modo uniforme,Atme tief und gleichmäßig,Respirez profondément et régulièrement
,,,,,,,,,
exercises.items.28.title,Разминка запястий,Rozgrzewka nadgarstków,Handledsuppvärmning,Zahřívání zápěstí,Zahrievanie zápästia,Ranteen lämmittely,Riscaldamento del polso,Aufwärmen der Handgelenke,Échauffement du poignet
exercises.items.28.instructions.0,Вытяните руки перед собой,Wyciągnij ramiona przed siebie,Sträck ut armarna framför dig,Natáhněte ruce před sebe,Natiahnite ruky pred seba,Ojenna kätesi edessäsi,Allunga le braccia davanti a te,Strecken Sie Ihre Arme vor sich aus,Tendez vos bras devant vous
exercises.items.28.instructions.1,Согните запястья вверх и вниз,Zegnij nadgarstki w górę i w dół,Böj handlederna upp och ner,Ohněte zápěstí nahoru a dolů,Ohnite zápästia hore a dole,Taivuta ranteita ylös ja alas,Piega i polsi su e giù,Beugen Sie Ihre Handgelenke nach oben und unten,Pliez vos poignets de haut en bas
exercises.items.28.instructions.2,Поворачивайте запястья по кругу,Obróć nadgarstki w kółko,Rotera handlederna i en cirkel,Otočte zápěstí do kruhu,Otočte zápästia do kruhu,Pyöritä ranteitasi ympyrässä,Ruota i polsi in cerchio,Drehen Sie Ihre Handgelenke im Kreis,Faites tourner vos poignets en cercle
exercises.items.28.instructions.3,Сжимайте и разжимайте кулаки,Zaciskaj i rozluźniaj pięści,Knyt och knyt nävarna,Zatínejte a uvolňujte pěsti,Zatínajte a uvoľňujte päste,Purista ja purista nyrkkisi,Stringi e apri i pugni,Ballen und öffnen Sie Ihre Fäuste,Serrez et desserrez vos poings
exercises.items.28.instructions.4,Растягивайте пальцы в стороны,Rozciągnij palce na boki,Sträck fingrarna åt sidorna,Natáhněte prsty do stran,Natiahnite prsty do strán,Venytä sormet sivuille,Allunga le dita ai lati,Strecken Sie Ihre Finger zu den Seiten,Étirez vos doigts sur les côtés
exercises.items.28.tips.0,Выполняйте движения медленно,Wykonuj ruchy powoli,Utför rörelserna långsamt,Pohyby provádějte pomalu,Pohyby vykonávajte pomaly,Tee liikkeet hitaasti,Eseguire i movimenti lentamente,Führen Sie die Bewegungen langsam aus,Effectuez les mouvements lentement
exercises.items.28.tips.1,Не перенапрягайте суставы,Nie przeciążaj stawów,Överansträng inte dina leder,Nepřetěžujte klouby,Nepreťažujte kĺby,Älä ylikuormita niveliäsi,Non sforzare troppo le articolazioni,Überanstrengen Sie Ihre Gelenke nicht,Ne sollicitez pas trop vos articulations
exercises.items.28.tips.2,Следите за ощущениями в запястьях,Zwróć uwagę na odczucia w nadgarstkach,Var uppmärksam på förnimmelserna i dina handleder,Věnujte pozornost pocitům v zápěstích,Venujte pozornosť pocitom vo vašich zápästiach,Kiinnitä huomiota ranteissasi oleviin tuntemuksiin,Presta attenzione alle sensazioni nei tuoi polsi,Achten Sie auf die Empfindungen in Ihren Handgelenken,Faites attention aux sensations dans vos poignets
exercises.items.28.tips.3,Повторяйте регулярно,Powtarzaj regularnie,Upprepa regelbundet,Opakujte pravidelně,Opakujte pravidelne,Toista säännöllisesti,Ripetere regolarmente,Regelmäßig wiederholen,Répéter régulièrement
,,,,,,,,,
exercises.items.29.title,Разминка коленей,Rozciąganie kolan,Knä sträcker sig,Protahuje se koleno,Naťahuje sa kolená,Polvi venyy,allungamenti del ginocchio,Kniedehnungen,Étirements des genoux
exercises.items.29.instructions.0,"Встаньте прямо, ноги на ширине плеч","Stań prosto, rozstawiając stopy na szerokość ramion",Stå rakt med fötterna axelbrett isär,Postavte se rovně s nohama na šířku ramen,Postavte sa rovno s nohami na šírku ramien,Seiso suorana jalat hartioiden leveydellä toisistaan,Stai in piedi dritto con i piedi alla larghezza delle spalle,Stehen Sie gerade mit schulterbreit auseinander stehenden Füßen,"Tenez-vous droit, les pieds écartés à la largeur des épaules"
exercises.items.29.instructions.1,Медленно сгибайте и разгибайте колени,Powoli zegnij i wyprostuj kolana,Böj långsamt och räta ut dina knän,Pomalu pokrčte a narovnejte kolena,Pomaly ohnite a narovnajte kolená,Taivuta ja suorista polvia hitaasti,Piega e raddrizza lentamente le ginocchia,Beugen und strecken Sie langsam Ihre Knie,Pliez et redressez lentement vos genoux
exercises.items.29.instructions.2,Выполняйте круговые движения коленями,Wykonuj ruchy okrężne kolanami,Utför cirkulära rörelser med knäna,Provádějte kruhové pohyby s koleny,Vykonajte kruhové pohyby kolenami,Tee pyöreitä liikkeitä polvillasi,Eseguire movimenti circolari con le ginocchia,Führen Sie kreisende Bewegungen mit den Knien aus,Effectuez des mouvements circulaires avec vos genoux
exercises.items.29.instructions.3,Делайте приседания с небольшой амплитудой,Wykonuj przysiady z małą amplitudą,Gör knäböj med liten amplitud,Dělejte dřepy s malou amplitudou,Robte drepy s malou amplitúdou,Tee kyykkyjä pienellä amplitudilla,Fai squat con una piccola ampiezza,Machen Sie Kniebeugen mit kleiner Amplitude,Faites des squats avec une petite amplitude
exercises.items.29.instructions.4,Растягивайте переднюю поверхность бедра,Rozciągnij przednią część uda,Sträck på framsidan av låret,Protáhněte přední část stehna,Natiahnite prednú časť stehna,Venytä reidesi etuosaa,Allunga la parte anteriore della coscia,Dehnen Sie die Vorderseite Ihres Oberschenkels,Étirez l'avant de votre cuisse
exercises.items.29.tips.0,Не делайте глубоких приседаний,Nie rób głębokich przysiadów,Gör inte djupa knäböj,Nedělejte hluboké dřepy,Nerobte hlboké drepy,Älä tee syviä kyykkyjä,Non fare squat profondi,Machen Sie keine tiefen Kniebeugen,Ne faites pas de squats profonds
exercises.items.29.tips.1,Двигайтесь плавно и контролируемо,Poruszaj się płynnie i kontroluj,Rör dig smidigt och med kontroll,Pohybujte se plynule a pod kontrolou,Pohybujte sa hladko a pod kontrolou,Liikkuu sujuvasti ja hallinnassa,Muoviti con fluidità e controllo,Bewegen Sie sich reibungslos und kontrolliert,Déplacez-vous en douceur et en contrôle
exercises.items.29.tips.2,При боли в коленях уменьшите амплитуду,"Jeśli odczuwasz ból kolana, zmniejsz zakres ruchu.","Om du har knäsmärta, minska rörelseomfånget.","Pokud vás bolí koleno, snižte rozsah pohybu.","Ak máte bolesti kolena, znížte rozsah pohybu.","Jos sinulla on polvikipua, vähennä liikettä.","Se avverti dolore al ginocchio, riduci l'ampiezza del movimento.","Wenn Sie Knieschmerzen haben, reduzieren Sie den Bewegungsumfang.","Si vous avez des douleurs au genou, réduisez l’amplitude des mouvements."
exercises.items.29.tips.3,Следите за правильной техникой,"Upewnij się, że stosujesz właściwą technikę",Se till att du använder rätt teknik,"Ujistěte se, že používáte správnou techniku","Uistite sa, že používate správnu techniku","Varmista, että käytät oikeaa tekniikkaa",Assicurati di utilizzare la tecnica corretta,"Stellen Sie sicher, dass Sie die richtige Technik verwenden",Assurez-vous d'utiliser la bonne technique
,,,,,,,,,
exercises.items.30.title,Разминка тазобедренных суставов,Rozgrzewka bioder,Höftuppvärmning,Zahřátí kyčle,Rozcvička bokov,Lantion lämmittely,Riscaldamento dei fianchi,Aufwärmen der Hüfte,Échauffement des hanches
exercises.items.30.instructions.0,"Встаньте прямо, ноги на ширине плеч","Stań prosto, rozstawiając stopy na szerokość ramion",Stå rakt med fötterna axelbrett isär,Postavte se rovně s nohama na šířku ramen,Postavte sa rovno s nohami na šírku ramien,Seiso suorana jalat hartioiden leveydellä toisistaan,Stai in piedi dritto con i piedi alla larghezza delle spalle,Stehen Sie gerade mit schulterbreit auseinander stehenden Füßen,"Tenez-vous droit, les pieds écartés à la largeur des épaules"
exercises.items.30.instructions.1,Поднимайте колено к груди,Podnieś kolano do klatki piersiowej,Lyft upp ditt knä mot bröstet,Zvedněte koleno k hrudi,Zdvihnite koleno k hrudníku,Nosta polvi rintaasi vasten,Solleva il ginocchio al petto,Heben Sie Ihr Knie zur Brust,Levez votre genou vers votre poitrine
exercises.items.30.instructions.2,Отводите ногу в сторону и назад,Przesuń nogę na bok i do tyłu,Flytta benet åt sidan och bakåt,Posuňte nohu do strany a dozadu,Presuňte nohu do strany a dozadu,Siirrä jalkaasi sivulle ja taakse,Sposta la gamba di lato e indietro,Bewegen Sie Ihr Bein zur Seite und nach hinten,Déplacez votre jambe sur le côté et vers l'arrière
exercises.items.30.instructions.3,Выполняйте круговые движения бедром,Wykonuj ruchy okrężne biodrami,Utför cirkulära rörelser med dina höfter,Provádějte krouživé pohyby boky,Vykonajte krúživé pohyby bokmi,Tee pyöreitä liikkeitä lantiollasi,Esegui movimenti circolari con i fianchi,Führen Sie kreisende Bewegungen mit Ihren Hüften aus,Effectuez des mouvements circulaires avec vos hanches
exercises.items.30.instructions.4,Делайте выпады с небольшой амплитудой,Wykonuj wypady z małą amplitudą,Gör utfall med liten amplitud,Dělejte výpady s malou amplitudou,Robte výpady s malou amplitúdou,Tee syöksyjä pienellä amplitudilla,Eseguire affondi con una piccola ampiezza,Machen Sie Ausfallschritte mit kleiner Amplitude,Faire des fentes avec une petite amplitude
exercises.items.30.tips.0,Держите спину прямой,Trzymaj plecy prosto,Håll ryggen rak,Udržujte záda rovná,Chrbát držte rovno,Pidä selkäsi suorana,Tieni la schiena dritta,Halten Sie Ihren Rücken gerade,Gardez le dos droit
exercises.items.30.tips.1,Работайте в комфортной амплитуде,Pracuj w komfortowym zakresie,Arbeta inom ett bekvämt område,Pracujte v pohodlném dosahu,Pracujte v pohodlnom dosahu,Työskentele mukavalla alueella,Lavorare entro un intervallo confortevole,Arbeiten Sie in einem angenehmen Bereich,Travailler dans une plage confortable
exercises.items.30.tips.2,Не торопитесь с движениями,Nie spiesz się ze swoimi ruchami,Förhasta inte dina rörelser,Neuspěchejte své pohyby,Neponáhľajte svoje pohyby,Älä kiirehdi liikkeitäsi,Non affrettare i tuoi movimenti,Überstürzen Sie Ihre Bewegungen nicht,Ne précipitez pas vos mouvements
exercises.items.30.tips.3,Следите за балансом,Śledź swoje saldo,Håll koll på din balans,Sledujte svou rovnováhu,Sledujte svoju rovnováhu,Seuraa tasapainoasi,Tieni traccia del tuo saldo,Behalten Sie den Überblick über Ihr Guthaben,Suivez votre solde
,,,,,,,,,
exercises.items.31.title,Растяжка паха,Rozciąganie pachwiny,Ljumsken stretch,Protažení třísel,Natiahnutie slabín,Nivus venytys,Allungamento dell'inguine,Leistendehnung,Étirement de l'aine
exercises.items.31.instructions.0,"Сядьте на пол, согните ноги в коленях",Usiądź na podłodze ze zgiętymi kolanami.,Sitt på golvet med böjda knän.,Sedněte si na podlahu s pokrčenými koleny.,Posaďte sa na podlahu s pokrčenými kolenami.,Istu lattialle polvet koukussa.,Sedetevi sul pavimento con le ginocchia piegate.,Setzen Sie sich mit angewinkelten Knien auf den Boden.,Asseyez-vous sur le sol avec les genoux pliés.
exercises.items.31.instructions.1,Соедините подошвы стоп вместе,Złącz ze sobą podeszwy stóp,Placera fotsulorna tillsammans,Položte chodidla k sobě,Položte chodidlá k sebe,Aseta jalkapohjat yhteen,Metti insieme le piante dei piedi,Legen Sie die Fußsohlen zusammen,Placez les plantes de vos pieds ensemble
exercises.items.31.instructions.2,Аккуратно наклонитесь вперед,Delikatnie pochyl się do przodu,Luta dig försiktigt framåt,Jemně se předkloňte,Jemne sa predkloňte,Nojaa kevyesti eteenpäin,Sporgersi delicatamente in avanti,Lehnen Sie sich sanft nach vorne,Penchez-vous doucement en avant
exercises.items.31.instructions.3,Потяните колени к полу,Przyciągnij kolana do podłogi,Dra knäna mot golvet,Přitáhněte kolena k podlaze,Vytiahnite kolená smerom k podlahe,Vedä polviasi lattiaa kohti,Tira le ginocchia verso il pavimento,Ziehe deine Knie Richtung Boden,Tirez vos genoux vers le sol
exercises.items.31.instructions.4,Удерживайте растяжку 30 секунд,Przytrzymaj rozciąganie przez 30 sekund,Håll stretchen i 30 sekunder,Protažení vydržte 30 sekund,Natiahnutie vydržte 30 sekúnd,Pidä venytys 30 sekuntia,Mantieni lo stretching per 30 secondi,Halten Sie die Dehnung 30 Sekunden lang,Maintenez l'étirement pendant 30 secondes
exercises.items.31.tips.0,Не форсируйте растяжку,Nie rozciągaj się na siłę,Tvinga inte sträckningen,Nenatahujte silou,Nepreťahujte nasilu,Älä pakota venytystä,Non forzare lo stretching,Erzwingen Sie die Dehnung nicht,Ne forcez pas l'étirement
exercises.items.31.tips.1,Дышите глубоко и расслабляйтесь,Weź głęboki oddech i zrelaksuj się.,Andas djupt och slappna av.,Zhluboka se nadechněte a uvolněte se.,Zhlboka sa nadýchnite a uvoľnite sa.,Hengitä syvään ja rentoudu.,Respira profondamente e rilassati.,Atmen Sie tief durch und entspannen Sie sich.,Respirez profondément et détendez-vous.
exercises.items.31.tips.2,При боли уменьшите амплитуду,"Jeśli wystąpi ból, zmniejsz amplitudę.","Om smärta uppstår, minska amplituden.","Pokud se objeví bolest, snižte amplitudu.","Ak dôjde k bolesti, znížte amplitúdu.","Jos kipua ilmenee, vähennä amplitudia.","Se si avverte dolore, ridurre l'ampiezza.","Wenn Schmerzen auftreten, reduzieren Sie die Amplitude.","Si une douleur survient, réduisez l’amplitude."
exercises.items.31.tips.3,Выполняйте после разминки,Wykonaj po rozgrzewce,Utför efter uppvärmning,Proveďte po zahřátí,Vykonajte po zahriatí,Suorita lämmittelyn jälkeen,Eseguire dopo il riscaldamento,Nach dem Aufwärmen durchführen,Exécuter après l'échauffement
,,,,,,,,,
exercises.items.32.title,Растяжка подколенных сухожилий,Rozciąganie ścięgna podkolanowego,Hamstring stretch,Protažení hamstringů,Natiahnutie hamstringov,Reisilihaksen venytys,Allungamento dei muscoli posteriori della coscia,Dehnung der Oberschenkelrückseite,Étirement des ischio-jambiers
exercises.items.32.instructions.0,"Сядьте на пол, вытяните ноги вперед",Usiądź na podłodze z nogami wyciągniętymi do przodu.,Sitt på golvet med benen sträckta framåt.,Sedněte si na podlahu s nohama nataženýma dopředu.,Posaďte sa na podlahu s nohami natiahnutými dopredu.,Istu lattialle jalat ojennettuna eteenpäin.,Sedetevi sul pavimento con le gambe distese in avanti.,Setzen Sie sich mit nach vorne gestreckten Beinen auf den Boden.,Asseyez-vous sur le sol avec vos jambes tendues vers l’avant.
exercises.items.32.instructions.1,"Наклонитесь вперед, стараясь достать до стоп","Pochyl się do przodu, próbując dosięgnąć stóp",Böj dig framåt och försök att nå dina fötter,Předkloňte se a snažte se dosáhnout na nohy,Predkloňte sa a snažte sa dosiahnuť nohy,Taivuta eteenpäin yrittäen yltää jalkaisi,"Piegati in avanti, cercando di raggiungere i tuoi piedi","Beugen Sie sich nach vorne und versuchen Sie, Ihre Füße zu erreichen",Penchez-vous en avant en essayant d'atteindre vos pieds
exercises.items.32.instructions.2,Обхватите стопы руками,Złącz stopy dłońmi,Knäpp ihop fötterna med händerna,Sepněte si nohy rukama,Zopnite si nohy rukami,Purista jalkasi käsilläsi,Stringi i piedi con le mani,Umklammern Sie Ihre Füße mit den Händen,Joignez vos pieds avec vos mains
exercises.items.32.instructions.3,Потянитесь грудью к коленям,Przyciągnij klatkę piersiową do kolan,Dra bröstet mot knäna,Přitáhněte hrudník směrem ke kolenům,Potiahnite hrudník smerom ku kolenám,Vedä rintaasi polviasi kohti,Tira il petto verso le ginocchia,Ziehen Sie Ihre Brust in Richtung Ihrer Knie,Tirez votre poitrine vers vos genoux
exercises.items.32.instructions.4,Удерживайте растяжку 30-45 секунд,Przytrzymaj rozciąganie przez 30–45 sekund,Håll stretchen i 30-45 sekunder,Protažení vydržte 30-45 sekund,Podržte strečing 30-45 sekúnd,Pidä venytys 30-45 sekuntia,Mantieni lo stretching per 30-45 secondi,Halten Sie die Dehnung für 30–45 Sekunden,Maintenez l'étirement pendant 30 à 45 secondes
exercises.items.32.tips.0,Не округляйте спину,Nie zaokrąglaj pleców,Runda inte ryggen,Nekruťte se v zádech,Nekrúťte si chrbát,Älä pyöritä selkääsi,Non curvare la schiena,Machen Sie keinen runden Rücken,Ne courbez pas le dos
exercises.items.32.tips.1,Работайте в комфортной амплитуде,Pracuj w komfortowym zakresie,Arbeta inom ett bekvämt område,Pracujte v pohodlném dosahu,Pracujte v pohodlnom dosahu,Työskentele mukavalla alueella,Lavorare entro un intervallo confortevole,Arbeiten Sie in einem angenehmen Bereich,Travailler dans une plage confortable
exercises.items.32.tips.2,Дышите глубоко,Oddychaj głęboko,Andas djupt,Zhluboka dýchejte,Zhlboka dýchajte,Hengitä syvään,Respira profondamente,Tief durchatmen,Respirez profondément
exercises.items.32.tips.3,Следите за ощущениями в задней поверхности бедра,Zwróć uwagę na odczucia w tylnej części uda,Var uppmärksam på förnimmelserna på baksidan av låret,Věnujte pozornost pocitům v zadní části stehna,Venujte pozornosť pocitom v zadnej časti stehna,Kiinnitä huomiota reiden takaosassa oleviin tuntemuksiin,Presta attenzione alle sensazioni nella parte posteriore della coscia,Achten Sie auf die Empfindungen an der Rückseite Ihres Oberschenkels,Faites attention aux sensations à l’arrière de votre cuisse
,,,,,,,,,
exercises.items.33.title,Растяжка икроножных мышц,Rozciąganie mięśni łydek,Stretching av vadmusklerna,Protahování lýtkových svalů,Natiahnutie lýtkových svalov,Pohjelihasten venyttely,Allungamento dei muscoli del polpaccio,Dehnung der Wadenmuskulatur,Étirement des muscles du mollet
exercises.items.33.instructions.0,Встаньте лицом к стене,Stań twarzą do ściany,Stå vänd mot väggen,Postavte se čelem ke zdi,Postavte sa čelom k stene,Seiso seinää päin,Mettiti di fronte al muro,Stellen Sie sich mit dem Gesicht zur Wand,Tenez-vous face au mur
exercises.items.33.instructions.1,"Поставьте одну ногу вперед, другую назад","Postaw jedną stopę z przodu, a drugą z tyłu.",Placera en fot framåt och den andra bakåt.,Umístěte jednu nohu dopředu a druhou dozadu.,Položte jednu nohu dopredu a druhú dozadu.,Aseta toinen jalka eteenpäin ja toinen taaksepäin.,Posizionare un piede avanti e l'altro indietro.,Stellen Sie einen Fuß nach vorne und den anderen nach hinten.,Placez un pied en avant et l’autre en arrière.
exercises.items.33.instructions.2,Опустите пятку задней ноги на пол,Opuść piętę tylnej stopy na podłogę,Sänk hälen på din bakre fot till golvet,Spusťte patu zadní nohy na podlahu,Spustite pätu zadnej nohy na podlahu,Laske takajalan kantapää lattiaan,Abbassare il tallone del piede posteriore sul pavimento,Senken Sie die Ferse Ihres hinteren Fußes auf den Boden,Abaissez le talon de votre pied arrière au sol
exercises.items.33.instructions.3,"Наклонитесь вперед, растягивая икры","Pochyl się do przodu, rozciągając łydki","Böj dig framåt, sträck dina vader",Předkloňte se a protáhněte lýtka,Predkloňte sa a natiahnite lýtka,"Taivuta eteenpäin, venyttämällä pohkeita","Piegati in avanti, allungando i polpacci",Beugen Sie sich nach vorne und dehnen Sie Ihre Waden,Penchez-vous en avant en étirant vos mollets
exercises.items.33.instructions.4,Поменяйте ноги и повторите,Zmień nogi i powtórz,Byt ben och upprepa,Vyměňte nohy a opakujte,Vymeňte nohy a opakujte,Vaihda jalkaa ja toista,Cambia gamba e ripeti,Wechseln Sie die Beine und wiederholen Sie den Vorgang,Changez de jambe et répétez
exercises.items.33.tips.0,Держите заднюю ногу прямой,Trzymaj tylną nogę prosto,Håll bakbenet rakt,Udržujte zadní nohu rovně,Udržujte zadnú nohu rovno,Pidä takajalka suorana,Mantieni la gamba posteriore dritta,Halten Sie Ihr hinteres Bein gerade,Gardez votre jambe arrière droite
exercises.items.33.tips.1,Не отрывайте пятку от пола,Nie odrywaj pięty od podłogi,Lyft inte hälen från golvet,Nezvedejte patu z podlahy,Nedvíhajte pätu z podlahy,Älä nosta kantapäätäsi lattiasta,Non sollevare il tallone da terra,Heben Sie Ihre Ferse nicht vom Boden ab,Ne soulevez pas votre talon du sol
exercises.items.33.tips.2,Растягивайтесь плавно,Rozciągaj się płynnie,Sträck ut smidigt,Plynule se protahujte,Hladko natiahnite,Venytä pehmeästi,Allungare dolcemente,Sanft dehnen,Étirez-vous en douceur
exercises.items.33.tips.3,Выполняйте для обеих ног,Wykonaj dla obu nóg,Utför båda benen,Proveďte pro obě nohy,Vykonajte pre obe nohy,Suorita molemmille jaloille,Eseguire per entrambe le gambe,Für beide Beine durchführen,Exécuter pour les deux jambes
,,,,,,,,,
exercises.items.34.title,Растяжка грудных мышц,Rozciąganie mięśni piersiowych,Stretching av bröstmusklerna,Protažení prsních svalů,Natiahnutie prsných svalov,Rintalihasten venyttely,Allungamento dei muscoli pettorali,Dehnung der Brustmuskulatur,Étirement des muscles pectoraux
exercises.items.34.instructions.0,Встаньте в дверном проеме,Stań w drzwiach,Stå i dörröppningen,Postavte se do dveří,Postavte sa do dverí,Seiso ovella,Fermati sulla porta,Stehen Sie im Türrahmen,Restez dans l'embrasure de la porte
exercises.items.34.instructions.1,Поставьте руки на косяки двери,Połóż dłonie na framugach drzwi,Placera händerna på dörrkarmarna,Položte ruce na rámy dveří,Položte ruky na rámy dverí,Aseta kätesi ovenkarmeille,Metti le mani sugli stipiti delle porte,Legen Sie Ihre Hände auf die Türrahmen,Placez vos mains sur les cadres de porte
exercises.items.34.instructions.2,Сделайте шаг вперед,Zrób krok naprzód,Ta ett steg framåt,Udělejte krok vpřed,Urobte krok vpred,Ota askel eteenpäin,Fai un passo avanti,Machen Sie einen Schritt nach vorne,Faites un pas en avant
exercises.items.34.instructions.3,Почувствуйте растяжение в груди,Poczuj rozciąganie w klatce piersiowej,Känn sträckningen i bröstet,Vnímejte protažení v hrudi,Cíťte napnutie v hrudi,Tunne venytys rinnassasi,Senti lo stiramento nel tuo petto,Spüren Sie die Dehnung in Ihrer Brust,Sentez l'étirement dans votre poitrine
exercises.items.34.instructions.4,Удерживайте растяжку 30 секунд,Przytrzymaj rozciąganie przez 30 sekund,Håll stretchen i 30 sekunder,Protažení vydržte 30 sekund,Natiahnutie vydržte 30 sekúnd,Pidä venytys 30 sekuntia,Mantieni lo stretching per 30 secondi,Halten Sie die Dehnung 30 Sekunden lang,Maintenez l'étirement pendant 30 secondes
exercises.items.34.tips.0,Не перенапрягайте плечи,Nie przeciążaj ramion,Överansträng inte dina axlar,Nepřetěžujte ramena,Nepreťažujte ramená,Älä ylikuormita hartioitasi,Non sforzare troppo le spalle,Überanstrengen Sie Ihre Schultern nicht,Ne forcez pas trop vos épaules
exercises.items.34.tips.1,Дышите глубоко,Oddychaj głęboko,Andas djupt,Zhluboka dýchejte,Zhlboka dýchajte,Hengitä syvään,Respira profondamente,Tief durchatmen,Respirez profondément
exercises.items.34.tips.2,Растягивайтесь постепенно,Rozciągaj się stopniowo,Sträck ut gradvis,Protahujte postupně,Naťahujte postupne,Venytä vähitellen,Allungare gradualmente,Dehnen Sie sich allmählich,Étirez-vous progressivement
exercises.items.34.tips.3,Следите за ощущениями,Podążaj za swoimi odczuciami,Följ dina förnimmelser,Následujte své pocity,Nasledujte svoje pocity,Seuraa tuntemuksiasi,Segui le tue sensazioni,Folgen Sie Ihren Empfindungen,Suivez vos sensations
,,,,,,,,,
exercises.items.35.title,Растяжка трицепсов,Rozciąganie tricepsa,Triceps stretch,Protažení tricepsů,Natiahnutie tricepsov,Triceps venyttää,Allungamento dei tricipiti,Trizeps-Dehnung,Étirement des triceps
exercises.items.35.instructions.0,Поднимите одну руку вверх,Podnieś jedną rękę do góry,Lyft upp ena handen,Zvedněte jednu ruku nahoru,Zdvihnite jednu ruku,Nosta toinen käsi ylös,Alza una mano,Heben Sie eine Hand hoch,Lève une main
exercises.items.35.instructions.1,Согните руку в локте за головой,Zegnij rękę w łokciu za głową,Böj armen vid armbågen bakom huvudet,Ohněte ruku v lokti za hlavou,Ohnite ruku v lakti za hlavou,Taivuta käsivarsi kyynärpäästä pään taakse,Piega il braccio all'altezza del gomito dietro la testa,Beugen Sie Ihren Arm am Ellbogen hinter Ihrem Kopf,Pliez votre bras au niveau du coude derrière votre tête
exercises.items.35.instructions.2,Другой рукой потяните локоть вниз,Drugą ręką pociągnij łokieć w dół,Dra ner armbågen med din andra hand,Druhou rukou stáhněte loket dolů,Druhou rukou stiahnite lakeť nadol,Vedä kyynärpääsi toisella kädellä alas,"Con l'altra mano, tira il gomito verso il basso",Ziehen Sie mit der anderen Hand Ihren Ellbogen nach unten,"Avec votre autre main, tirez votre coude vers le bas"
exercises.items.35.instructions.3,Почувствуйте растяжение трицепса,Poczuj rozciąganie tricepsów,Känn stretchen i dina triceps,Vnímejte protažení tricepsu,Cíťte natiahnutie tricepsu,Tunne venytys tricepsissäsi,Senti lo stiramento nei tuoi tricipiti,Spüren Sie die Dehnung in Ihrem Trizeps,Sentez l'étirement dans vos triceps
exercises.items.35.instructions.4,Поменяйте руки и повторите,Zmień ręce i powtórz,Byt händer och upprepa,Vyměňte ruce a opakujte,Vymeňte ruky a opakujte,Vaihda kättä ja toista,Cambia mano e ripeti,Wechseln Sie den Besitzer und wiederholen Sie den Vorgang,Changez de main et répétez
exercises.items.35.tips.0,Не делайте резких движений,Nie wykonuj żadnych gwałtownych ruchów,Gör inga plötsliga rörelser,Nedělejte žádné náhlé pohyby,Nerobte žiadne náhle pohyby,Älä tee äkillisiä liikkeitä,Non fare movimenti bruschi,Machen Sie keine plötzlichen Bewegungen,Ne faites pas de mouvements brusques
exercises.items.35.tips.1,Растягивайтесь плавно,Rozciągaj się płynnie,Sträck ut smidigt,Plynule se protahujte,Hladko natiahnite,Venytä pehmeästi,Allungare dolcemente,Sanft dehnen,Étirez-vous en douceur
exercises.items.35.tips.2,Дышите равномерно,Oddychaj równomiernie,Andas jämnt,Dýchejte rovnoměrně,Dýchajte rovnomerne,Hengitä tasaisesti,Respirare in modo uniforme,Atme gleichmäßig,Respirez régulièrement
exercises.items.35.tips.3,Выполняйте для обеих рук,Wykonaj dla obu rąk,Utför för båda händerna,Proveďte pro obě ruce,Vykonajte pre obe ruky,Suorita molemmille käsille,Eseguire per entrambe le mani,Mit beiden Händen ausführen,Exécuter pour les deux mains
,,,,,,,,,
exercises.items.36.title,Змейка между конусами,Wąż między szyszkami,Orm mellan kottar,Had mezi kužely,Had medzi kužeľmi,Käärme käpyjen välissä,Serpente tra i coni,Schlange zwischen Zapfen,Serpent entre les cônes
exercises.items.36.instructions.0,Расставьте конусы змейкой на расстоянии 2-3 метра,Ułóż szyszki w kształcie węża w odległości 2-3 metrów,Lägg kottarna i ett ormliknande mönster på 2-3 meters avstånd,Šišky umístěte do hadího vzoru ve vzdálenosti 2-3 metrů,Šišky umiestnite do hadieho vzoru vo vzdialenosti 2-3 metre,Aseta käpyjä käärmemäisesti 2-3 metrin etäisyydelle,Posizionare i coni a forma di serpente a una distanza di 2-3 metri,Platzieren Sie die Kegel in einem schlangenartigen Muster in einem Abstand von 2-3 Metern,Placez les cônes en forme de serpent à une distance de 2 à 3 mètres
exercises.items.36.instructions.1,"Начните бег, огибая каждый конус",Zacznij biegać wokół każdego pachołka,Börja springa runt varje kon,Začněte běhat kolem každého kužele,Začnite behať okolo každého kužeľa,Aloita juokseminen jokaisen kartion ympäri,Inizia a correre intorno a ogni cono,"Beginnen Sie, um jeden Kegel herumzulaufen",Commencez à courir autour de chaque cône
exercises.items.36.instructions.2,Держите низкий центр тяжести,Utrzymuj środek ciężkości nisko,Håll din tyngdpunkt låg,Udržujte své těžiště nízko,Udržujte svoje ťažisko nízko,Pidä painopiste matalalla,Mantieni il baricentro basso,Halten Sie Ihren Schwerpunkt niedrig,Gardez votre centre de gravité bas
exercises.items.36.instructions.3,Работайте ногами быстро и часто,Ćwicz nogi szybko i często,Arbeta dina ben snabbt och ofta,Pracujte nohama rychle a často,Pracujte nohami rýchlo a často,Työskentele jaloillasi nopeasti ja usein,Allena le gambe velocemente e spesso,Trainieren Sie Ihre Beine schnell und oft,Travaillez vos jambes rapidement et souvent
exercises.items.36.instructions.4,Следите за правильной техникой поворотов,"Upewnij się, że stosujesz prawidłową technikę skręcania.",Se till att du använder rätt svarvteknik.,"Ujistěte se, že používáte správnou techniku ​​otáčení.","Uistite sa, že používate správnu techniku ​​otáčania.","Varmista, että käytät oikeaa kääntötekniikkaa.",Assicuratevi di utilizzare la tecnica di svolta corretta.,Achten Sie auf die richtige Drehtechnik.,Assurez-vous d’utiliser une technique de tournage appropriée.
exercises.items.36.tips.0,Начинайте с медленного темпа,Zacznij w wolnym tempie,Börja i långsam takt,Začněte pomalým tempem,Začnite pomalým tempom,Aloita hitaasti,Inizia a un ritmo lento,Beginnen Sie langsam,Commencez à un rythme lent
exercises.items.36.tips.1,"Следите за техникой, а не за скоростью","Skup się na technice, nie na szybkości.","Fokusera på teknik, inte snabbhet.","Soustřeďte se na techniku, ne na rychlost.","Sústreďte sa na techniku, nie na rýchlosť.","Keskity tekniikkaan, älä nopeuteen.","Concentratevi sulla tecnica, non sulla velocità.","Konzentrieren Sie sich auf die Technik, nicht auf die Geschwindigkeit.","Concentrez-vous sur la technique, pas sur la vitesse."
exercises.items.36.tips.2,Держите голову поднятой,Trzymaj głowę do góry,Håll huvudet uppe,Hlavu vzhůru,Hlavu hore,Pidä pää pystyssä,Tieni la testa alta,Kopf hoch,Gardez la tête haute
exercises.items.36.tips.3,Используйте короткие быстрые шаги,"Stosuj krótkie, szybkie kroki","Använd korta, snabba steg","Používejte krátké, rychlé kroky","Používajte krátke, rýchle kroky","Käytä lyhyitä, nopeita askeleita",Utilizzare passaggi brevi e rapidi,"Verwenden Sie kurze, schnelle Schritte",Utilisez des étapes courtes et rapides
,,,,,,,,,
exercises.items.37.title,Быстрые касания ногами,Szybkie dotknięcie stóp,Snabba fotberöringar,Rychlé doteky nohou,Rýchle dotyky nôh,Nopeat kosketukset jalkaan,Tocchi rapidi dei piedi,Schnelle Fußberührungen,Touches de pied rapides
exercises.items.37.instructions.0,Встаньте рядом с мячом,Stań obok piłki,Stå bredvid bollen,Postavte se vedle míče,Postavte sa vedľa lopty,Seiso pallon vieressä,Mettiti accanto alla palla,Stehen Sie neben dem Ball,Tenez-vous à côté du ballon
exercises.items.37.instructions.1,Быстро касайтесь мяча ногой,Szybko dotknij piłki nogą,Rör bollen snabbt med foten,Rychle se dotkněte míče nohou,Rýchlo sa dotknite lopty nohou,Kosketa palloa nopeasti jalallasi,Tocca la palla velocemente con il piede,Berühre den Ball schnell mit deinem Fuß,Touchez le ballon rapidement avec votre pied
exercises.items.37.instructions.2,Меняйте ноги каждые 2-3 касания,Zmień nogi co 2-3 dotknięcia,Byt ben var 2-3 beröring,Vyměňte nohy každé 2-3 doteky,Vymeňte nohy každé 2-3 dotyky,Vaihda jalkaa 2-3 kosketuksen välein,Cambiare gamba ogni 2-3 tocchi,Wechseln Sie alle 2-3 Berührungen das Bein,Changer de jambe tous les 2-3 contacts
exercises.items.37.instructions.3,Поддерживайте постоянный ритм,Utrzymuj stały rytm,Håll en konstant rytm,Udržujte stálý rytmus,Udržujte stály rytmus,Säilytä jatkuva rytmi,Mantenere un ritmo costante,Halten Sie einen konstanten Rhythmus ein,Maintenir un rythme constant
exercises.items.37.instructions.4,Выполните 30-60 секунд,Wykonuj przez 30–60 sekund,Utför i 30-60 sekunder,Provádějte 30-60 sekund,Vykonajte 30-60 sekúnd,Suorita 30-60 sekuntia,Eseguire per 30-60 secondi,30–60 Sekunden lang ausführen,Exécutez pendant 30 à 60 secondes
exercises.items.37.tips.0,Держите вес тела на опорной ноге,Przenieś ciężar ciała na nogę podporową,Håll din kroppsvikt på ditt stödben,Udržujte váhu těla na podpůrné noze,Udržujte váhu tela na podpornej nohe,Pidä kehosi painosi tukijalassasi,Mantieni il peso del corpo sulla gamba di appoggio,Halten Sie Ihr Körpergewicht auf Ihrem Standbein,Gardez le poids de votre corps sur votre jambe d'appui
exercises.items.37.tips.1,"Работайте быстро, но контролируемо","Pracuj szybko, ale w sposób kontrolowany",Arbeta snabbt men kontrollerat,"Pracujte rychle, ale kontrolovaně","Pracujte rýchlo, ale kontrolovane","Työskentele nopeasti, mutta hallitusti",Lavorare velocemente ma in modo controllato,"Arbeiten Sie zügig, aber kontrolliert",Travailler rapidement mais de manière contrôlée
exercises.items.37.tips.2,Не теряйте равновесие,Nie trać równowagi,Tappa inte balansen,Neztrácejte rovnováhu,Nestrácajte rovnováhu,Älä menetä tasapainoasi,Non perdere l'equilibrio,Verlieren Sie nicht das Gleichgewicht,Ne perdez pas l'équilibre
exercises.items.37.tips.3,Следите за техникой касания,Uważaj na technikę dotyku,Titta på din beröringsteknik,Sledujte svou techniku ​​dotyku,Sledujte svoju techniku ​​dotyku,Tarkkaile kosketustekniikkaasi,Fai attenzione alla tua tecnica di tocco,Achten Sie auf Ihre Berührungstechnik,Surveillez votre technique de toucher
,,,,,,,,,
exercises.items.38.title,Прыжки с поворотами,Skoki z obrotami,Hoppar med svängar,Skoky s obraty,Skoky s obratmi,Hyppää käännöksillä,Salti con curve,Sprünge mit Drehungen,Sauts avec virages
exercises.items.38.instructions.0,"Встаньте прямо, ноги на ширине плеч","Stań prosto, rozstawiając stopy na szerokość ramion",Stå rakt med fötterna axelbrett isär,Postavte se rovně s nohama na šířku ramen,Postavte sa rovno s nohami na šírku ramien,Seiso suorana jalat hartioiden leveydellä toisistaan,Stai in piedi dritto con i piedi alla larghezza delle spalle,Stehen Sie gerade mit schulterbreit auseinander stehenden Füßen,"Tenez-vous droit, les pieds écartés à la largeur des épaules"
exercises.items.38.instructions.1,Сделайте прыжок вверх,Zrób skok,Gör ett hopp upp,Vyskočte nahoru,Vyskočte hore,Tee hyppy ylös,Fai un salto in alto,Mach einen Sprung nach oben,Faire un saut
exercises.items.38.instructions.2,Во время прыжка повернитесь на 180 градусов,Obróć się o 180 stopni podczas skoku,Vrid 180 grader medan du hoppar,Při skákání se otočte o 180 stupňů,Počas skákania sa otočte o 180 stupňov,Käänny 180 astetta hyppääessäsi,Girare di 180 gradi mentre si salta,Drehen Sie sich beim Springen um 180 Grad,Tournez à 180 degrés en sautant
exercises.items.38.instructions.3,Приземлитесь мягко на обе ноги,Ląduj miękko na obu stopach.,Landa mjukt på båda fötterna.,Přistaňte jemně na obě nohy.,Dostaňte mäkko na obe nohy.,Laskeudu pehmeästi molemmille jaloille.,Atterrare dolcemente su entrambi i piedi.,Landen Sie sanft auf beiden Füßen.,Atterrissez doucement sur vos deux pieds.
exercises.items.38.instructions.4,Сразу повернитесь обратно и повторите,Natychmiast odwróć się i powtórz,Vänd omedelbart tillbaka och upprepa,Okamžitě se otočte a opakujte,Okamžite sa otočte a opakujte,Käänny välittömästi takaisin ja toista,Tornare indietro immediatamente e ripetere,Sofort umkehren und wiederholen,Revenez immédiatement en arrière et répétez
exercises.items.38.tips.0,Приземляйтесь на полусогнутые ноги,Ląduj z ugiętymi nogami,Landa med böjda ben,Přistaňte s pokrčenýma nohama,Pristaňte s pokrčenými nohami,Laskeudu jalat koukussa,Atterra con le gambe piegate,Lande mit gebeugten Beinen,Atterrissez avec les jambes pliées
exercises.items.38.tips.1,Работайте руками для баланса,Użyj ramion do utrzymania równowagi,Använd armarna för balans,Pro rovnováhu použijte paže,Použite ruky na rovnováhu,Käytä käsiäsi tasapainoon,Usa le braccia per mantenere l'equilibrio,Verwenden Sie Ihre Arme zum Balancieren,Utilisez vos bras pour garder l'équilibre
exercises.items.38.tips.2,Начинайте с небольших поворотов,Zacznij od małych obrotów,Börja med små svängar,Začněte malými zatáčkami,Začnite malými zákrutami,Aloita pienillä käännöksillä,Inizia con piccole curve,Beginnen Sie mit kleinen Kurven,Commencez par de petits virages
exercises.items.38.tips.3,Следите за техникой приземления,Uważaj na technikę lądowania,Titta på din landningsteknik,Pozor na techniku ​​přistání,Sledujte techniku ​​pristátia,Tarkkaile laskeutumistekniikkaasi,Fai attenzione alla tecnica di atterraggio,Achten Sie auf Ihre Landetechnik,Surveillez votre technique d'atterrissage
,,,,,,,,,
exercises.items.39.title,Быстрые передачи мяча,Szybkie podania piłki,Snabba bollpassningar,Rychlé přihrávky míče,Rýchle prihrávky lopty,Nopeita pallonsyöttöjä,Passaggi rapidi della palla,Schnelle Pässe,Passes rapides du ballon
exercises.items.39.instructions.0,Встаньте лицом к стене на расстоянии 2-3 метра,Stań twarzą do ściany w odległości 2-3 metrów,Stå vänd mot väggen på 2-3 meters avstånd,Postavte se čelem ke zdi ve vzdálenosti 2-3 metry,Postavte sa čelom k stene vo vzdialenosti 2-3 metre,Seiso seinää vasten 2-3 metrin etäisyydellä,Posizionarsi di fronte al muro a una distanza di 2-3 metri,Stellen Sie sich mit dem Gesicht zur Wand in einem Abstand von 2-3 Metern,Tenez-vous face au mur à une distance de 2 à 3 mètres
exercises.items.39.instructions.1,Быстро передавайте мяч в стену,Szybko podaj piłkę do ściany,Passa bollen snabbt till väggen,Přihrávejte míč rychle ke zdi,Rýchlo prihrajte loptu k stene,Syötä pallo nopeasti seinään,Passare la palla velocemente al muro,Passen Sie den Ball schnell zur Wand,Passez le ballon rapidement au mur
exercises.items.39.instructions.2,Ловите отскок и сразу передавайте обратно,Złap piłkę odbitą i natychmiast podaj ją z powrotem,Fånga returen och skicka tillbaka den omedelbart,Zachyťte odraz a okamžitě jej předejte zpět,Zachyťte odraz a okamžite ho odovzdajte späť,Ota kiinni pallosta ja syötä se välittömästi takaisin,Prendi il rimbalzo e passalo subito indietro,Fangen Sie den Rebound und geben Sie ihn sofort zurück,Attrapez le rebond et passez-le immédiatement en arrière
exercises.items.39.instructions.3,Работайте обеими руками,Pracuj obiema rękami,Arbeta med båda händerna,Pracujte oběma rukama,Pracujte oboma rukami,Työskentele molemmilla käsillä,Lavorare con entrambe le mani,Mit beiden Händen arbeiten,Travailler avec les deux mains
exercises.items.39.instructions.4,Выполните 30-45 секунд,Wykonuj przez 30–45 sekund,Utför i 30-45 sekunder,Provádějte 30-45 sekund,Vykonajte 30-45 sekúnd,Suorita 30-45 sekuntia,Eseguire per 30-45 secondi,30–45 Sekunden lang ausführen,Exécutez pendant 30 à 45 secondes
exercises.items.39.tips.0,Используйте правильную технику передачи,Stosuj prawidłową technikę podań,Använd rätt passningsteknik,Používejte správnou techniku ​​přihrávek,Používajte správnu techniku ​​prihrávok,Käytä oikeaa syöttötekniikkaa,Utilizzare la tecnica di passaggio corretta,Verwenden Sie die richtige Passtechnik,Utiliser une technique de passe appropriée
exercises.items.39.tips.1,Следите глазами за мячом,Skup się na piłce,Håll ögonen på bollen,Mějte oči na míči,Majte oči na lopte,Pidä silmäsi pallossa,Tieni gli occhi sulla palla,Behalten Sie den Ball im Auge,Gardez les yeux sur la balle
exercises.items.39.tips.2,"Работайте быстро, но точно","Pracuj szybko, ale dokładnie",Arbeta snabbt men noggrant,"Pracujte rychle, ale přesně","Pracujte rýchlo, ale presne",Työskentele nopeasti mutta tarkasti,Lavorare velocemente ma con precisione,"Arbeiten Sie schnell, aber genau",Travaillez rapidement mais avec précision
exercises.items.39.tips.3,Держите руки расслабленными,Trzymaj ręce rozluźnione,Håll händerna avslappnade,Udržujte ruce uvolněné,Udržujte ruky uvoľnené,Pidä kätesi rentoina,Tieni le mani rilassate,Halten Sie Ihre Hände entspannt,Gardez vos mains détendues
,,,,,,,,,
exercises.items.40.title,Бег спиной вперед,Bieganie wstecz,Springer baklänges,Běh vzad,Beh dozadu,Juokseminen taaksepäin,Correre all'indietro,Rückwärtslaufen,Courir à reculons
exercises.items.40.instructions.0,Начните с медленного бега спиной вперед,Zacznij od powolnego biegu do tyłu.,Börja med att springa sakta bakåt.,Začněte pomalým běháním vzad.,Začnite pomalým behom vzad.,Aloita juoksemalla hitaasti taaksepäin.,Inizia correndo lentamente all'indietro.,"Beginnen Sie, indem Sie langsam rückwärts laufen.",Commencez par courir lentement en arrière.
exercises.items.40.instructions.1,Часто оглядывайтесь через плечо,Często oglądaj się przez ramię,Titta över axeln ofta,Často se dívejte přes rameno,Často sa pozerajte cez rameno,Katso usein olkapääsi yli,Guardati spesso alle spalle,Schauen Sie oft über Ihre Schulter,Regardez souvent par-dessus votre épaule
exercises.items.40.instructions.2,Держите центр тяжести низко,Utrzymuj środek ciężkości nisko,Håll din tyngdpunkt låg,Udržujte své těžiště nízko,Udržujte svoje ťažisko nízko,Pidä painopiste matalalla,Mantieni il baricentro basso,Halten Sie Ihren Schwerpunkt niedrig,Gardez votre centre de gravité bas
exercises.items.40.instructions.3,Работайте руками для баланса,Użyj ramion do utrzymania równowagi,Använd armarna för balans,Pro rovnováhu použijte paže,Použite ruky na rovnováhu,Käytä käsiäsi tasapainoon,Usa le braccia per mantenere l'equilibrio,Verwenden Sie Ihre Arme zum Balancieren,Utilisez vos bras pour garder l'équilibre
exercises.items.40.instructions.4,Выполните 20-30 метров,Ukończ 20-30 metrów,Kör 20-30 meter,Kompletní 20-30 metrů,Kompletné 20-30 metrov,Ajettu 20-30 metriä,Completa 20-30 metri,Schließe 20–30 Meter ab,Compléter 20-30 mètres
exercises.items.40.tips.0,Начинайте очень медленно,Zacznij bardzo powoli,Börja väldigt långsamt,Začněte velmi pomalu,Začnite veľmi pomaly,Aloita hyvin hitaasti,Inizia molto lentamente,Beginnen Sie ganz langsam,Commencez très lentement
exercises.items.40.tips.1,Всегда проверяйте пространство за собой,Zawsze sprawdzaj przestrzeń za sobą,Kontrollera alltid utrymmet bakom dig,Vždy zkontrolujte prostor za vámi,Vždy skontrolujte priestor za sebou,Tarkista aina takanasi oleva tila,Controlla sempre lo spazio dietro di te,Überprüfen Sie immer den Raum hinter Ihnen,Vérifiez toujours l'espace derrière vous
exercises.items.40.tips.2,Держите колени слегка согнутыми,Trzymaj kolana lekko zgięte,Håll knäna lätt böjda,Kolena mějte mírně pokrčená,Kolená majte mierne pokrčené,Pidä polvet hieman koukussa,Tieni le ginocchia leggermente piegate,Halten Sie Ihre Knie leicht gebeugt,Gardez vos genoux légèrement pliés
exercises.items.40.tips.3,Не торопитесь с увеличением скорости,Nie spiesz się ze zwiększaniem prędkości,Rusa inte in i ökande hastighet,Nespěchejte se zvyšováním rychlosti,Neponáhľajte sa so zvyšovaním rýchlosti,Älä kiirehdi nopeuteen,Non affrettarti ad aumentare la velocità,Erhöhen Sie die Geschwindigkeit nicht überstürzt,Ne vous précipitez pas pour augmenter la vitesse
,,,,,,,,,
exercises.items.41.title,Приседания с весом,Przysiady z ciężarkami,Squats med vikter,Dřepy se závažím,Drepy so závažím,Kyykky painoilla,Squat con pesi,Kniebeugen mit Gewichten,Squats avec poids
exercises.items.41.instructions.0,"Встаньте прямо, ноги на ширине плеч","Stań prosto, rozstawiając stopy na szerokość ramion",Stå rakt med fötterna axelbrett isär,Postavte se rovně s nohama na šířku ramen,Postavte sa rovno s nohami na šírku ramien,Seiso suorana jalat hartioiden leveydellä toisistaan,Stai in piedi dritto con i piedi alla larghezza delle spalle,Stehen Sie gerade mit schulterbreit auseinander stehenden Füßen,"Tenez-vous droit, les pieds écartés à la largeur des épaules"
exercises.items.41.instructions.1,Возьмите гантели или штангу,Weź hantle lub sztangę,Ta hantlar eller en skivstång,Vezměte si činky nebo činku,Vezmite si činky alebo činku,Ota käsipainot tai tanko,Prendi dei manubri o un bilanciere,Nehmen Sie Hanteln oder eine Langhantel,Prenez des haltères ou une barre
exercises.items.41.instructions.2,Приседайте до параллели с полом,"Wykonuj przysiady, aż palce stóp znajdą się równolegle do podłogi.",Sitt på huk tills tårna är parallella med golvet.,"Dřepněte si, dokud nebudou prsty u nohou rovnoběžné s podlahou.","Drepujte, kým prsty na nohách nebudú rovnobežné s podlahou.","Kyykky, kunnes varpaat ovat yhdensuuntaiset lattian kanssa.",Accovacciatevi finché le dita dei piedi non sono parallele al pavimento.,"Gehen Sie in die Hocke, bis Ihre Zehen parallel zum Boden sind.",Accroupissez-vous jusqu’à ce que vos orteils soient parallèles au sol.
exercises.items.41.instructions.3,"Вставайте, используя силу ног","Wstań, wykorzystując siłę nóg",Gå upp med styrkan i dina ben,Vstávejte pomocí síly svých nohou,Vstaňte pomocou sily nôh,Nouse ylös käyttämällä jalkojen voimaa,Alzati usando la forza delle tue gambe,Stehen Sie mit der Kraft Ihrer Beine auf,Levez-vous en utilisant la force de vos jambes
exercises.items.41.instructions.4,Выполните 3-4 подхода по 8-12 повторений,Wykonaj 3-4 serie po 8-12 powtórzeń,Utför 3-4 set med 8-12 reps,Proveďte 3-4 sady po 8-12 opakováních,Vykonajte 3-4 sady po 8-12 opakovaní,Suorita 3-4 sarjaa 8-12 toistoa,Eseguire 3-4 serie da 8-12 ripetizioni,Führen Sie 3-4 Sätze mit 8-12 Wiederholungen durch,Effectuez 3 à 4 séries de 8 à 12 répétitions
exercises.items.41.tips.0,Держите спину прямой,Trzymaj plecy prosto,Håll ryggen rak,Udržujte záda rovná,Chrbát držte rovno,Pidä selkäsi suorana,Tieni la schiena dritta,Halten Sie Ihren Rücken gerade,Gardez le dos droit
exercises.items.41.tips.1,Не округляйте поясницу,Nie zaokrąglaj dolnej części pleców,Runda inte nedre delen av ryggen,Nezakulacujte spodní část zad,Nezaobľujte spodnú časť chrbta,Älä pyöristä alaselkääsi,Non arrotondare la parte bassa della schiena,Machen Sie keinen Rundumblick im unteren Rücken,Ne arrondissez pas le bas du dos
exercises.items.41.tips.2,Колени не должны выходить за носки,Twoje kolana nie powinny wychodzić poza palce stóp.,Dina knän ska inte gå längre än tårna.,Vaše kolena by neměla přesahovat prsty u nohou.,Kolená by nemali presahovať prsty na nohách.,Polvisi eivät saa ylittää varpaitasi.,Le ginocchia non devono superare le dita dei piedi.,Ihre Knie sollten nicht über Ihre Zehen hinausragen.,Vos genoux ne doivent pas dépasser vos orteils.
exercises.items.41.tips.3,Начинайте с легкого веса,Zacznij od lekkich ciężarków,Börja med lätta vikter,Začněte s lehkými váhami,Začnite s ľahkými váhami,Aloita kevyillä painoilla,Inizia con pesi leggeri,Beginnen Sie mit leichten Gewichten,Commencez avec des poids légers
,,,,,,,,,
exercises.items.42.title,Становая тяга,Martwy ciąg,Marklyft,Mrtvý tah,Mŕtvy ťah,Maastaveto,Stacco da terra,Kreuzheben,Soulevé de terre
exercises.items.42.instructions.0,"Встаньте прямо, ноги на ширине плеч","Stań prosto, rozstawiając stopy na szerokość ramion",Stå rakt med fötterna axelbrett isär,Postavte se rovně s nohama na šířku ramen,Postavte sa rovno s nohami na šírku ramien,Seiso suorana jalat hartioiden leveydellä toisistaan,Stai in piedi dritto con i piedi alla larghezza delle spalle,Stehen Sie gerade mit schulterbreit auseinander stehenden Füßen,"Tenez-vous droit, les pieds écartés à la largeur des épaules"
exercises.items.42.instructions.1,Возьмите штангу с пола прямым хватом,Podnieś sztangę z podłogi nachwytem.,Ta skivstången från golvet med ett överhandsgrepp.,Vezměte činku z podlahy nadhmatem.,Vezmite činku z podlahy úchopom nadhmatom.,Ota tanko lattiasta käsikahvalla.,Prendi il bilanciere da terra con una presa prona.,Heben Sie die Langhantel mit einem Oberhandgriff vom Boden.,Prenez la barre du sol avec une prise en pronation.
exercises.items.42.instructions.2,Согните ноги в коленях и отведите таз назад,Zegnij kolana i przesuń miednicę do tyłu,Böj knäna och flytta bäckenet bakåt,Pokrčte kolena a posuňte pánev dozadu,Pokrčte kolená a posuňte panvu dozadu,Taivuta polviasi ja siirrä lantiota taaksepäin,Piega le ginocchia e sposta il bacino indietro,Beugen Sie die Knie und bewegen Sie das Becken nach hinten,Pliez vos genoux et déplacez votre bassin vers l'arrière
exercises.items.42.instructions.3,"Поднимите штангу, разгибая ноги и спину",Podnieś sztangę prostując nogi i plecy.,Lyft skivstången genom att räta ut benen och ryggen.,Zvedněte činku narovnáním nohou a zad.,Zdvihnite činku narovnaním nôh a chrbta.,Nosta tankoa suoristamalla jalkojasi ja selkääsi.,Sollevare il bilanciere raddrizzando le gambe e la schiena.,"Heben Sie die Langhantel an, indem Sie Ihre Beine und Ihren Rücken strecken.",Soulevez la barre en redressant vos jambes et votre dos.
exercises.items.42.instructions.4,Верните штангу на пол контролируемо,Odłóż sztangę na podłogę w sposób kontrolowany.,Sätt tillbaka stången till golvet på ett kontrollerat sätt.,Vraťte tyč kontrolovaně na podlahu.,Vráťte tyč kontrolovane na podlahu.,Palauta tanko lattialle hallitusti.,Riportare la barra a terra in modo controllato.,Bringen Sie die Stange kontrolliert wieder auf den Boden.,Remettez la barre au sol de manière contrôlée.
exercises.items.42.tips.0,Держите спину прямой на протяжении всего движения,Podczas wykonywania ruchu utrzymuj proste plecy.,Håll ryggen rak under hela rörelsen.,Po celou dobu pohybu držte záda rovná.,Počas celého pohybu držte chrbát rovno.,Pidä selkä suorana koko liikkeen ajan.,Mantieni la schiena dritta durante tutto il movimento.,Halten Sie Ihren Rücken während der gesamten Bewegung gerade.,Gardez le dos droit tout au long du mouvement.
exercises.items.42.tips.1,Не округляйте поясницу,Nie zaokrąglaj dolnej części pleców,Runda inte nedre delen av ryggen,Nezakulacujte spodní část zad,Nezaobľujte spodnú časť chrbta,Älä pyöristä alaselkääsi,Non arrotondare la parte bassa della schiena,Machen Sie keinen Rundumblick im unteren Rücken,Ne arrondissez pas le bas du dos
exercises.items.42.tips.2,Двигайте штангу близко к телу,Przesuń sztangę bliżej ciała,Flytta stången nära din kropp,Přibližte tyč k tělu,Posuňte tyč bližšie k telu,Siirrä tanko lähelle vartaloasi,Avvicina la barra al tuo corpo,Bewegen Sie die Stange nah an Ihren Körper,Rapprochez la barre de votre corps
exercises.items.42.tips.3,Начинайте с легкого веса,Zacznij od lekkich ciężarków,Börja med lätta vikter,Začněte s lehkými váhami,Začnite s ľahkými váhami,Aloita kevyillä painoilla,Inizia con pesi leggeri,Beginnen Sie mit leichten Gewichten,Commencez avec des poids légers
,,,,,,,,,
exercises.items.43.title,Жим лежа,Wyciskanie na ławce,Bänkpress,Bench press,Bench press,Penkkipunnerrus,Panca piana,Bankdrücken,Développé couché
exercises.items.43.instructions.0,"Лягте на скамью, ноги на полу",Połóż się na ławce ze stopami na podłodze.,Lägg dig på bänken med fötterna på golvet.,Lehněte si na lavici s nohama na podlaze.,Ľahnite si na lavičku s nohami na podlahe.,Makaa penkillä jalat lattialla.,Sdraiati sulla panca con i piedi sul pavimento.,Legen Sie sich mit den Füßen auf dem Boden auf die Bank.,Allongez-vous sur le banc avec vos pieds sur le sol.
exercises.items.43.instructions.1,Возьмите штангу широким хватом,Chwyć sztangę szerokim chwytem,Ta skivstången med ett brett grepp,Vezměte činku širokým úchopem,Vezmite činku širokým úchopom,Ota tanko leveällä otteella,Prendi il bilanciere con una presa larga,Nehmen Sie die Langhantel mit weitem Griff,Prenez la barre avec une prise large
exercises.items.43.instructions.2,Опустите штангу к груди контролируемо,Opuszczaj sztangę do klatki piersiowej w sposób kontrolowany.,Sänk stången till bröstet på ett kontrollerat sätt.,Kontrolovaně spusťte tyč k hrudi.,Kontrolovane spustite tyč k hrudníku.,Laske tanko rintaasi vasten hallitusti.,Abbassare la barra verso il petto in modo controllato.,Senken Sie die Stange kontrolliert auf Ihre Brust.,Abaissez la barre jusqu’à votre poitrine de manière contrôlée.
exercises.items.43.instructions.3,Выжмите штангу вверх,Wyciskanie sztangi w górę,Tryck skivstången uppåt,Stiskněte činku nahoru,Stlačte činku nahor,Paina tanko ylös,Spingere il bilanciere verso l'alto,Drücken Sie die Langhantel nach oben,Appuyez sur la barre vers le haut
exercises.items.43.instructions.4,Выполните 3-4 подхода по 6-10 повторений,Wykonaj 3-4 serie po 6-10 powtórzeń,Utför 3-4 set med 6-10 reps,Proveďte 3-4 sady po 6-10 opakováních,Vykonajte 3-4 sady po 6-10 opakovaní,Suorita 3-4 sarjaa 6-10 toistoa,Eseguire 3-4 serie da 6-10 ripetizioni,Führen Sie 3-4 Sätze mit 6-10 Wiederholungen durch,Effectuez 3 à 4 séries de 6 à 10 répétitions
exercises.items.43.tips.0,Держите лопатки сведенными,Trzymaj łopatki ściągnięte,Håll skulderbladen ihopdragna,Udržujte lopatky přitažené k sobě,Lopatky majte pritiahnuté k sebe,Pidä lapaluita vedettynä yhteen,Tieni le scapole unite,Halten Sie Ihre Schulterblätter zusammengezogen,Gardez vos omoplates rapprochées
exercises.items.43.tips.1,Не отрывайте ноги от пола,Trzymaj stopy na podłodze,Håll fötterna på golvet,Udržujte nohy na podlaze,Udržujte nohy na podlahe,Pidä jalat lattialla,Tieni i piedi sul pavimento,Halten Sie Ihre Füße auf dem Boden,Gardez les pieds sur le sol
exercises.items.43.tips.2,Дышите правильно: выдох на усилии,Prawidłowe oddychanie: wydychaj z wysiłkiem,Andas rätt: andas ut med ansträngning,Dýchejte správně: s námahou vydechujte,Dýchajte správne: s námahou vydýchnite,Hengitä oikein: hengitä ponnistelemalla,Respirare correttamente: espirare con sforzo,Richtig atmen: Mit Anstrengung ausatmen,Respirez correctement : expirez avec effort
exercises.items.43.tips.3,Используйте страховку,Użyj ubezpieczenia,Använd försäkring,Použijte pojištění,Využite poistenie,Käytä vakuutusta,Utilizzare l'assicurazione,Nutzen Sie die Versicherung,Utiliser une assurance
,,,,,,,,,
exercises.items.44.title,Подтягивания,Podciąganie,Pull-ups,Přítahy,Príťahy,Vedot,Trazioni alla sbarra,Klimmzüge,Tractions
exercises.items.44.instructions.0,Повисните на перекладине прямым хватом,Zawieś się na drążku nachwytem,Häng på stången med ett överhandsgrepp,Zavěste se na hrazdu úchopem nadhmatem,Zaveste sa na tyč nadhmatom,Ripusta tangossa kädensijalla,Appendersi alla barra con una presa sopramano,Hängen Sie mit einem Oberhandgriff an der Stange,Accrochez-vous à la barre avec une prise en pronation
exercises.items.44.instructions.1,"Подтянитесь, пока подбородок не окажется над перекладиной","Podciągnij się, aż twoja broda znajdzie się nad drążkiem.",Dra dig upp tills hakan är ovanför stången.,"Vytáhněte se nahoru, dokud nebude vaše brada nad tyčí.","Vytiahnite sa nahor, až kým nebude vaša brada nad tyčou.","Vedä itsesi ylös, kunnes leukasi on tangon yläpuolella.",Tiratevi su finché il mento non si trova sopra la sbarra.,"Ziehen Sie sich hoch, bis Ihr Kinn über der Stange ist.",Tirez-vous vers le haut jusqu’à ce que votre menton soit au-dessus de la barre.
exercises.items.44.instructions.2,Опуститесь в исходное положение,Opuść się z powrotem do pozycji wyjściowej,Sänk dig tillbaka till startpositionen,Spusťte se zpět do výchozí polohy,Spustite sa späť do východiskovej polohy,Laske itsesi takaisin lähtöasentoon,Abbassati di nuovo nella posizione di partenza,Senken Sie sich zurück in die Ausgangsposition,Redescendez jusqu'à la position de départ
exercises.items.44.instructions.3,Держите корпус напряженным,Napnij mięśnie korpusu,Håll din kärna tät,Udržujte své jádro pevné,Udržujte svoje jadro pevne,Pidä ydin tiukkana,Mantieni il tuo core contratto,Halten Sie Ihren Rumpf angespannt,Gardez votre tronc serré
exercises.items.44.instructions.4,Выполните 3-4 подхода по максимальному количеству,Wykonaj 3-4 serie maksymalnej liczby powtórzeń,Utför 3-4 set med maximala reps,Proveďte 3-4 sady maximálních opakování,Vykonajte 3-4 sady maximálnych opakovaní,Tee 3-4 sarjaa maksimitoistoja,Eseguire 3-4 serie di ripetizioni massime,Führen Sie 3-4 Sätze mit maximalen Wiederholungen durch,Effectuez 3 à 4 séries de répétitions maximales
exercises.items.44.tips.0,Не раскачивайтесь,Nie huśtaj się,Sväng inte,Nehoupejte se,Nehojdajte sa,Älä keinu,Non oscillare,Nicht schwingen,Ne balance pas
exercises.items.44.tips.1,Подтягивайтесь плавно и контролируемо,Podciągaj się płynnie i w sposób kontrolowany,Dra upp smidigt och kontrollerat,Vytahujte plynule a kontrolovaně,Hladko a kontrolovane ťahajte nahor,Vedä ylös pehmeästi ja hallitusti,Tirare su in modo fluido e controllato,Ziehen Sie sanft und kontrolliert nach oben,Tirez doucement et de manière contrôlée
exercises.items.44.tips.2,Полностью выпрямляйте руки внизу,Wyprostuj całkowicie ramiona u dołu,Räta ut armarna helt i botten,Narovnejte ruce úplně dole,Úplne narovnajte ruky v spodnej časti,Suorista kädet kokonaan alhaalta,Raddrizza completamente le braccia in basso,Strecken Sie Ihre Arme unten vollständig,Redressez complètement vos bras en bas
exercises.items.44.tips.3,При необходимости используйте помощь,W razie potrzeby skorzystaj z pomocy,Använd hjälp vid behov,V případě potřeby použijte pomoc,V prípade potreby použite pomoc,Käytä tarvittaessa apua,Utilizzare assistenza se necessario,Nehmen Sie bei Bedarf Hilfe in Anspruch,Utilisez de l'aide si nécessaire
,,,,,,,,,
exercises.items.45.title,Отжимания на брусьях,Dipy na drążkach,Dips på stängerna,Dipy na mřížích,Dips na barlách,Dipit tankoissa,Dip sulle barre,Dips am Barren,Dips sur les barres
exercises.items.45.instructions.0,Встаньте между брусьями,Stań między kratami,Stå mellan stängerna,Postavte se mezi tyče,Postavte sa medzi tyče,Seiso tankojen välissä,Mettiti tra le sbarre,Stehen Sie zwischen den Gitterstäben,Tenez-vous entre les barreaux
exercises.items.45.instructions.1,Подпрыгните и зафиксируйтесь на брусьях,Podskocz i zablokuj się na drążkach,Hoppa upp och lås fast vid stängerna,Vyskočte a zamkněte na mříže,Vyskočte a zamknite sa na tyče,Hyppää ylös ja lukitse tangot,Salta e agganciati alle sbarre,Springen Sie hoch und haken Sie sich an den Stangen ein,Sautez et verrouillez les barres
exercises.items.45.instructions.2,"Опуститесь, сгибая руки в локтях","Opuść się, zginając łokcie.","Sänk dig ner, böj armbågarna.",Spusťte se dolů a ohněte lokty.,Spustite sa nadol a ohnite lakte.,"Laske itsesi alas, taivuta kyynärpääsi.",Abbassatevi piegando i gomiti.,Senken Sie sich ab und beugen Sie dabei die Ellbogen.,Abaissez-vous en pliant les coudes.
exercises.items.45.instructions.3,"Отожмитесь вверх, разгибая руки",Pompki z wyprostowanymi ramionami,"Tryck upp, räta ut armarna",Zatlačte nahoru a narovnejte ruce,"Zatlačte nahor, narovnajte ruky","Työnnä ylös, suorista käsiäsi","Spingi verso l'alto, raddrizzando le braccia",Drücken Sie sich nach oben und strecken Sie Ihre Arme,Poussez vers le haut en tendant les bras
exercises.items.45.instructions.4,Выполните 3-4 подхода по 5-15 повторений,Wykonaj 3-4 serie po 5-15 powtórzeń,Utför 3-4 set med 5-15 reps,Proveďte 3-4 sady po 5-15 opakováních,Vykonajte 3-4 sady po 5-15 opakovaní,Suorita 3-4 sarjaa 5-15 toistoa,Eseguire 3-4 serie da 5-15 ripetizioni,Führen Sie 3-4 Sätze mit 5-15 Wiederholungen durch,Effectuez 3 à 4 séries de 5 à 15 répétitions
exercises.items.45.tips.0,Держите корпус прямым,Trzymaj ciało prosto,Håll din kropp rak,Udržujte své tělo rovně,Telo držte rovno,Pidä vartalosi suorana,Mantieni il tuo corpo dritto,Halten Sie Ihren Körper gerade,Gardez votre corps droit
exercises.items.45.tips.1,Не раскачивайтесь,Nie huśtaj się,Sväng inte,Nehoupejte se,Nehojdajte sa,Älä keinu,Non oscillare,Nicht schwingen,Ne balance pas
exercises.items.45.tips.2,Опускайтесь до комфортной глубины,Zejdź na wygodną głębokość,Gå ner till ett bekvämt djup,Sestup do pohodlné hloubky,Zostúpte do pohodlnej hĺbky,Laskeudu mukavaan syvyyteen,Scendere a una profondità confortevole,Abstieg auf eine angenehme Tiefe,Descendre à une profondeur confortable
exercises.items.45.tips.3,При необходимости используйте помощь ног,"Jeśli to konieczne, użyj nóg.",Använd dina ben om det behövs.,V případě potřeby použijte nohy.,V prípade potreby použite nohy.,Käytä tarvittaessa jalkojasi.,"Se necessario, usa le gambe.",Benutzen Sie bei Bedarf Ihre Beine.,Utilisez vos jambes si nécessaire.
,,,,,,,,,
exercises.items.46.title,Стойка на одной ноге,Stanie na jednej nodze,Enbensstativ,Stojan na jedné noze,Stojan na jednu nohu,Yksijalkainen teline,Posizione su una gamba,Einbeinstand,Support sur une jambe
exercises.items.46.instructions.0,Встаньте на одну ногу,Stań na jednej nodze,Stå på ett ben,Postavte se na jednu nohu,Postavte sa na jednu nohu,Seiso yhdellä jalalla,Stare su una gamba,Auf einem Bein stehen,Tenez-vous sur une jambe
exercises.items.46.instructions.1,Поднимите другую ногу перед собой,Podnieś drugą nogę przed siebie,Höj ditt andra ben framför dig,Zvedněte druhou nohu před sebe,Zdvihnite druhú nohu pred seba,Nosta toinen jalka eteesi,Solleva l'altra gamba davanti a te,Heben Sie Ihr anderes Bein vor sich an,Levez votre autre jambe devant vous
exercises.items.46.instructions.2,Держите равновесие как можно дольше,"Utrzymuj równowagę tak długo, jak to możliwe",Behåll din balans så länge som möjligt,Udržujte rovnováhu co nejdéle,Udržujte rovnováhu čo najdlhšie,Säilytä tasapainosi niin kauan kuin mahdollista,Mantieni l'equilibrio il più a lungo possibile,Halten Sie Ihr Gleichgewicht so lange wie möglich,Maintenez votre équilibre le plus longtemps possible
exercises.items.46.instructions.3,Работайте руками для баланса,Użyj ramion do utrzymania równowagi,Använd armarna för balans,Pro rovnováhu použijte paže,Použite ruky na rovnováhu,Käytä käsiäsi tasapainoon,Usa le braccia per mantenere l'equilibrio,Verwenden Sie Ihre Arme zum Balancieren,Utilisez vos bras pour garder l'équilibre
exercises.items.46.instructions.4,Поменяйте ноги и повторите,Zmień nogi i powtórz,Byt ben och upprepa,Vyměňte nohy a opakujte,Vymeňte nohy a opakujte,Vaihda jalkaa ja toista,Cambia gamba e ripeti,Wechseln Sie die Beine und wiederholen Sie den Vorgang,Changez de jambe et répétez
exercises.items.46.tips.0,"Смотрите вперед, не вниз","Patrz do przodu, nie w dół","Se framåt, inte ner","Dívejte se dopředu, ne dolů","Pozerajte sa dopredu, nie dole","Katso eteenpäin, älä alas","Guarda avanti, non giù","Schau nach vorne, nicht nach unten","Regardez vers l'avant, pas vers le bas"
exercises.items.46.tips.1,Держите корпус напряженным,Napnij mięśnie korpusu,Håll din kärna tät,Udržujte své jádro pevné,Udržujte svoje jadro pevne,Pidä ydin tiukkana,Mantieni il tuo core contratto,Halten Sie Ihren Rumpf angespannt,Gardez votre tronc serré
exercises.items.46.tips.2,Начинайте с коротких подходов,Zacznij od krótkich serii,Börja med korta set,Začněte s krátkými sadami,Začnite s krátkymi sériami,Aloita lyhyillä sarjoilla,Inizia con serie brevi,Beginnen Sie mit kurzen Sätzen,Commencez par des séries courtes
exercises.items.46.tips.3,Постепенно увеличивайте время,Stopniowo wydłużaj czas,Öka tiden gradvis,Postupně prodlužujte čas,Postupne zvyšujte čas,Lisää aikaa vähitellen,Aumentare gradualmente il tempo,Erhöhen Sie die Zeit schrittweise,Augmenter le temps progressivement
,,,,,,,,,
exercises.items.47.title,Планка на одной ноге,Deska na jednej nodze,Enbens planka,Prkno s jednou nohou,Doska s jednou nohou,Yksijalkainen lankku,Plank su una gamba,Einbeinige Planke,Planche sur une jambe
exercises.items.47.instructions.0,Примите положение планки,Przyjmij pozycję deski,Kom in i en plankposition,Dostaňte se do pozice prkna,Dostaňte sa do pozície planku,Asetu lankkuasentoon,Mettiti in posizione di plank,Gehen Sie in die Plank-Position,Mettez-vous en position de planche
exercises.items.47.instructions.1,Поднимите одну ногу вверх,Podnieś jedną nogę,Lyft upp ett ben,Zvedněte jednu nohu nahoru,Zdvihnite jednu nohu,Nosta toinen jalka ylös,Sollevare una gamba,Heben Sie ein Bein hoch,Lever une jambe
exercises.items.47.instructions.2,Держите ногу прямой,Trzymaj nogę prosto,Håll benet rakt,Udržujte nohu rovně,Udržujte nohu rovno,Pidä jalkasi suorana,Tieni la gamba dritta,Halten Sie Ihr Bein gerade,Gardez votre jambe droite
exercises.items.47.instructions.3,Удерживайте позицию 30-60 секунд,Utrzymaj pozycję przez 30-60 sekund,Håll positionen i 30-60 sekunder,Držte pozici po dobu 30-60 sekund,Držte pozíciu 30-60 sekúnd,Pidä asento 30-60 sekuntia,Mantenere la posizione per 30-60 secondi,Halten Sie die Position für 30-60 Sekunden,Maintenez la position pendant 30 à 60 secondes
exercises.items.47.instructions.4,Поменяйте ноги и повторите,Zmień nogi i powtórz,Byt ben och upprepa,Vyměňte nohy a opakujte,Vymeňte nohy a opakujte,Vaihda jalkaa ja toista,Cambia gamba e ripeti,Wechseln Sie die Beine und wiederholen Sie den Vorgang,Changez de jambe et répétez
exercises.items.47.tips.0,Держите корпус прямым,Trzymaj ciało prosto,Håll din kropp rak,Udržujte své tělo rovně,Telo držte rovno,Pidä vartalosi suorana,Mantieni il tuo corpo dritto,Halten Sie Ihren Körper gerade,Gardez votre corps droit
exercises.items.47.tips.1,Не раскачивайтесь из стороны в сторону,Nie kołysz się na boki,Gunga inte från sida till sida,Nehoupejte se ze strany na stranu,Nekývajte sa zo strany na stranu,Älä heiluta puolelta toiselle,Non dondolarti da un lato all'altro,Nicht von einer Seite zur anderen schaukeln,Ne vous balancez pas d'un côté à l'autre
exercises.items.47.tips.2,Дышите равномерно,Oddychaj równomiernie,Andas jämnt,Dýchejte rovnoměrně,Dýchajte rovnomerne,Hengitä tasaisesti,Respirare in modo uniforme,Atme gleichmäßig,Respirez régulièrement
exercises.items.47.tips.3,Начинайте с коротких подходов,Zacznij od krótkich serii,Börja med korta set,Začněte s krátkými sadami,Začnite s krátkymi sériami,Aloita lyhyillä sarjoilla,Inizia con serie brevi,Beginnen Sie mit kurzen Sätzen,Commencez par des séries courtes
,,,,,,,,,
exercises.items.48.title,Приседания на одной ноге,Przysiady na jednej nodze,Enbens knäböj,Dřepy na jedné noze,Drepy na jednej nohe,Yksijalkaiset kyykkyt,Squat su una gamba,Einbeinige Kniebeugen,Squats sur une jambe
exercises.items.48.instructions.0,Встаньте на одну ногу,Stań na jednej nodze,Stå på ett ben,Postavte se na jednu nohu,Postavte sa na jednu nohu,Seiso yhdellä jalalla,Stare su una gamba,Auf einem Bein stehen,Tenez-vous sur une jambe
exercises.items.48.instructions.1,Другую ногу вытяните вперед,Wyciągnij drugą nogę do przodu,Förläng ditt andra ben framåt,Natáhněte druhou nohu dopředu,Natiahnite druhú nohu dopredu,Ojenna toinen jalkasi eteenpäin,Estendi l'altra gamba in avanti,Strecken Sie Ihr anderes Bein nach vorne,Étendez votre autre jambe vers l'avant
exercises.items.48.instructions.2,Приседайте на опорной ноге,Przysiad na nodze podporowej,Knäböj på stödbenet,Dřep na opěrné noze,Drepujte na opornej nohe,Kyykky tukijalassa,Accovacciarsi sulla gamba di appoggio,Kniebeuge auf dem Standbein,Squat sur la jambe d'appui
exercises.items.48.instructions.3,Вернитесь в исходное положение,Powrót do pozycji wyjściowej,Återgå till startpositionen,Vraťte se do výchozí pozice,Vráťte sa do východiskovej polohy,Palaa alkuasentoon,Ritornare alla posizione di partenza,Zurück in die Ausgangsposition,Retour à la position de départ
exercises.items.48.instructions.4,Выполните 3-4 подхода по 5-10 повторений на каждую ногу,Wykonaj 3-4 serie po 5-10 powtórzeń na każdą nogę.,Utför 3-4 set med 5-10 reps på varje ben.,Proveďte 3-4 sady po 5-10 opakováních na každou nohu.,Vykonajte 3-4 sady po 5-10 opakovaní na každú nohu.,Tee 3-4 sarjaa 5-10 toistoa kummallakin jalalla.,Eseguire 3-4 serie da 5-10 ripetizioni per gamba.,Führen Sie 3–4 Sätze mit 5–10 Wiederholungen pro Bein durch.,Effectuez 3 à 4 séries de 5 à 10 répétitions sur chaque jambe.
exercises.items.48.tips.0,Держите спину прямой,Trzymaj plecy prosto,Håll ryggen rak,Udržujte záda rovná,Chrbát držte rovno,Pidä selkäsi suorana,Tieni la schiena dritta,Halten Sie Ihren Rücken gerade,Gardez le dos droit
exercises.items.48.tips.1,Не касайтесь пола второй ногой,Nie dotykaj podłogi drugą stopą.,Rör inte golvet med din andra fot.,Nedotýkejte se podlahy druhou nohou.,Nedotýkajte sa podlahy druhou nohou.,Älä koske lattiaan toisella jalallasi.,Non toccare il pavimento con l'altro piede.,Berühren Sie mit dem anderen Fuß nicht den Boden.,Ne touchez pas le sol avec votre autre pied.
exercises.items.48.tips.2,Работайте руками для баланса,Użyj ramion do utrzymania równowagi,Använd armarna för balans,Pro rovnováhu použijte paže,Použite ruky na rovnováhu,Käytä käsiäsi tasapainoon,Usa le braccia per mantenere l'equilibrio,Verwenden Sie Ihre Arme zum Balancieren,Utilisez vos bras pour garder l'équilibre
exercises.items.48.tips.3,Начинайте с небольшой амплитуды,Zacznij od małej amplitudy,Börja med en liten amplitud,Začněte s malou amplitudou,Začnite s malou amplitúdou,Aloita pienellä amplitudilla,Inizia con una piccola ampiezza,Beginnen Sie mit einer kleinen Amplitude,Commencez avec une petite amplitude
,,,,,,,,,
exercises.items.49.title,Босу-мяч упражнения,Ćwiczenia z piłką bosu,Bosu bollövningar,Cvičení s bosu míčem,Cvičenie s bosu loptou,Bosu pallo harjoitukset,Esercizi con la palla Bosu,Bosu-Ball-Übungen,Exercices avec ballon Bosu
exercises.items.49.instructions.0,Встаньте на полусферу босу-мяч,Stań na półkuli piłki Bosu,Stå på halvklotet av Bosu-bollen,Postavte se na polokouli míče Bosu,Postavte sa na hemisféru lopty Bosu,Seiso Bosu-pallon pallonpuoliskolla,Posizionarsi sull'emisfero della palla Bosu,Stellen Sie sich auf die Halbkugel des Bosu-Balls,Tenez-vous sur l'hémisphère du ballon Bosu
exercises.items.49.instructions.1,Держите равновесие,Utrzymaj równowagę,Håll balansen,Udržujte rovnováhu,Udržujte rovnováhu,Pidä tasapainosi,Mantieni l'equilibrio,Halten Sie Ihr Gleichgewicht,Gardez votre équilibre
exercises.items.49.instructions.2,Выполняйте приседания,Rób przysiady,Gör knäböj,Dělejte dřepy,Robte drepy,Tee kyykkyjä,Fai squat,Mache Kniebeugen,Faire des squats
exercises.items.49.instructions.3,Делайте повороты корпуса,Wykonuj skręty ciała,Gör kroppsvridningar,Dělejte kroucení těla,Robte krútenie tela,Tee kehon käänteitä,Esegui torsioni del corpo,Machen Sie Körperdrehungen,Faire des torsions du corps
exercises.items.49.instructions.4,Выполните 3-4 подхода по 10-15 повторений,Wykonaj 3-4 serie po 10-15 powtórzeń,Utför 3-4 set med 10-15 reps,Proveďte 3-4 sady po 10-15 opakováních,Vykonajte 3-4 sady po 10-15 opakovaní,Suorita 3-4 sarjaa 10-15 toistoa,Eseguire 3-4 serie da 10-15 ripetizioni,Führen Sie 3-4 Sätze mit 10-15 Wiederholungen durch,Effectuez 3 à 4 séries de 10 à 15 répétitions
exercises.items.49.tips.0,Начинайте с простых упражнений,Zacznij od prostych ćwiczeń,Börja med enkla övningar,Začněte jednoduchými cviky,Začnite s jednoduchými cvičeniami,Aloita yksinkertaisilla harjoituksilla,Inizia con esercizi semplici,Beginnen Sie mit einfachen Übungen,Commencez par des exercices simples
exercises.items.49.tips.1,Следите за техникой,Uważaj na swoją technikę,Titta på din teknik,Pozor na techniku,Sledujte svoju techniku,Varo tekniikkaasi,Fai attenzione alla tua tecnica,Achte auf deine Technik,Surveillez votre technique
exercises.items.49.tips.2,Не торопитесь,Nie spiesz się,Ta dig tid,Nespěchejte,Neponáhľaj sa,Ota aikaa,Prenditi il ​​​​tuo tempo,Nehmen Sie sich Zeit,Prenez votre temps
exercises.items.49.tips.3,Используйте помощь для поддержки,"Użyj pomocy, aby uzyskać wsparcie",Använd hjälp för stöd,Pro podporu použijte nápovědu,Použite pomoc na podporu,Käytä apua tueksi,Utilizzare l'aiuto per il supporto,Nutzen Sie die Hilfe zur Unterstützung,Utiliser l'aide pour obtenir de l'aide
,,,,,,,,,
exercises.items.50.title,Йога-баланс,Joga Równowaga,Yoga Balans,Jóga rovnováha,Joga Balance,Jooga tasapaino,Equilibrio Yoga,Yoga Balance,Yoga Équilibre
exercises.items.50.instructions.0,"Встаньте прямо, ноги вместе","Stań prosto, ze złączonymi stopami.",Stå upprätt med fötterna ihop.,Postavte se rovně s nohama u sebe.,Postavte sa rovno s nohami pri sebe.,Seiso suorassa jalat yhdessä.,Mettiti in piedi con i piedi uniti.,Stehen Sie aufrecht und stellen Sie die Füße zusammen.,"Tenez-vous droit, les pieds joints."
exercises.items.50.instructions.1,Поднимите одну ногу и поставьте на бедро другой,Podnieś jedną nogę i połóż ją na udzie drugiej nogi.,Lyft upp ett ben och placera det på det andras lår.,Zvedněte jednu nohu a položte ji na stehno druhé.,Zdvihnite jednu nohu a položte ju na stehno druhej.,Nosta toinen jalka ja aseta se toisen reisille.,Sollevare una gamba e posizionarla sulla coscia dell'altra.,Heben Sie ein Bein an und legen Sie es auf den Oberschenkel des anderen.,Soulevez une jambe et placez-la sur la cuisse de l’autre.
exercises.items.50.instructions.2,Сложите руки перед грудью,Połóż ręce przed klatką piersiową,Placera händerna framför bröstet,Položte ruce před hrudník,Položte ruky pred hrudník,Aseta kätesi rintasi eteen,Metti le mani davanti al petto,Legen Sie Ihre Hände vor Ihre Brust,Placez vos mains devant votre poitrine
exercises.items.50.instructions.3,Держите равновесие,Utrzymaj równowagę,Håll balansen,Udržujte rovnováhu,Udržujte rovnováhu,Pidä tasapainosi,Mantieni l'equilibrio,Halten Sie Ihr Gleichgewicht,Gardez votre équilibre
exercises.items.50.instructions.4,Выполните для обеих ног по 30-60 секунд,Wykonuj na obie nogi przez 30–60 sekund,Utför båda benen i 30-60 sekunder,Proveďte pro obě nohy po dobu 30-60 sekund,Vykonajte pre obe nohy po dobu 30-60 sekúnd,Suorita molemmille jaloille 30-60 sekuntia,Eseguire per entrambe le gambe per 30-60 secondi,Führen Sie die Übung für beide Beine 30–60 Sekunden lang durch,Effectuez l'exercice pour les deux jambes pendant 30 à 60 secondes.
exercises.items.50.tips.0,Смотрите вперед в одну точку,Spójrz w jedną stronę,Titta framåt vid ett tillfälle,Podívejte se dopředu v jednom bodě,Pozrite sa dopredu v jednom bode,Katso eteenpäin yhdessä vaiheessa,Guarda avanti a un punto,Schauen Sie an einem Punkt nach vorne,Regarder devant soi à un moment donné
exercises.items.50.tips.1,Дышите глубоко и равномерно,Oddychaj głęboko i równomiernie,Andas djupt och jämnt,Dýchejte zhluboka a rovnoměrně,Dýchajte zhlboka a rovnomerne,Hengitä syvään ja tasaisesti,Respira profondamente e in modo uniforme,Atme tief und gleichmäßig,Respirez profondément et régulièrement
exercises.items.50.tips.2,Не торопитесь,Nie spiesz się,Ta dig tid,Nespěchejte,Neponáhľaj sa,Ota aikaa,Prenditi il ​​​​tuo tempo,Nehmen Sie sich Zeit,Prenez votre temps
exercises.items.50.tips.3,При потере баланса начните заново,"Jeśli stracisz równowagę, zacznij od nowa.","Om du tappar balansen, börja om.","Pokud ztratíte rovnováhu, začněte znovu.","Ak stratíte rovnováhu, začnite odznova.","Jos menetät tasapainon, aloita alusta.","Se perdi l'equilibrio, ricomincia da capo.","Wenn Sie das Gleichgewicht verlieren, beginnen Sie von vorne.","Si vous perdez l’équilibre, recommencez."
,,,,,,,,,
exercises.items.51.title,Ходьба по бревну,Chodzenie po kłodzie,Går på en stock,Chůze po kládě,Chôdza po polene,Kävely puun päällä,Camminare su un tronco,Auf einem Baumstamm laufen,Marcher sur une bûche
exercises.items.51.instructions.0,Найдите устойчивое бревно или доску,Znajdź stabilny kloc lub deskę,Hitta en stabil stock eller bräda,Najděte stabilní kládu nebo desku,Nájdite stabilný denník alebo dosku,Etsi vakaa tukki tai lauta,Trova un tronco o una tavola stabile,Suchen Sie einen stabilen Baumstamm oder ein Brett,Trouver une bûche ou une planche stable
exercises.items.51.instructions.1,Встаньте на бревно,Stań na kłodzie,Stå på stocken,Postavte se na kládu,Postavte sa na poleno,Seiso puun päällä,Stare sul tronco,Stehen Sie auf dem Baumstamm,Tenez-vous debout sur la bûche
exercises.items.51.instructions.2,Идите медленно вперед,Idź powoli do przodu,Gå långsamt framåt,Jděte pomalu vpřed,Choďte pomaly dopredu,Kävele hitaasti eteenpäin,Camminare lentamente in avanti,Gehen Sie langsam vorwärts,Avancez lentement
exercises.items.51.instructions.3,Держите равновесие,Utrzymaj równowagę,Håll balansen,Udržujte rovnováhu,Udržujte rovnováhu,Pidä tasapainosi,Mantieni l'equilibrio,Halten Sie Ihr Gleichgewicht,Gardez votre équilibre
exercises.items.51.instructions.4,Выполните несколько проходов,Wykonaj kilka przejść,Utför flera pass,Proveďte několik průchodů,Vykonajte niekoľko prechodov,Suorita useita kulkuja,Eseguire più passaggi,Führen Sie mehrere Durchgänge durch,Effectuer plusieurs passes
exercises.items.51.tips.0,Начинайте с широкого бревна,Zacznij od szerokiego kloca,Börja med en bred stock,Začněte širokým polenem,Začnite so širokým polenom,Aloita leveästä puusta,Inizia con un registro largo,Beginnen Sie mit einem breiten Stamm,Commencez avec une bûche large
exercises.items.51.tips.1,"Смотрите вперед, а не вниз","Patrz do przodu, nie w dół","Se framåt, inte ner","Dívejte se dopředu, ne dolů","Pozerajte sa dopredu, nie dole","Katso eteenpäin, älä alas","Guarda avanti, non giù","Schau nach vorne, nicht nach unten","Regardez vers l'avant, pas vers le bas"
exercises.items.51.tips.2,Работайте руками для баланса,Użyj ramion do utrzymania równowagi,Använd armarna för balans,Pro rovnováhu použijte paže,Použite ruky na rovnováhu,Käytä käsiäsi tasapainoon,Usa le braccia per mantenere l'equilibrio,Verwenden Sie Ihre Arme zum Balancieren,Utilisez vos bras pour garder l'équilibre
exercises.items.51.tips.3,Не торопитесь,Nie spiesz się,Ta dig tid,Nespěchejte,Neponáhľaj sa,Ota aikaa,Prenditi il ​​​​tuo tempo,Nehmen Sie sich Zeit,Prenez votre temps
,,,,,,,,,
exercises.items.52.title,Стойка на руках у стены,Stanie na rękach przy ścianie,Handstående mot väggen,Stojka proti zdi,Stojka proti stene,Käsiseisonta seinää vasten,Verticale contro il muro,Handstand gegen die Wand,Le poirier contre le mur
exercises.items.52.instructions.0,Встаньте лицом к стене,Stań twarzą do ściany,Stå vänd mot väggen,Postavte se čelem ke zdi,Postavte sa čelom k stene,Seiso seinää päin,Mettiti di fronte al muro,Stellen Sie sich mit dem Gesicht zur Wand,Tenez-vous face au mur
exercises.items.52.instructions.1,Поставьте руки на пол на расстоянии 30 см от стены,Połóż dłonie na podłodze w odległości 30 cm od ściany.,Placera händerna på golvet 30 cm från väggen,Položte ruce na podlahu 30 cm od stěny,Položte ruky na podlahu 30 cm od steny,Aseta kätesi lattialle 30 cm seinästä,Posiziona le mani sul pavimento a 30 cm dal muro,Legen Sie Ihre Hände 30 cm von der Wand entfernt auf den Boden,Placez vos mains sur le sol à 30 cm du mur
exercises.items.52.instructions.2,Поднимите ноги вверх по стене,"Podnieś nogi do góry, na ścianę",Lyft upp benen mot väggen,Zvedněte nohy po zdi,Zdvihnite nohy po stene,Nosta jalkasi seinää vasten,Alza le gambe sul muro,Hebe deine Beine an die Wand,Levez vos jambes contre le mur
exercises.items.52.instructions.3,Держите стойку на руках,Trzymaj pozycję stania na rękach,Håll ett handstående,Držte stojku,Držte stojku,Pidä käsilläseisontaa,Mantenere la verticale,Halten Sie einen Handstand,Tenir le poirier
exercises.items.52.instructions.4,Опустите ноги контролируемо,Opuszczaj nogi w sposób kontrolowany,Sänk benen på ett kontrollerat sätt,Kontrolovaně spusťte nohy dolů,Kontrolovane spustite nohy,Laske jalat hallitusti,Abbassare le gambe in modo controllato,Senken Sie Ihre Beine kontrolliert ab,Abaissez vos jambes de manière contrôlée
exercises.items.52.tips.0,Начинайте с коротких подходов,Zacznij od krótkich serii,Börja med korta set,Začněte s krátkými sadami,Začnite s krátkymi sériami,Aloita lyhyillä sarjoilla,Inizia con serie brevi,Beginnen Sie mit kurzen Sätzen,Commencez par des séries courtes
exercises.items.52.tips.1,Используйте помощь для страховки,Skorzystaj z pomocy w zakresie ubezpieczeń,Använd hjälp för försäkring,Použijte pomoc pro pojištění,Použite pomoc na poistenie,Käytä apua vakuutukseen,Utilizzare l'aiuto per l'assicurazione,Hilfe zur Versicherung nutzen,Utiliser l'aide pour l'assurance
exercises.items.52.tips.2,Держите корпус напряженным,Napnij mięśnie korpusu,Håll din kärna tät,Udržujte své jádro pevné,Udržujte svoje jadro pevne,Pidä ydin tiukkana,Mantieni il tuo core contratto,Halten Sie Ihren Rumpf angespannt,Gardez votre tronc serré
exercises.items.52.tips.3,Не перенапрягайтесь,Nie przemęczaj się,Överansträng dig inte,Nepřetěžujte se,Nepreťažujte sa,Älä ylikuormita itseäsi,Non sforzarti troppo,Überanstrengen Sie sich nicht,Ne vous surmenez pas
,,,,,,,,,
exercises.items.53.title,Фартлек,Fartlek,Fartlek,Fartlek,Fartlek,Fartlek,Fartlek,Fahrtspiel,Fartlek
exercises.items.53.instructions.0,Начните с медленного бега 5-10 минут,Zacznij od powolnego truchtu przez 5–10 minut,Börja med en långsam joggingtur i 5-10 minuter,Začněte pomalým joggingem po dobu 5-10 minut,Začnite pomalým joggingom po dobu 5-10 minút,Aloita hitaalla lenkillä 5-10 minuuttia,Inizia con una corsa lenta per 5-10 minuti,Beginnen Sie mit einem langsamen Joggen für 5-10 Minuten,Commencez par un jogging lent pendant 5 à 10 minutes
exercises.items.53.instructions.1,Увеличьте скорость до 80% от максимальной на 2-3 минуты,Zwiększ prędkość do 80% maksymalnej na 2-3 minuty,Öka hastigheten till 80 % av max i 2-3 minuter,Zvyšte rychlost na 80 % maxima na 2-3 minuty,Zvýšte rýchlosť na 80 % maxima na 2-3 minúty,Lisää nopeutta 80 %:iin maksimiarvosta 2-3 minuutiksi,Aumentare la velocità all'80% del massimo per 2-3 minuti,Erhöhen Sie die Geschwindigkeit für 2–3 Minuten auf 80 % des Maximums,Augmenter la vitesse à 80 % du maximum pendant 2 à 3 minutes
exercises.items.53.instructions.2,Вернитесь к медленному бегу на 1-2 минуты,Wróć do powolnego truchtu na 1-2 minuty,Återgå till en långsam joggingtur i 1-2 minuter,Vraťte se k pomalému běhání na 1-2 minuty,Vráťte sa k pomalému poklusu na 1-2 minúty,Palaa hitaaseen lenkkeilyyn 1-2 minuutiksi,Ritornare a una corsa lenta per 1-2 minuti,Kehren Sie für 1-2 Minuten zu einem langsamen Joggen zurück,Reprenez un jogging lent pendant 1 à 2 minutes
exercises.items.53.instructions.3,Повторите цикл 4-6 раз,Powtórz cykl 4-6 razy,Upprepa cykeln 4-6 gånger,Cyklus opakujte 4-6krát,Opakujte cyklus 4-6 krát,Toista sykli 4-6 kertaa,Ripetere il ciclo 4-6 volte,Wiederholen Sie den Zyklus 4-6 Mal,Répétez le cycle 4 à 6 fois
exercises.items.53.instructions.4,Завершите медленным бегом 5-10 минут,Na koniec wykonaj powolny trucht przez 5–10 minut,Avsluta med en långsam joggingtur i 5-10 minuter,Dokončete pomalým poklusem po dobu 5-10 minut,Dokončite pomalým joggingom po dobu 5-10 minút,Lopeta hidas hölkkä 5-10 minuuttia,Termina con una corsa lenta per 5-10 minuti,Beenden Sie die Übung mit einem langsamen Lauf für 5–10 Minuten.,Terminez par un jogging lent pendant 5 à 10 minutes
exercises.items.53.tips.0,Слушайте свое тело,Słuchaj swojego ciała,Lyssna på din kropp,Poslouchejte své tělo,Počúvajte svoje telo,Kuuntele kehoasi,Ascolta il tuo corpo,Hören Sie auf Ihren Körper,Écoutez votre corps
exercises.items.53.tips.1,Не превышайте 80% от максимальной скорости,Nie przekraczać 80% maksymalnej prędkości,Överskrid inte 80 % av maxhastigheten,Nepřekračujte 80 % maximální rychlosti,Neprekračujte 80 % maximálnej rýchlosti,Älä ylitä 80 % enimmäisnopeudesta,Non superare l'80% della velocità massima,Überschreiten Sie nicht 80 % der Höchstgeschwindigkeit,Ne pas dépasser 80% de la vitesse maximale
exercises.items.53.tips.2,Дышите глубоко,Oddychaj głęboko,Andas djupt,Zhluboka dýchejte,Zhlboka dýchajte,Hengitä syvään,Respira profondamente,Tief durchatmen,Respirez profondément
exercises.items.53.tips.3,Пейте воду во время тренировки,Pij wodę podczas treningu.,Drick vatten under träningen.,Během cvičení pijte vodu.,Počas tréningu pite vodu.,Juo vettä harjoittelun aikana.,Bevi acqua durante l'allenamento.,Trinken Sie während des Trainings Wasser.,Buvez de l’eau pendant votre entraînement.
,,,,,,,,,
exercises.items.54.title,Повторные спринты,Powtarzające się sprinty,Upprepade spurter,Opakované sprinty,Opakované šprinty,Toistuvat sprintit,Sprint ripetuti,Wiederholte Sprints,Sprints répétés
exercises.items.54.instructions.0,Выполните 10-минутную разминку,Zrób 10-minutową rozgrzewkę,Gör en 10 minuters uppvärmning,Proveďte 10minutové zahřátí,Vykonajte 10-minútové zahrievanie,Tee 10 minuutin lämmittely,Fai un riscaldamento di 10 minuti,Machen Sie ein 10-minütiges Aufwärmtraining,Faites un échauffement de 10 minutes
exercises.items.54.instructions.1,Пробегите спринт на максимальной скорости 30 секунд,Biegnij sprintem z maksymalną prędkością przez 30 sekund,Kör en sprint med maximal hastighet i 30 sekunder,Běžte sprint maximální rychlostí po dobu 30 sekund,Spustite šprint maximálnou rýchlosťou po dobu 30 sekúnd,Juokse sprintti maksiminopeudella 30 sekuntia,Eseguire uno sprint alla massima velocità per 30 secondi,Laufen Sie 30 Sekunden lang einen Sprint mit maximaler Geschwindigkeit,Exécutez un sprint à vitesse maximale pendant 30 secondes
exercises.items.54.instructions.2,Отдохните 2-3 минуты,Odpocznij przez 2-3 minuty,Vila i 2-3 minuter,Odpočívejte 2-3 minuty,Odpočívajte 2-3 minúty,Lepää 2-3 minuuttia,Riposare per 2-3 minuti,2-3 Minuten ruhen lassen,Reposez-vous pendant 2 à 3 minutes
exercises.items.54.instructions.3,Повторите спринт,Powtórz sprint,Upprepa sprinten,Opakujte sprint,Opakujte šprint,Toista sprintti,Ripeti lo sprint,Wiederholen Sie den Sprint,Répétez le sprint
exercises.items.54.instructions.4,Выполните 6-8 спринтов,Wykonaj 6-8 sprintów,Kör 6-8 spurter,Proveďte 6-8 sprintů,Vykonajte 6-8 šprintov,Suorita 6-8 sprinttiä,Eseguire 6-8 sprint,Führen Sie 6-8 Sprints durch,Effectuer 6 à 8 sprints
exercises.items.54.tips.0,Не экономьте на разминке,Nie oszczędzaj na rozgrzewce,Snåla inte med din uppvärmning,Nešetřete na rozcvičce,Nešetrite na rozcvičke,Älä säästä lämmittelyssäsi,Non lesinare sul riscaldamento,Sparen Sie nicht beim Aufwärmen,Ne lésinez pas sur votre échauffement
exercises.items.54.tips.1,Отдыхайте полностью между спринтами,Odpoczywaj całkowicie między sprintami,Vila helt mellan spurterna,Mezi sprinty si úplně odpočiňte,Medzi šprintmi si úplne oddýchnite,Lepää täysin sprinttien välillä,Riposare completamente tra gli sprint,Machen Sie zwischen den Sprints eine vollständige Pause,Reposez-vous complètement entre les sprints
exercises.items.54.tips.2,Следите за техникой бега,Uważaj na technikę biegania,Titta på din löpteknik,Sledujte techniku ​​běhu,Sledujte techniku ​​behu,Tarkkaile juoksutekniikkaasi,Fai attenzione alla tua tecnica di corsa,Achte auf deine Lauftechnik,Surveillez votre technique de course
exercises.items.54.tips.3,Не тренируйтесь ежедневно,Nie ćwicz codziennie,Träna inte dagligen,Necvičte denně,Necvičte denne,Älä harjoittele päivittäin,Non fare esercizio fisico quotidianamente,Trainieren Sie nicht täglich,Ne faites pas d'exercice quotidiennement
,,,,,,,,,
exercises.items.55.title,Интервалы на велосипеде,Interwały na rowerze,Intervaller på en cykel,Intervaly na kole,Intervaly na bicykli,Intervallit pyörällä,Intervalli in bicicletta,Intervalle auf dem Fahrrad,Intervalles sur un vélo
exercises.items.55.instructions.0,Начните с 5-минутной разминки,Zacznij od 5-minutowej rozgrzewki,Börja med en 5 minuters uppvärmning,Začněte 5minutovým zahřátím,Začnite 5-minútovým zahrievaním,Aloita 5 minuutin lämmittelyllä,Inizia con un riscaldamento di 5 minuti,Beginnen Sie mit einem 5-minütigen Aufwärmen,Commencez par un échauffement de 5 minutes
exercises.items.55.instructions.1,Увеличьте нагрузку до 80% от максимальной,Zwiększ obciążenie do 80% maksymalnego,Öka belastningen till 80 % av max,Zvyšte zátěž na 80 % maxima,Zvýšte zaťaženie na 80 % maxima,Lisää kuormitusta 80 prosenttiin maksimista,Aumentare il carico all'80% del massimo,Erhöhen Sie die Last auf 80 % des Maximums,Augmenter la charge à 80% du maximum
exercises.items.55.instructions.2,Крутите педали с высокой интенсивностью 2-3 минуты,Pedałuj z dużą intensywnością przez 2-3 minuty,Pedal med hög intensitet i 2-3 minuter,Pedál s vysokou intenzitou po dobu 2-3 minut,Pedálte pri vysokej intenzite 2-3 minúty,Poljin suurella teholla 2-3 minuuttia,Pedalare ad alta intensità per 2-3 minuti,Treten Sie 2–3 Minuten lang mit hoher Intensität in die Pedale,Pédalez à haute intensité pendant 2 à 3 minutes
exercises.items.55.instructions.3,Снизьте нагрузку до 50% на 1-2 минуты,Zmniejsz obciążenie do 50% na 1-2 minuty,Minska belastningen till 50 % i 1-2 minuter,Snižte zátěž na 50 % po dobu 1-2 minut,Znížte záťaž na 50 % na 1-2 minúty,Vähennä kuormitusta 50 %:iin 1-2 minuutiksi,Ridurre il carico al 50% per 1-2 minuti,Reduzieren Sie die Belastung für 1-2 Minuten auf 50 %,Réduisez la charge à 50 % pendant 1 à 2 minutes
exercises.items.55.instructions.4,Повторите цикл 6-8 раз,Powtórz cykl 6-8 razy,Upprepa cykeln 6-8 gånger,Opakujte cyklus 6-8krát,Opakujte cyklus 6-8 krát,Toista sykli 6-8 kertaa,Ripetere il ciclo 6-8 volte,Wiederholen Sie den Zyklus 6-8 Mal,Répétez le cycle 6 à 8 fois
exercises.items.55.tips.0,Поддерживайте высокий каденс,Utrzymuj wysoki rytm,Håll en hög kadens,Udržujte vysokou kadenci,Udržujte vysokú kadenciu,Säilytä korkea poljinnopeus,Mantenere una cadenza elevata,Behalten Sie eine hohe Trittfrequenz bei,Maintenir une cadence élevée
exercises.items.55.tips.1,Дышите глубоко,Oddychaj głęboko,Andas djupt,Zhluboka dýchejte,Zhlboka dýchajte,Hengitä syvään,Respira profondamente,Tief durchatmen,Respirez profondément
exercises.items.55.tips.2,Следите за пульсом,Uważaj na swój puls,Håll ett öga på pulsen,Sledujte svůj puls,Sledujte svoj pulz,Pidä pulssia silmällä,Tieni d'occhio il tuo polso,Behalten Sie Ihren Puls im Auge,Gardez un œil sur votre pouls
exercises.items.55.tips.3,Пейте воду регулярно,Pij wodę regularnie,Drick vatten regelbundet,Pijte pravidelně vodu,Pravidelne pite vodu,Juo vettä säännöllisesti,Bere acqua regolarmente,Trinken Sie regelmäßig Wasser,Boire de l'eau régulièrement
,,,,,,,,,
exercises.items.56.title,Бег по холмам,Bieganie po górach,Berglöpning,Běh do kopce,Beh do kopca,Mäkijuoksu,Corsa in collina,Berglauf,Course en montagne
exercises.items.56.instructions.0,Найдите холм с уклоном 5-10%,Znajdź wzgórze o nachyleniu 5-10%,Hitta en kulle med en lutning på 5-10 %,Najděte kopec se sklonem 5-10%,Nájdite kopec so sklonom 5-10%,"Etsi mäki, jonka kaltevuus on 5-10 %",Trova una collina con una pendenza del 5-10%,Suchen Sie einen Hügel mit einer Steigung von 5-10 %,Trouvez une colline avec une pente de 5 à 10 %
exercises.items.56.instructions.1,Выполните 10-минутную разминку,Zrób 10-minutową rozgrzewkę,Gör en 10 minuters uppvärmning,Proveďte 10minutové zahřátí,Vykonajte 10-minútové zahrievanie,Tee 10 minuutin lämmittely,Fai un riscaldamento di 10 minuti,Machen Sie ein 10-minütiges Aufwärmtraining,Faites un échauffement de 10 minutes
exercises.items.56.instructions.2,Бегите вверх по холму с умеренной скоростью,Wbiegnij pod górę z umiarkowaną prędkością,Spring uppför backen i måttlig hastighet,Vyběhněte do kopce mírnou rychlostí,Vybehnite do kopca miernou rýchlosťou,Juokse mäkeä ylös kohtuullisella nopeudella,Corri su per la collina a velocità moderata,Laufen Sie mit mäßiger Geschwindigkeit den Hügel hinauf,Montez la colline à une vitesse modérée
exercises.items.56.instructions.3,Спускайтесь вниз для восстановления,"Zejdź, żeby się zregenerować",Gå ner för att återhämta dig,"Jděte dolů, abyste se vzpamatovali",Choďte dole a zotavte sa,Mene alas toipumaan,Scendere per recuperare,"Gehen Sie nach unten, um sich zu erholen",Descendre pour récupérer
exercises.items.56.instructions.4,Повторите 6-10 подъемов,Powtórz 6-10 podniesień,Upprepa 6-10 lyft,Opakujte 6-10 zdvihů,Opakujte 6-10 zdvihov,Toista 6-10 nostoa,Ripeti 6-10 sollevamenti,Wiederholen Sie 6-10 Hebungen,Répétez 6 à 10 levées
exercises.items.56.tips.0,Начинайте с небольшого уклона,Zacznij od lekkiego nachylenia,Börja med en liten lutning,Začněte s mírným sklonem,Začnite s miernym sklonom,Aloita pienellä kaltevuudella,Inizia con una leggera pendenza,Beginnen Sie mit einer leichten Steigung,Commencez par une légère inclinaison
exercises.items.56.tips.1,Держите спину прямой при подъеме,Podczas podnoszenia trzymaj plecy prosto.,Håll ryggen rak när du lyfter.,Při zvedání mějte rovná záda.,Pri zdvíhaní držte chrbát rovno.,Pidä selkäsi suorana nostaessasi.,Mantieni la schiena dritta mentre sollevi.,Halten Sie beim Heben Ihren Rücken gerade.,Gardez le dos droit pendant que vous soulevez.
exercises.items.56.tips.2,Работайте руками активно,Pracuj aktywnie rękami,Arbeta aktivt med händerna,Aktivně pracujte rukama,Aktívne pracujte rukami,Työskentele aktiivisesti käsilläsi,Lavora attivamente con le mani,Aktiv mit den Händen arbeiten,Travaillez activement avec vos mains
exercises.items.56.tips.3,Не торопитесь на спуске,Nie spiesz się podczas zejścia,Ta dig tid på nedstigningen,Dejte si na sestup načas,Neponáhľajte sa na zostup,Varaa aikaa laskeutumiseen,Prenditi il ​​tuo tempo durante la discesa,Nehmen Sie sich Zeit für den Abstieg,Prenez votre temps dans la descente
,,,,,,,,,
exercises.items.57.title,Плиометрические круги,Kręgi plyometryczne,Plyometriska cirklar,Plyometrické kruhy,Plyometrické kruhy,Plyometriset ympyrät,Cerchi pliometrici,Plyometrische Kreise,Cercles pliométriques
exercises.items.57.instructions.0,Выполните 10-минутную разминку,Zrób 10-minutową rozgrzewkę,Gör en 10 minuters uppvärmning,Proveďte 10minutové zahřátí,Vykonajte 10-minútové zahrievanie,Tee 10 minuutin lämmittely,Fai un riscaldamento di 10 minuti,Machen Sie ein 10-minütiges Aufwärmtraining,Faites un échauffement de 10 minutes
exercises.items.57.instructions.1,Сделайте прыжки в длину с места,Wykonuj długie skoki ze stania,Gör långa hopp från stående position,Dělejte dlouhé skoky ze stoje,Robte dlhé skoky zo stoja,Tee pitkiä hyppyjä seisoma-asennosta,Eseguire salti lunghi partendo da una posizione eretta,Machen Sie weite Sprünge aus dem Stand,Faire des sauts en longueur à partir d'une position debout
exercises.items.57.instructions.2,Выполните прыжки через препятствия,Wykonuj skoki przez przeszkody,Gör hopp över hinder,Provádějte skoky přes překážky,Vykonajte skoky cez prekážky,Suorita hyppyjä esteiden yli,Eseguire salti sopra gli ostacoli,Führen Sie Sprünge über Hindernisse aus,Effectuer des sauts par-dessus des obstacles
exercises.items.57.instructions.3,Сделайте прыжки на ящик,Wykonuj skoki na skrzynię,Gör box jumps,Dělejte boxové skoky,Robte boxové skoky,Tee laatikkohyppyjä,Fai salti sulla scatola,Machen Sie Boxsprünge,Faire des sauts en boîte
exercises.items.57.instructions.4,Отдохните 2-3 минуты и повторите круг,Odpocznij przez 2-3 minuty i powtórz obwód.,Vila i 2-3 minuter och upprepa kretsen.,Odpočívejte 2-3 minuty a opakujte okruh.,Odpočívajte 2-3 minúty a opakujte okruh.,Lepää 2-3 minuuttia ja toista kierros.,Riposare per 2-3 minuti e ripetere il circuito.,Machen Sie 2–3 Minuten Pause und wiederholen Sie den Kreislauf.,Reposez-vous pendant 2 à 3 minutes et répétez le circuit.
exercises.items.57.tips.0,Следите за техникой приземления,Uważaj na technikę lądowania,Titta på din landningsteknik,Pozor na techniku ​​přistání,Sledujte techniku ​​pristátia,Tarkkaile laskeutumistekniikkaasi,Fai attenzione alla tecnica di atterraggio,Achten Sie auf Ihre Landetechnik,Surveillez votre technique d'atterrissage
exercises.items.57.tips.1,Приземляйтесь на полусогнутые ноги,Ląduj z ugiętymi nogami,Landa med böjda ben,Přistaňte s pokrčenýma nohama,Pristaňte s pokrčenými nohami,Laskeudu jalat koukussa,Atterra con le gambe piegate,Lande mit gebeugten Beinen,Atterrissez avec les jambes pliées
exercises.items.57.tips.2,Работайте руками для баланса,Użyj ramion do utrzymania równowagi,Använd armarna för balans,Pro rovnováhu použijte paže,Použite ruky na rovnováhu,Käytä käsiäsi tasapainoon,Usa le braccia per mantenere l'equilibrio,Verwenden Sie Ihre Arme zum Balancieren,Utilisez vos bras pour garder l'équilibre
exercises.items.57.tips.3,Не переусердствуйте с количеством,Nie przesadzaj z ilością,Överdriv inte med kvantiteten,Nepřehánějte to s množstvím,Nepreháňajte to s množstvom,Älä liioittele määrän kanssa,Non esagerare con la quantità,Übertreiben Sie es nicht mit der Menge,N'en faites pas trop avec la quantité
,,,,,,,,,
exercises.items.58.title,Легкая растяжка,Lekkie rozciąganie,Lätt stretching,Lehké protažení,Ľahký strečing,Kevyt venyttely,Allungamento leggero,Leichtes Dehnen,Étirements légers
exercises.items.58.instructions.0,Начните с легких движений,Zacznij od lekkich ruchów,Börja med lätta rörelser,Začněte lehkými pohyby,Začnite ľahkými pohybmi,Aloita kevyillä liikkeillä,Iniziare con movimenti leggeri,Beginnen Sie mit leichten Bewegungen,Commencez par des mouvements légers
exercises.items.58.instructions.1,Выполните растяжку основных мышечных групп,Rozciągnij główne grupy mięśni,Sträck dina stora muskelgrupper,Protáhněte hlavní svalové skupiny,Natiahnite hlavné svalové skupiny,Venytä tärkeimpiä lihasryhmiäsi,Allunga i principali gruppi muscolari,Dehnen Sie Ihre großen Muskelgruppen,Étirez vos principaux groupes musculaires
exercises.items.58.instructions.2,Дышите глубоко и равномерно,Oddychaj głęboko i równomiernie,Andas djupt och jämnt,Dýchejte zhluboka a rovnoměrně,Dýchajte zhlboka a rovnomerne,Hengitä syvään ja tasaisesti,Respira profondamente e in modo uniforme,Atme tief und gleichmäßig,Respirez profondément et régulièrement
exercises.items.58.instructions.3,Двигайтесь плавно и медленно,Poruszaj się płynnie i powoli,Rör dig mjukt och långsamt,Pohybujte se plynule a pomalu,Pohybujte sa hladko a pomaly,Liikkuu tasaisesti ja hitaasti,Muoviti dolcemente e lentamente,Bewegen Sie sich sanft und langsam,Déplacez-vous doucement et lentement
exercises.items.58.instructions.4,Завершите глубоким дыханием,Zakończ głębokim oddechem.,Avsluta med djup andning.,Dokončete hlubokým dýcháním.,Dokončite hlbokým dýchaním.,Viimeistele syvään hengityksellä.,Termina con una respirazione profonda.,Beenden Sie die Übung mit einer tiefen Atmung.,Terminez par une respiration profonde.
exercises.items.58.tips.0,Не растягивайтесь до боли,Nie rozciągaj się do momentu odczuwania bólu.,Sträck dig inte till smärtan.,Nenatahujte se až k bolesti.,Nenaťahujte sa až do bolesti.,Älä venytä kipuun asti.,Non allungarti fino al punto di provare dolore.,Dehnen Sie sich nicht bis zum Schmerz.,Ne vous étirez pas jusqu’à ressentir de la douleur.
exercises.items.58.tips.1,Дышите глубоко,Oddychaj głęboko,Andas djupt,Zhluboka dýchejte,Zhlboka dýchajte,Hengitä syvään,Respira profondamente,Tief durchatmen,Respirez profondément
exercises.items.58.tips.2,Расслабляйтесь полностью,Zrelaksuj się całkowicie,Slappna av helt,Uvolněte se úplně,Úplne sa uvoľnite,Rentoudu kokonaan,Rilassati completamente,Entspannen Sie sich vollkommen,Détendez-vous complètement
exercises.items.58.tips.3,Выполняйте регулярно,Rób to regularnie,Gör det regelbundet,Dělejte to pravidelně,Robte to pravidelne,Tee se säännöllisesti,Fallo regolarmente,Mach es regelmäßig,Faites-le régulièrement
,,,,,,,,,
exercises.items.59.title,Фоам-роллинг,Wałkowanie piankowe,Skumrullande,Válcování pěny,Valcovanie peny,Vaahto rullaus,Rullo di schiuma,Schaumstoffrollen,Roulage en mousse
exercises.items.59.instructions.0,Лягте на фоам-роллер,Połóż się na wałku piankowym,Lägg dig på foam rollern,Lehněte si na pěnový válec,Ľahnite si na penový valec,Makaa vaahtomuovitelalle,Sdraiati sul foam roller,Legen Sie sich auf die Schaumstoffrolle,Allongez-vous sur le rouleau en mousse
exercises.items.59.instructions.1,Медленно катайте роллер под мышцами,Powoli przesuwaj wałek pod mięśniami.,Rulla rullen långsamt under dina muskler.,Válec pomalu rolujte pod svaly.,Valčekom pomaly rolujte pod svalmi.,Pyöritä rullaa hitaasti lihasten alle.,Fai rotolare lentamente il rullo sotto i muscoli.,Rollen Sie die Rolle langsam unter Ihren Muskeln.,Faites rouler lentement le rouleau sous vos muscles.
exercises.items.59.instructions.2,Остановитесь на болезненных точках,Skup się na punktach bólu,Fokusera på smärtpunkter,Zaměřte se na bolestivé body,Zamerajte sa na bolestivé body,Keskity kipupisteisiin,Concentrarsi sui punti dolenti,Konzentrieren Sie sich auf die Schmerzpunkte,Se concentrer sur les points sensibles
exercises.items.59.instructions.3,Держите давление 30-60 секунд,Utrzymaj nacisk przez 30-60 sekund,Håll trycket i 30-60 sekunder,Držte tlak po dobu 30-60 sekund,Držte tlak 30-60 sekúnd,Pidä painetta 30-60 sekuntia,Mantenere la pressione per 30-60 secondi,Halten Sie den Druck 30-60 Sekunden lang,Maintenez la pression pendant 30 à 60 secondes
exercises.items.59.instructions.4,Повторите для всех групп мышц,Powtórz dla wszystkich grup mięśni.,Upprepa för alla muskelgrupper.,Opakujte pro všechny svalové skupiny.,Opakujte pre všetky svalové skupiny.,Toista kaikille lihasryhmille.,Ripetere l'esercizio per tutti i gruppi muscolari.,Wiederholen Sie dies für alle Muskelgruppen.,Répétez l’opération pour tous les groupes musculaires.
exercises.items.59.tips.0,Не катайте по суставам,Nie kręć się na stawach,Rulla inte på lederna,Neválejte se na klouby,Neváľajte sa na kĺboch,Älä pyöri nivelilläsi,Non rotolare sulle articolazioni,Rollen Sie nicht auf Ihren Gelenken,Ne roulez pas sur vos articulations
exercises.items.59.tips.1,Дышите глубоко,Oddychaj głęboko,Andas djupt,Zhluboka dýchejte,Zhlboka dýchajte,Hengitä syvään,Respira profondamente,Tief durchatmen,Respirez profondément
exercises.items.59.tips.2,Не терпите сильную боль,Nie toleruj silnego bólu,Tål inte svår smärta,Netolerujte silnou bolest,Netolerujte silnú bolesť,Älä siedä voimakasta kipua,Non tollerare il dolore intenso,Keine starken Schmerzen ertragen,Ne tolérez pas la douleur intense
exercises.items.59.tips.3,Начинайте с мягкого роллера,Zacznij od miękkiego wałka,Börja med en mjuk rulle,Začněte měkkým válečkem,Začnite mäkkým valčekom,Aloita pehmeällä telalla,Inizia con un rullo morbido,Beginnen Sie mit einer weichen Rolle,Commencez avec un rouleau souple
,,,,,,,,,
exercises.items.60.title,Легкий бег,Lekki jogging,Lätt jogging,Lehké běhání,Ľahký jogging,Kevyt lenkkeily,Corsa leggera,Leichtes Joggen,Jogging léger
exercises.items.60.instructions.0,Начните с медленного темпа,Zacznij w wolnym tempie,Börja i långsam takt,Začněte pomalým tempem,Začnite pomalým tempom,Aloita hitaasti,Inizia a un ritmo lento,Beginnen Sie langsam,Commencez à un rythme lent
exercises.items.60.instructions.1,Держите пульс на уровне 60-70% от максимального,Utrzymuj tętno na poziomie 60-70% swojego maksymalnego tętna,Håll din puls på 60-70% av ditt maximala,Udržujte tepovou frekvenci na 60-70% svého maxima,Udržujte svoju srdcovú frekvenciu na 60-70% svojho maxima,Pidä sykkeesi 60-70 % maksimistasi,Mantieni la frequenza cardiaca al 60-70% del massimo,Halten Sie Ihre Herzfrequenz bei 60-70 % Ihres Maximums,Maintenez votre fréquence cardiaque à 60-70 % de votre maximum
exercises.items.60.instructions.2,Дышите глубоко и равномерно,Oddychaj głęboko i równomiernie,Andas djupt och jämnt,Dýchejte zhluboka a rovnoměrně,Dýchajte zhlboka a rovnomerne,Hengitä syvään ja tasaisesti,Respira profondamente e in modo uniforme,Atme tief und gleichmäßig,Respirez profondément et régulièrement
exercises.items.60.instructions.3,Поддерживайте постоянный темп,Utrzymuj stałe tempo,Håll ett konstant tempo,Udržujte konstantní tempo,Udržujte konštantné tempo,Säilytä tasaista tahtia,Mantenere un ritmo costante,Halten Sie ein konstantes Tempo,Maintenir un rythme constant
exercises.items.60.instructions.4,Завершите постепенным снижением темпа,Zakończ stopniowym zmniejszaniem tempa,Avsluta med en gradvis minskning av tempot,Skončete postupným snižováním tempa,Dokončite postupným znižovaním tempa,Lopeta asteittainen tempon lasku,Terminare con una graduale diminuzione del tempo,Beenden Sie mit einer allmählichen Verringerung des Tempos,Terminez par une diminution progressive du rythme
exercises.items.60.tips.0,Следите за пульсом,Uważaj na swój puls,Håll ett öga på pulsen,Sledujte svůj puls,Sledujte svoj pulz,Pidä pulssia silmällä,Tieni d'occhio il tuo polso,Behalten Sie Ihren Puls im Auge,Gardez un œil sur votre pouls
exercises.items.60.tips.1,Дышите через нос,Oddychaj przez nos,Andas genom näsan,Dýchejte nosem,Dýchajte nosom,Hengitä nenäsi kautta,Respira attraverso il naso,Atme durch die Nase,Respirez par le nez
exercises.items.60.tips.2,Не перенапрягайтесь,Nie przemęczaj się,Överansträng dig inte,Nepřetěžujte se,Nepreťažujte sa,Älä ylikuormita itseäsi,Non sforzarti troppo,Überanstrengen Sie sich nicht,Ne vous surmenez pas
exercises.items.60.tips.3,Наслаждайтесь процессом,Ciesz się procesem,Njut av processen,Užijte si proces,Užite si proces,Nauti prosessista,Godetevi il processo,Genießen Sie den Prozess,Profitez du processus
,,,,,,,,,
exercises.items.61.title,Плавание,Pływacki,Simning,Plavání,Plávanie,Uima,Nuoto,Baden,Natation
exercises.items.61.instructions.0,Начните с разминки на суше,Zacznij od rozgrzewki na lądzie,Börja med en uppvärmning på torrt land,Začněte rozcvičkou na suchu,Začnite rozcvičkou na suchu,Aloita lämmittelyllä kuivalla maalla,Inizia con un riscaldamento sulla terraferma,Beginnen Sie mit einem Aufwärmen an Land,Commencez par un échauffement sur la terre ferme
exercises.items.61.instructions.1,Войдите в воду постепенно,Wchodź do wody stopniowo,Gå ner i vattnet gradvis,Vstupujte do vody postupně,Do vody vstupujte postupne,Mene veteen vähitellen,Entrare in acqua gradualmente,Steigen Sie langsam ins Wasser ein,Entrez dans l'eau progressivement
exercises.items.61.instructions.2,Плавайте в комфортном темпе,Pływaj w komfortowym tempie,Simma i ett behagligt tempo,Plavte pohodlným tempem,Plávať pohodlným tempom,Ui mukavaan tahtiin,Nuotare a un ritmo confortevole,Schwimmen Sie in einem angenehmen Tempo,Nagez à un rythme confortable
exercises.items.61.instructions.3,Меняйте стили плавания,Zmień swój styl pływania,Ändra dina simstilar,Změňte své plavecké styly,Zmeňte svoj štýl plávania,Muuta uintityyliäsi,Cambia il tuo stile di nuoto,Ändern Sie Ihren Schwimmstil,Changez vos styles de nage
exercises.items.61.instructions.4,Завершите медленным плаванием,Zakończ powolnym pływaniem,Avsluta med ett långsamt dopp,Zakončete pomalým plaváním,Dokončite pomalým plávaním,Lopeta hidas uiminen,Termina con una nuotata lenta,Beenden Sie mit einem langsamen Schwimmen,Terminez par une nage lente
exercises.items.61.tips.0,Не плавайте в одиночку,Nie pływaj sam,Simma inte ensam,Neplavte sami,Neplávajte sami,Älä ui yksin,Non nuotare da solo,Schwimmen Sie nicht alleine,Ne nagez pas seul
exercises.items.61.tips.1,Следите за техникой,Uważaj na swoją technikę,Titta på din teknik,Pozor na techniku,Sledujte svoju techniku,Varo tekniikkaasi,Fai attenzione alla tua tecnica,Achte auf deine Technik,Surveillez votre technique
exercises.items.61.tips.2,Дышите равномерно,Oddychaj równomiernie,Andas jämnt,Dýchejte rovnoměrně,Dýchajte rovnomerne,Hengitä tasaisesti,Respirare in modo uniforme,Atme gleichmäßig,Respirez régulièrement
exercises.items.61.tips.3,Не переусердствуйте,Nie przesadzaj,Överdriv inte,Nepřeháněj to,Nepreháňajte to,Älä liioittele sitä,Non esagerare,Übertreiben Sie es nicht,N'en faites pas trop
,,,,,,,,,
exercises.items.62.title,Велосипед восстановления,Rower regeneracyjny,Återställningscykel,Regenerační kolo,Regeneračný bicykel,Palautuspyörä,Bicicletta da recupero,Erholungsfahrrad,Vélo de récupération
exercises.items.62.instructions.0,Начните с медленного темпа,Zacznij w wolnym tempie,Börja i långsam takt,Začněte pomalým tempem,Začnite pomalým tempom,Aloita hitaasti,Inizia a un ritmo lento,Beginnen Sie langsam,Commencez à un rythme lent
exercises.items.62.instructions.1,Держите пульс на уровне 50-60% от максимального,Utrzymuj tętno na poziomie 50-60% swojego maksymalnego tętna,Håll din puls på 50-60% av ditt max,Udržujte tepovou frekvenci na 50-60% svého maxima,Udržujte svoju srdcovú frekvenciu na 50-60% svojho maxima,Pidä sykkeesi 50-60 % maksimistasi,Mantieni la frequenza cardiaca al 50-60% del massimo,Halten Sie Ihre Herzfrequenz bei 50-60 % Ihres Maximums,Maintenez votre fréquence cardiaque à 50-60 % de votre maximum
exercises.items.62.instructions.2,Крутите педали легко и ритмично,Pedałuj łatwo i rytmicznie,Trampa lätt och rytmiskt,Šlapejte lehce a rytmicky,Pedálujte ľahko a rytmicky,Polkimet helposti ja rytmikkäästi,Pedalare facilmente e ritmicamente,Treten Sie leicht und rhythmisch in die Pedale,Pédalez facilement et rythmiquement
exercises.items.62.instructions.3,Дышите глубоко,Oddychaj głęboko,Andas djupt,Zhluboka dýchejte,Zhlboka dýchajte,Hengitä syvään,Respira profondamente,Tief durchatmen,Respirez profondément
exercises.items.62.instructions.4,Завершите постепенным снижением темпа,Zakończ stopniowym zmniejszaniem tempa,Avsluta med en gradvis minskning av tempot,Skončete postupným snižováním tempa,Dokončite postupným znižovaním tempa,Lopeta asteittainen tempon lasku,Terminare con una graduale diminuzione del tempo,Beenden Sie mit einer allmählichen Verringerung des Tempos,Terminez par une diminution progressive du rythme
exercises.items.62.tips.0,Поддерживайте высокий каденс,Utrzymuj wysoki rytm,Håll en hög kadens,Udržujte vysokou kadenci,Udržujte vysokú kadenciu,Säilytä korkea poljinnopeus,Mantenere una cadenza elevata,Behalten Sie eine hohe Trittfrequenz bei,Maintenir une cadence élevée
exercises.items.62.tips.1,Дышите глубоко,Oddychaj głęboko,Andas djupt,Zhluboka dýchejte,Zhlboka dýchajte,Hengitä syvään,Respira profondamente,Tief durchatmen,Respirez profondément
exercises.items.62.tips.2,Не перенапрягайтесь,Nie przemęczaj się,Överansträng dig inte,Nepřetěžujte se,Nepreťažujte sa,Älä ylikuormita itseäsi,Non sforzarti troppo,Überanstrengen Sie sich nicht,Ne vous surmenez pas
exercises.items.62.tips.3,Наслаждайтесь поездкой,Ciesz się jazdą,Njut av åkturen,Užijte si jízdu,Užite si jazdu,Nauti kyydistä,Goditi il ​​viaggio,Genieße die Fahrt,Profitez du voyage
,,,,,,,,,
exercises.items.63.title,Йога восстановления,Joga regeneracyjna,Återhämtningsyoga,Zotavovací jóga,Zotavovacia joga,Palauttava jooga,Yoga di recupero,Erholungs-Yoga,Yoga de récupération
exercises.items.63.instructions.0,Начните с простых поз,Zacznij od prostych pozycji,Börja med enkla poser,Začněte jednoduchými pózami,Začnite s jednoduchými pózami,Aloita yksinkertaisilla asennoilla,Inizia con pose semplici,Beginnen Sie mit einfachen Posen,Commencez par des poses simples
exercises.items.63.instructions.1,Выполняйте растяжку медленно,Wykonuj rozciąganie powoli,Utför stretching långsamt,Protahování provádějte pomalu,Vykonajte strečing pomaly,Suorita venyttely hitaasti,Eseguire lo stretching lentamente,Dehnen Sie sich langsam,Effectuez les étirements lentement
exercises.items.63.instructions.2,Дышите глубоко и равномерно,Oddychaj głęboko i równomiernie,Andas djupt och jämnt,Dýchejte zhluboka a rovnoměrně,Dýchajte zhlboka a rovnomerne,Hengitä syvään ja tasaisesti,Respira profondamente e in modo uniforme,Atme tief und gleichmäßig,Respirez profondément et régulièrement
exercises.items.63.instructions.3,Расслабляйтесь в каждой позе,Zrelaksuj się w każdej pozycji,Koppla av i varje pose,Uvolněte se v každé póze,Uvoľnite sa v každej póze,Rentoudu joka asennossa,Rilassati in ogni posa,Entspannen Sie sich in jeder Pose,Détendez-vous dans chaque pose
exercises.items.63.instructions.4,Завершите медитацией,Zakończ medytacją,Avsluta med meditation,Zakončete meditací,Dokončite meditáciou,Lopeta meditaatiolla,Termina con la meditazione,Beenden Sie mit Meditation,Terminez par la méditation
exercises.items.63.tips.0,Не форсируйте позы,Nie wymuszaj pozowania,Tvinga inte poser,Nevynucujte si pózy,Nevynucujte si pózy,Älä pakota asentoja,Non forzare le pose,Erzwingen Sie keine Posen,Ne forcez pas les poses
exercises.items.63.tips.1,Дышите через нос,Oddychaj przez nos,Andas genom näsan,Dýchejte nosem,Dýchajte nosom,Hengitä nenäsi kautta,Respira attraverso il naso,Atme durch die Nase,Respirez par le nez
exercises.items.63.tips.2,Слушайте свое тело,Słuchaj swojego ciała,Lyssna på din kropp,Poslouchejte své tělo,Počúvajte svoje telo,Kuuntele kehoasi,Ascolta il tuo corpo,Hören Sie auf Ihren Körper,Écoutez votre corps
exercises.items.63.tips.3,Наслаждайтесь процессом,Ciesz się procesem,Njut av processen,Užijte si proces,Užite si proces,Nauti prosessista,Godetevi il processo,Genießen Sie den Prozess,Profitez du processus
,,,,,,,,,
exercises.items.65.title,Контрастный душ,Prysznic kontrastowy,Dusch i kontrast,Kontrastní sprcha,Kontrastná sprcha,Kontrastisuihku,Doccia di contrasto,Kontrastdusche,Douche de contraste
exercises.items.65.instructions.0,Начните с теплой воды,Zacznij od ciepłej wody,Börja med varmt vatten,Začněte teplou vodou,Začnite teplou vodou,Aloita lämpimällä vedellä,Inizia con acqua calda,Beginnen Sie mit warmem Wasser,Commencez avec de l'eau tiède
exercises.items.65.instructions.1,Постепенно переходите к холодной воде,Stopniowo przechodź do zimnej wody,Gå gradvis över till kallt vatten,Postupně přejděte do studené vody,Postupne prejdite do studenej vody,Siirrä vähitellen kylmään veteen,Passare gradualmente all'acqua fredda,Schrittweise auf kaltes Wasser umstellen,Passer progressivement à l'eau froide
exercises.items.65.instructions.2,Держите холодную воду 30-60 секунд,Trzymaj zimną wodę przez 30–60 sekund,Håll kallt vatten i 30-60 sekunder,Podržte studenou vodu po dobu 30-60 sekund,Podržte studenú vodu 30-60 sekúnd,Pidä kylmää vettä 30-60 sekuntia,Tenere l'acqua fredda per 30-60 secondi,Halten Sie kaltes Wasser für 30-60 Sekunden,Maintenez l'eau froide pendant 30 à 60 secondes
exercises.items.65.instructions.3,Вернитесь к теплой воде,Powrót do ciepłej wody,Återgå till varmt vatten,Vraťte se do teplé vody,Vráťte sa do teplej vody,Palaa lämpimään veteen,Ritornare all'acqua calda,Zurück ins warme Wasser,Retour à l'eau chaude
exercises.items.65.instructions.4,Повторите цикл 3-5 раз,Powtórz cykl 3-5 razy,Upprepa cykeln 3-5 gånger,Opakujte cyklus 3-5krát,Opakujte cyklus 3-5 krát,Toista sykli 3-5 kertaa,Ripetere il ciclo 3-5 volte,Wiederholen Sie den Zyklus 3-5 Mal,Répétez le cycle 3 à 5 fois
exercises.items.65.tips.0,Начинайте постепенно,Zacznij stopniowo,Börja gradvis,Začněte postupně,Začnite postupne,Aloita asteittain,Inizia gradualmente,Beginnen Sie schrittweise,Commencez progressivement
exercises.items.65.tips.1,Дышите глубоко,Oddychaj głęboko,Andas djupt,Zhluboka dýchejte,Zhlboka dýchajte,Hengitä syvään,Respira profondamente,Tief durchatmen,Respirez profondément
exercises.items.65.tips.2,Не переохлаждайтесь,Nie zmarznij za bardzo,Bli inte för kall,Nenechte se příliš chladit,Nenechajte sa príliš prechladnúť,Älä jää liian kylmäksi,Non prendere troppo freddo,Nicht zu kalt werden,N'ayez pas trop froid
exercises.items.65.tips.3,Слушайте свое тело,Słuchaj swojego ciała,Lyssna på din kropp,Poslouchejte své tělo,Počúvajte svoje telo,Kuuntele kehoasi,Ascolta il tuo corpo,Hören Sie auf Ihren Körper,Écoutez votre corps