KEY,RUSSIAN,Polski,Svenska,Čeština,Slovenčina,Suomi,Italiano,Deutsch,Français
exercises.items.27.title,"Разминка шеи",=GOOGLETRANSLATE(B2;"ru";"pl"),=GOOGLETRANSLATE(B2;"ru";"sv"),=GOOGLETRANSLATE(B2;"ru";"cs"),=GOOGLETRANSLATE(B2;"ru";"sk"),=GOOGLETRANSLATE(B2;"ru";"fi"),=GOOGLETRANSLATE(B2;"ru";"it"),=GOOGLETRANSLATE(B2;"ru";"de"),=GOOGLETRANSLATE(B2;"ru";"fr")
exercises.items.27.instructions.0,"Встаньте прямо, ноги на ширине плеч",=GOOGLETRANSLATE(B3;"ru";"pl"),=GOOGLETRANSLATE(B3;"ru";"sv"),=GOOGLETRANSLATE(B3;"ru";"cs"),=GOOGLETRANSLATE(B3;"ru";"sk"),=GOOGLETRANSLATE(B3;"ru";"fi"),=GOOGLETRANSLATE(B3;"ru";"it"),=GOOGLETRANSLATE(B3;"ru";"de"),=GOOGLETRANSLATE(B3;"ru";"fr")
exercises.items.27.instructions.1,"Медленно поворачивайте голову влево и вправо",=GOOGLETRANSLATE(B4;"ru";"pl"),=GOOGLETRANSLATE(B4;"ru";"sv"),=GOOGLETRANSLATE(B4;"ru";"cs"),=GOOGLETRANSLATE(B4;"ru";"sk"),=GOOGLETRANSLATE(B4;"ru";"fi"),=GOOGLETRANSLATE(B4;"ru";"it"),=GOOGLETRANSLATE(B4;"ru";"de"),=GOOGLETRANSLATE(B4;"ru";"fr")
exercises.items.27.instructions.2,"Наклоняйте голову вперед и назад",=GOOGLETRANSLATE(B5;"ru";"pl"),=GOOGLETRANSLATE(B5;"ru";"sv"),=GOOGLETRANSLATE(B5;"ru";"cs"),=GOOGLETRANSLATE(B5;"ru";"sk"),=GOOGLETRANSLATE(B5;"ru";"fi"),=GOOGLETRANSLATE(B5;"ru";"it"),=GOOGLETRANSLATE(B5;"ru";"de"),=GOOGLETRANSLATE(B5;"ru";"fr")
exercises.items.27.instructions.3,"Выполняйте круговые движения головой",=GOOGLETRANSLATE(B6;"ru";"pl"),=GOOGLETRANSLATE(B6;"ru";"sv"),=GOOGLETRANSLATE(B6;"ru";"cs"),=GOOGLETRANSLATE(B6;"ru";"sk"),=GOOGLETRANSLATE(B6;"ru";"fi"),=GOOGLETRANSLATE(B6;"ru";"it"),=GOOGLETRANSLATE(B6;"ru";"de"),=GOOGLETRANSLATE(B6;"ru";"fr")
exercises.items.27.instructions.4,"Держите плечи расслабленными",=GOOGLETRANSLATE(B7;"ru";"pl"),=GOOGLETRANSLATE(B7;"ru";"sv"),=GOOGLETRANSLATE(B7;"ru";"cs"),=GOOGLETRANSLATE(B7;"ru";"sk"),=GOOGLETRANSLATE(B7;"ru";"fi"),=GOOGLETRANSLATE(B7;"ru";"it"),=GOOGLETRANSLATE(B7;"ru";"de"),=GOOGLETRANSLATE(B7;"ru";"fr")
exercises.items.27.tips.0,"Двигайтесь медленно и плавно",=GOOGLETRANSLATE(B8;"ru";"pl"),=GOOGLETRANSLATE(B8;"ru";"sv"),=GOOGLETRANSLATE(B8;"ru";"cs"),=GOOGLETRANSLATE(B8;"ru";"sk"),=GOOGLETRANSLATE(B8;"ru";"fi"),=GOOGLETRANSLATE(B8;"ru";"it"),=GOOGLETRANSLATE(B8;"ru";"de"),=GOOGLETRANSLATE(B8;"ru";"fr")
exercises.items.27.tips.1,"Не делайте резких движений",=GOOGLETRANSLATE(B9;"ru";"pl"),=GOOGLETRANSLATE(B9;"ru";"sv"),=GOOGLETRANSLATE(B9;"ru";"cs"),=GOOGLETRANSLATE(B9;"ru";"sk"),=GOOGLETRANSLATE(B9;"ru";"fi"),=GOOGLETRANSLATE(B9;"ru";"it"),=GOOGLETRANSLATE(B9;"ru";"de"),=GOOGLETRANSLATE(B9;"ru";"fr")
exercises.items.27.tips.2,"При появлении боли остановитесь",=GOOGLETRANSLATE(B10;"ru";"pl"),=GOOGLETRANSLATE(B10;"ru";"sv"),=GOOGLETRANSLATE(B10;"ru";"cs"),=GOOGLETRANSLATE(B10;"ru";"sk"),=GOOGLETRANSLATE(B10;"ru";"fi"),=GOOGLETRANSLATE(B10;"ru";"it"),=GOOGLETRANSLATE(B10;"ru";"de"),=GOOGLETRANSLATE(B10;"ru";"fr")
exercises.items.27.tips.3,"Дышите глубоко и равномерно",=GOOGLETRANSLATE(B11;"ru";"pl"),=GOOGLETRANSLATE(B11;"ru";"sv"),=GOOGLETRANSLATE(B11;"ru";"cs"),=GOOGLETRANSLATE(B11;"ru";"sk"),=GOOGLETRANSLATE(B11;"ru";"fi"),=GOOGLETRANSLATE(B11;"ru";"it"),=GOOGLETRANSLATE(B11;"ru";"de"),=GOOGLETRANSLATE(B11;"ru";"fr")

exercises.items.28.title,"Разминка запястий",=GOOGLETRANSLATE(B13;"ru";"pl"),=GOOGLETRANSLATE(B13;"ru";"sv"),=GOOGLETRANSLATE(B13;"ru";"cs"),=GOOGLETRANSLATE(B13;"ru";"sk"),=GOOGLETRANSLATE(B13;"ru";"fi"),=GOOGLETRANSLATE(B13;"ru";"it"),=GOOGLETRANSLATE(B13;"ru";"de"),=GOOGLETRANSLATE(B13;"ru";"fr")
exercises.items.28.instructions.0,"Вытяните руки перед собой",=GOOGLETRANSLATE(B14;"ru";"pl"),=GOOGLETRANSLATE(B14;"ru";"sv"),=GOOGLETRANSLATE(B14;"ru";"cs"),=GOOGLETRANSLATE(B14;"ru";"sk"),=GOOGLETRANSLATE(B14;"ru";"fi"),=GOOGLETRANSLATE(B14;"ru";"it"),=GOOGLETRANSLATE(B14;"ru";"de"),=GOOGLETRANSLATE(B14;"ru";"fr")
exercises.items.28.instructions.1,"Согните запястья вверх и вниз",=GOOGLETRANSLATE(B15;"ru";"pl"),=GOOGLETRANSLATE(B15;"ru";"sv"),=GOOGLETRANSLATE(B15;"ru";"cs"),=GOOGLETRANSLATE(B15;"ru";"sk"),=GOOGLETRANSLATE(B15;"ru";"fi"),=GOOGLETRANSLATE(B15;"ru";"it"),=GOOGLETRANSLATE(B15;"ru";"de"),=GOOGLETRANSLATE(B15;"ru";"fr")
exercises.items.28.instructions.2,"Поворачивайте запястья по кругу",=GOOGLETRANSLATE(B16;"ru";"pl"),=GOOGLETRANSLATE(B16;"ru";"sv"),=GOOGLETRANSLATE(B16;"ru";"cs"),=GOOGLETRANSLATE(B16;"ru";"sk"),=GOOGLETRANSLATE(B16;"ru";"fi"),=GOOGLETRANSLATE(B16;"ru";"it"),=GOOGLETRANSLATE(B16;"ru";"de"),=GOOGLETRANSLATE(B16;"ru";"fr")
exercises.items.28.instructions.3,"Сжимайте и разжимайте кулаки",=GOOGLETRANSLATE(B17;"ru";"pl"),=GOOGLETRANSLATE(B17;"ru";"sv"),=GOOGLETRANSLATE(B17;"ru";"cs"),=GOOGLETRANSLATE(B17;"ru";"sk"),=GOOGLETRANSLATE(B17;"ru";"fi"),=GOOGLETRANSLATE(B17;"ru";"it"),=GOOGLETRANSLATE(B17;"ru";"de"),=GOOGLETRANSLATE(B17;"ru";"fr")
exercises.items.28.instructions.4,"Растягивайте пальцы в стороны",=GOOGLETRANSLATE(B18;"ru";"pl"),=GOOGLETRANSLATE(B18;"ru";"sv"),=GOOGLETRANSLATE(B18;"ru";"cs"),=GOOGLETRANSLATE(B18;"ru";"sk"),=GOOGLETRANSLATE(B18;"ru";"fi"),=GOOGLETRANSLATE(B18;"ru";"it"),=GOOGLETRANSLATE(B18;"ru";"de"),=GOOGLETRANSLATE(B18;"ru";"fr")
exercises.items.28.tips.0,"Выполняйте движения медленно",=GOOGLETRANSLATE(B19;"ru";"pl"),=GOOGLETRANSLATE(B19;"ru";"sv"),=GOOGLETRANSLATE(B19;"ru";"cs"),=GOOGLETRANSLATE(B19;"ru";"sk"),=GOOGLETRANSLATE(B19;"ru";"fi"),=GOOGLETRANSLATE(B19;"ru";"it"),=GOOGLETRANSLATE(B19;"ru";"de"),=GOOGLETRANSLATE(B19;"ru";"fr")
exercises.items.28.tips.1,"Не перенапрягайте суставы",=GOOGLETRANSLATE(B20;"ru";"pl"),=GOOGLETRANSLATE(B20;"ru";"sv"),=GOOGLETRANSLATE(B20;"ru";"cs"),=GOOGLETRANSLATE(B20;"ru";"sk"),=GOOGLETRANSLATE(B20;"ru";"fi"),=GOOGLETRANSLATE(B20;"ru";"it"),=GOOGLETRANSLATE(B20;"ru";"de"),=GOOGLETRANSLATE(B20;"ru";"fr")
exercises.items.28.tips.2,"Следите за ощущениями в запястьях",=GOOGLETRANSLATE(B21;"ru";"pl"),=GOOGLETRANSLATE(B21;"ru";"sv"),=GOOGLETRANSLATE(B21;"ru";"cs"),=GOOGLETRANSLATE(B21;"ru";"sk"),=GOOGLETRANSLATE(B21;"ru";"fi"),=GOOGLETRANSLATE(B21;"ru";"it"),=GOOGLETRANSLATE(B21;"ru";"de"),=GOOGLETRANSLATE(B21;"ru";"fr")
exercises.items.28.tips.3,"Повторяйте регулярно",=GOOGLETRANSLATE(B22;"ru";"pl"),=GOOGLETRANSLATE(B22;"ru";"sv"),=GOOGLETRANSLATE(B22;"ru";"cs"),=GOOGLETRANSLATE(B22;"ru";"sk"),=GOOGLETRANSLATE(B22;"ru";"fi"),=GOOGLETRANSLATE(B22;"ru";"it"),=GOOGLETRANSLATE(B22;"ru";"de"),=GOOGLETRANSLATE(B22;"ru";"fr")

exercises.items.29.title,"Разминка коленей",=GOOGLETRANSLATE(B24;"ru";"pl"),=GOOGLETRANSLATE(B24;"ru";"sv"),=GOOGLETRANSLATE(B24;"ru";"cs"),=GOOGLETRANSLATE(B24;"ru";"sk"),=GOOGLETRANSLATE(B24;"ru";"fi"),=GOOGLETRANSLATE(B24;"ru";"it"),=GOOGLETRANSLATE(B24;"ru";"de"),=GOOGLETRANSLATE(B24;"ru";"fr")
exercises.items.29.instructions.0,"Встаньте прямо, ноги на ширине плеч",=GOOGLETRANSLATE(B25;"ru";"pl"),=GOOGLETRANSLATE(B25;"ru";"sv"),=GOOGLETRANSLATE(B25;"ru";"cs"),=GOOGLETRANSLATE(B25;"ru";"sk"),=GOOGLETRANSLATE(B25;"ru";"fi"),=GOOGLETRANSLATE(B25;"ru";"it"),=GOOGLETRANSLATE(B25;"ru";"de"),=GOOGLETRANSLATE(B25;"ru";"fr")
exercises.items.29.instructions.1,"Медленно сгибайте и разгибайте колени",=GOOGLETRANSLATE(B26;"ru";"pl"),=GOOGLETRANSLATE(B26;"ru";"sv"),=GOOGLETRANSLATE(B26;"ru";"cs"),=GOOGLETRANSLATE(B26;"ru";"sk"),=GOOGLETRANSLATE(B26;"ru";"fi"),=GOOGLETRANSLATE(B26;"ru";"it"),=GOOGLETRANSLATE(B26;"ru";"de"),=GOOGLETRANSLATE(B26;"ru";"fr")
exercises.items.29.instructions.2,"Выполняйте круговые движения коленями",=GOOGLETRANSLATE(B27;"ru";"pl"),=GOOGLETRANSLATE(B27;"ru";"sv"),=GOOGLETRANSLATE(B27;"ru";"cs"),=GOOGLETRANSLATE(B27;"ru";"sk"),=GOOGLETRANSLATE(B27;"ru";"fi"),=GOOGLETRANSLATE(B27;"ru";"it"),=GOOGLETRANSLATE(B27;"ru";"de"),=GOOGLETRANSLATE(B27;"ru";"fr")
exercises.items.29.instructions.3,"Делайте приседания с небольшой амплитудой",=GOOGLETRANSLATE(B28;"ru";"pl"),=GOOGLETRANSLATE(B28;"ru";"sv"),=GOOGLETRANSLATE(B28;"ru";"cs"),=GOOGLETRANSLATE(B28;"ru";"sk"),=GOOGLETRANSLATE(B28;"ru";"fi"),=GOOGLETRANSLATE(B28;"ru";"it"),=GOOGLETRANSLATE(B28;"ru";"de"),=GOOGLETRANSLATE(B28;"ru";"fr")
exercises.items.29.instructions.4,"Растягивайте переднюю поверхность бедра",=GOOGLETRANSLATE(B29;"ru";"pl"),=GOOGLETRANSLATE(B29;"ru";"sv"),=GOOGLETRANSLATE(B29;"ru";"cs"),=GOOGLETRANSLATE(B29;"ru";"sk"),=GOOGLETRANSLATE(B29;"ru";"fi"),=GOOGLETRANSLATE(B29;"ru";"it"),=GOOGLETRANSLATE(B29;"ru";"de"),=GOOGLETRANSLATE(B29;"ru";"fr")
exercises.items.29.tips.0,"Не делайте глубоких приседаний",=GOOGLETRANSLATE(B30;"ru";"pl"),=GOOGLETRANSLATE(B30;"ru";"sv"),=GOOGLETRANSLATE(B30;"ru";"cs"),=GOOGLETRANSLATE(B30;"ru";"sk"),=GOOGLETRANSLATE(B30;"ru";"fi"),=GOOGLETRANSLATE(B30;"ru";"it"),=GOOGLETRANSLATE(B30;"ru";"de"),=GOOGLETRANSLATE(B30;"ru";"fr")
exercises.items.29.tips.1,"Двигайтесь плавно и контролируемо",=GOOGLETRANSLATE(B31;"ru";"pl"),=GOOGLETRANSLATE(B31;"ru";"sv"),=GOOGLETRANSLATE(B31;"ru";"cs"),=GOOGLETRANSLATE(B31;"ru";"sk"),=GOOGLETRANSLATE(B31;"ru";"fi"),=GOOGLETRANSLATE(B31;"ru";"it"),=GOOGLETRANSLATE(B31;"ru";"de"),=GOOGLETRANSLATE(B31;"ru";"fr")
exercises.items.29.tips.2,"При боли в коленях уменьшите амплитуду",=GOOGLETRANSLATE(B32;"ru";"pl"),=GOOGLETRANSLATE(B32;"ru";"sv"),=GOOGLETRANSLATE(B32;"ru";"cs"),=GOOGLETRANSLATE(B32;"ru";"sk"),=GOOGLETRANSLATE(B32;"ru";"fi"),=GOOGLETRANSLATE(B32;"ru";"it"),=GOOGLETRANSLATE(B32;"ru";"de"),=GOOGLETRANSLATE(B32;"ru";"fr")
exercises.items.29.tips.3,"Следите за правильной техникой",=GOOGLETRANSLATE(B33;"ru";"pl"),=GOOGLETRANSLATE(B33;"ru";"sv"),=GOOGLETRANSLATE(B33;"ru";"cs"),=GOOGLETRANSLATE(B33;"ru";"sk"),=GOOGLETRANSLATE(B33;"ru";"fi"),=GOOGLETRANSLATE(B33;"ru";"it"),=GOOGLETRANSLATE(B33;"ru";"de"),=GOOGLETRANSLATE(B33;"ru";"fr")

exercises.items.30.title,"Разминка тазобедренных суставов",=GOOGLETRANSLATE(B35;"ru";"pl"),=GOOGLETRANSLATE(B35;"ru";"sv"),=GOOGLETRANSLATE(B35;"ru";"cs"),=GOOGLETRANSLATE(B35;"ru";"sk"),=GOOGLETRANSLATE(B35;"ru";"fi"),=GOOGLETRANSLATE(B35;"ru";"it"),=GOOGLETRANSLATE(B35;"ru";"de"),=GOOGLETRANSLATE(B35;"ru";"fr")
exercises.items.30.instructions.0,"Встаньте прямо, ноги на ширине плеч",=GOOGLETRANSLATE(B36;"ru";"pl"),=GOOGLETRANSLATE(B36;"ru";"sv"),=GOOGLETRANSLATE(B36;"ru";"cs"),=GOOGLETRANSLATE(B36;"ru";"sk"),=GOOGLETRANSLATE(B36;"ru";"fi"),=GOOGLETRANSLATE(B36;"ru";"it"),=GOOGLETRANSLATE(B36;"ru";"de"),=GOOGLETRANSLATE(B36;"ru";"fr")
exercises.items.30.instructions.1,"Поднимайте колено к груди",=GOOGLETRANSLATE(B37;"ru";"pl"),=GOOGLETRANSLATE(B37;"ru";"sv"),=GOOGLETRANSLATE(B37;"ru";"cs"),=GOOGLETRANSLATE(B37;"ru";"sk"),=GOOGLETRANSLATE(B37;"ru";"fi"),=GOOGLETRANSLATE(B37;"ru";"it"),=GOOGLETRANSLATE(B37;"ru";"de"),=GOOGLETRANSLATE(B37;"ru";"fr")
exercises.items.30.instructions.2,"Отводите ногу в сторону и назад",=GOOGLETRANSLATE(B38;"ru";"pl"),=GOOGLETRANSLATE(B38;"ru";"sv"),=GOOGLETRANSLATE(B38;"ru";"cs"),=GOOGLETRANSLATE(B38;"ru";"sk"),=GOOGLETRANSLATE(B38;"ru";"fi"),=GOOGLETRANSLATE(B38;"ru";"it"),=GOOGLETRANSLATE(B38;"ru";"de"),=GOOGLETRANSLATE(B38;"ru";"fr")
exercises.items.30.instructions.3,"Выполняйте круговые движения бедром",=GOOGLETRANSLATE(B39;"ru";"pl"),=GOOGLETRANSLATE(B39;"ru";"sv"),=GOOGLETRANSLATE(B39;"ru";"cs"),=GOOGLETRANSLATE(B39;"ru";"sk"),=GOOGLETRANSLATE(B39;"ru";"fi"),=GOOGLETRANSLATE(B39;"ru";"it"),=GOOGLETRANSLATE(B39;"ru";"de"),=GOOGLETRANSLATE(B39;"ru";"fr")
exercises.items.30.instructions.4,"Делайте выпады с небольшой амплитудой",=GOOGLETRANSLATE(B40;"ru";"pl"),=GOOGLETRANSLATE(B40;"ru";"sv"),=GOOGLETRANSLATE(B40;"ru";"cs"),=GOOGLETRANSLATE(B40;"ru";"sk"),=GOOGLETRANSLATE(B40;"ru";"fi"),=GOOGLETRANSLATE(B40;"ru";"it"),=GOOGLETRANSLATE(B40;"ru";"de"),=GOOGLETRANSLATE(B40;"ru";"fr")
exercises.items.30.tips.0,"Держите спину прямой",=GOOGLETRANSLATE(B41;"ru";"pl"),=GOOGLETRANSLATE(B41;"ru";"sv"),=GOOGLETRANSLATE(B41;"ru";"cs"),=GOOGLETRANSLATE(B41;"ru";"sk"),=GOOGLETRANSLATE(B41;"ru";"fi"),=GOOGLETRANSLATE(B41;"ru";"it"),=GOOGLETRANSLATE(B41;"ru";"de"),=GOOGLETRANSLATE(B41;"ru";"fr")
exercises.items.30.tips.1,"Работайте в комфортной амплитуде",=GOOGLETRANSLATE(B42;"ru";"pl"),=GOOGLETRANSLATE(B42;"ru";"sv"),=GOOGLETRANSLATE(B42;"ru";"cs"),=GOOGLETRANSLATE(B42;"ru";"sk"),=GOOGLETRANSLATE(B42;"ru";"fi"),=GOOGLETRANSLATE(B42;"ru";"it"),=GOOGLETRANSLATE(B42;"ru";"de"),=GOOGLETRANSLATE(B42;"ru";"fr")
exercises.items.30.tips.2,"Не торопитесь с движениями",=GOOGLETRANSLATE(B43;"ru";"pl"),=GOOGLETRANSLATE(B43;"ru";"sv"),=GOOGLETRANSLATE(B43;"ru";"cs"),=GOOGLETRANSLATE(B43;"ru";"sk"),=GOOGLETRANSLATE(B43;"ru";"fi"),=GOOGLETRANSLATE(B43;"ru";"it"),=GOOGLETRANSLATE(B43;"ru";"de"),=GOOGLETRANSLATE(B43;"ru";"fr")
exercises.items.30.tips.3,"Следите за балансом",=GOOGLETRANSLATE(B44;"ru";"pl"),=GOOGLETRANSLATE(B44;"ru";"sv"),=GOOGLETRANSLATE(B44;"ru";"cs"),=GOOGLETRANSLATE(B44;"ru";"sk"),=GOOGLETRANSLATE(B44;"ru";"fi"),=GOOGLETRANSLATE(B44;"ru";"it"),=GOOGLETRANSLATE(B44;"ru";"de"),=GOOGLETRANSLATE(B44;"ru";"fr")

exercises.items.31.title,"Растяжка паха",=GOOGLETRANSLATE(B46;"ru";"pl"),=GOOGLETRANSLATE(B46;"ru";"sv"),=GOOGLETRANSLATE(B46;"ru";"cs"),=GOOGLETRANSLATE(B46;"ru";"sk"),=GOOGLETRANSLATE(B46;"ru";"fi"),=GOOGLETRANSLATE(B46;"ru";"it"),=GOOGLETRANSLATE(B46;"ru";"de"),=GOOGLETRANSLATE(B46;"ru";"fr")
exercises.items.31.instructions.0,"Сядьте на пол, согните ноги в коленях",=GOOGLETRANSLATE(B47;"ru";"pl"),=GOOGLETRANSLATE(B47;"ru";"sv"),=GOOGLETRANSLATE(B47;"ru";"cs"),=GOOGLETRANSLATE(B47;"ru";"sk"),=GOOGLETRANSLATE(B47;"ru";"fi"),=GOOGLETRANSLATE(B47;"ru";"it"),=GOOGLETRANSLATE(B47;"ru";"de"),=GOOGLETRANSLATE(B47;"ru";"fr")
exercises.items.31.instructions.1,"Соедините подошвы стоп вместе",=GOOGLETRANSLATE(B48;"ru";"pl"),=GOOGLETRANSLATE(B48;"ru";"sv"),=GOOGLETRANSLATE(B48;"ru";"cs"),=GOOGLETRANSLATE(B48;"ru";"sk"),=GOOGLETRANSLATE(B48;"ru";"fi"),=GOOGLETRANSLATE(B48;"ru";"it"),=GOOGLETRANSLATE(B48;"ru";"de"),=GOOGLETRANSLATE(B48;"ru";"fr")
exercises.items.31.instructions.2,"Аккуратно наклонитесь вперед",=GOOGLETRANSLATE(B49;"ru";"pl"),=GOOGLETRANSLATE(B49;"ru";"sv"),=GOOGLETRANSLATE(B49;"ru";"cs"),=GOOGLETRANSLATE(B49;"ru";"sk"),=GOOGLETRANSLATE(B49;"ru";"fi"),=GOOGLETRANSLATE(B49;"ru";"it"),=GOOGLETRANSLATE(B49;"ru";"de"),=GOOGLETRANSLATE(B49;"ru";"fr")
exercises.items.31.instructions.3,"Потяните колени к полу",=GOOGLETRANSLATE(B50;"ru";"pl"),=GOOGLETRANSLATE(B50;"ru";"sv"),=GOOGLETRANSLATE(B50;"ru";"cs"),=GOOGLETRANSLATE(B50;"ru";"sk"),=GOOGLETRANSLATE(B50;"ru";"fi"),=GOOGLETRANSLATE(B50;"ru";"it"),=GOOGLETRANSLATE(B50;"ru";"de"),=GOOGLETRANSLATE(B50;"ru";"fr")
exercises.items.31.instructions.4,"Удерживайте растяжку 30 секунд",=GOOGLETRANSLATE(B51;"ru";"pl"),=GOOGLETRANSLATE(B51;"ru";"sv"),=GOOGLETRANSLATE(B51;"ru";"cs"),=GOOGLETRANSLATE(B51;"ru";"sk"),=GOOGLETRANSLATE(B51;"ru";"fi"),=GOOGLETRANSLATE(B51;"ru";"it"),=GOOGLETRANSLATE(B51;"ru";"de"),=GOOGLETRANSLATE(B51;"ru";"fr")
exercises.items.31.tips.0,"Не форсируйте растяжку",=GOOGLETRANSLATE(B52;"ru";"pl"),=GOOGLETRANSLATE(B52;"ru";"sv"),=GOOGLETRANSLATE(B52;"ru";"cs"),=GOOGLETRANSLATE(B52;"ru";"sk"),=GOOGLETRANSLATE(B52;"ru";"fi"),=GOOGLETRANSLATE(B52;"ru";"it"),=GOOGLETRANSLATE(B52;"ru";"de"),=GOOGLETRANSLATE(B52;"ru";"fr")
exercises.items.31.tips.1,"Дышите глубоко и расслабляйтесь",=GOOGLETRANSLATE(B53;"ru";"pl"),=GOOGLETRANSLATE(B53;"ru";"sv"),=GOOGLETRANSLATE(B53;"ru";"cs"),=GOOGLETRANSLATE(B53;"ru";"sk"),=GOOGLETRANSLATE(B53;"ru";"fi"),=GOOGLETRANSLATE(B53;"ru";"it"),=GOOGLETRANSLATE(B53;"ru";"de"),=GOOGLETRANSLATE(B53;"ru";"fr")
exercises.items.31.tips.2,"При боли уменьшите амплитуду",=GOOGLETRANSLATE(B54;"ru";"pl"),=GOOGLETRANSLATE(B54;"ru";"sv"),=GOOGLETRANSLATE(B54;"ru";"cs"),=GOOGLETRANSLATE(B54;"ru";"sk"),=GOOGLETRANSLATE(B54;"ru";"fi"),=GOOGLETRANSLATE(B54;"ru";"it"),=GOOGLETRANSLATE(B54;"ru";"de"),=GOOGLETRANSLATE(B54;"ru";"fr")
exercises.items.31.tips.3,"Выполняйте после разминки",=GOOGLETRANSLATE(B55;"ru";"pl"),=GOOGLETRANSLATE(B55;"ru";"sv"),=GOOGLETRANSLATE(B55;"ru";"cs"),=GOOGLETRANSLATE(B55;"ru";"sk"),=GOOGLETRANSLATE(B55;"ru";"fi"),=GOOGLETRANSLATE(B55;"ru";"it"),=GOOGLETRANSLATE(B55;"ru";"de"),=GOOGLETRANSLATE(B55;"ru";"fr")

exercises.items.32.title,"Растяжка подколенных сухожилий",=GOOGLETRANSLATE(B57;"ru";"pl"),=GOOGLETRANSLATE(B57;"ru";"sv"),=GOOGLETRANSLATE(B57;"ru";"cs"),=GOOGLETRANSLATE(B57;"ru";"sk"),=GOOGLETRANSLATE(B57;"ru";"fi"),=GOOGLETRANSLATE(B57;"ru";"it"),=GOOGLETRANSLATE(B57;"ru";"de"),=GOOGLETRANSLATE(B57;"ru";"fr")
exercises.items.32.instructions.0,"Сядьте на пол, вытяните ноги вперед",=GOOGLETRANSLATE(B58;"ru";"pl"),=GOOGLETRANSLATE(B58;"ru";"sv"),=GOOGLETRANSLATE(B58;"ru";"cs"),=GOOGLETRANSLATE(B58;"ru";"sk"),=GOOGLETRANSLATE(B58;"ru";"fi"),=GOOGLETRANSLATE(B58;"ru";"it"),=GOOGLETRANSLATE(B58;"ru";"de"),=GOOGLETRANSLATE(B58;"ru";"fr")
exercises.items.32.instructions.1,"Наклонитесь вперед, стараясь достать до стоп",=GOOGLETRANSLATE(B59;"ru";"pl"),=GOOGLETRANSLATE(B59;"ru";"sv"),=GOOGLETRANSLATE(B59;"ru";"cs"),=GOOGLETRANSLATE(B59;"ru";"sk"),=GOOGLETRANSLATE(B59;"ru";"fi"),=GOOGLETRANSLATE(B59;"ru";"it"),=GOOGLETRANSLATE(B59;"ru";"de"),=GOOGLETRANSLATE(B59;"ru";"fr")
exercises.items.32.instructions.2,"Обхватите стопы руками",=GOOGLETRANSLATE(B60;"ru";"pl"),=GOOGLETRANSLATE(B60;"ru";"sv"),=GOOGLETRANSLATE(B60;"ru";"cs"),=GOOGLETRANSLATE(B60;"ru";"sk"),=GOOGLETRANSLATE(B60;"ru";"fi"),=GOOGLETRANSLATE(B60;"ru";"it"),=GOOGLETRANSLATE(B60;"ru";"de"),=GOOGLETRANSLATE(B60;"ru";"fr")
exercises.items.32.instructions.3,"Потянитесь грудью к коленям",=GOOGLETRANSLATE(B61;"ru";"pl"),=GOOGLETRANSLATE(B61;"ru";"sv"),=GOOGLETRANSLATE(B61;"ru";"cs"),=GOOGLETRANSLATE(B61;"ru";"sk"),=GOOGLETRANSLATE(B61;"ru";"fi"),=GOOGLETRANSLATE(B61;"ru";"it"),=GOOGLETRANSLATE(B61;"ru";"de"),=GOOGLETRANSLATE(B61;"ru";"fr")
exercises.items.32.instructions.4,"Удерживайте растяжку 30-45 секунд",=GOOGLETRANSLATE(B62;"ru";"pl"),=GOOGLETRANSLATE(B62;"ru";"sv"),=GOOGLETRANSLATE(B62;"ru";"cs"),=GOOGLETRANSLATE(B62;"ru";"sk"),=GOOGLETRANSLATE(B62;"ru";"fi"),=GOOGLETRANSLATE(B62;"ru";"it"),=GOOGLETRANSLATE(B62;"ru";"de"),=GOOGLETRANSLATE(B62;"ru";"fr")
exercises.items.32.tips.0,"Не округляйте спину",=GOOGLETRANSLATE(B63;"ru";"pl"),=GOOGLETRANSLATE(B63;"ru";"sv"),=GOOGLETRANSLATE(B63;"ru";"cs"),=GOOGLETRANSLATE(B63;"ru";"sk"),=GOOGLETRANSLATE(B63;"ru";"fi"),=GOOGLETRANSLATE(B63;"ru";"it"),=GOOGLETRANSLATE(B63;"ru";"de"),=GOOGLETRANSLATE(B63;"ru";"fr")
exercises.items.32.tips.1,"Работайте в комфортной амплитуде",=GOOGLETRANSLATE(B64;"ru";"pl"),=GOOGLETRANSLATE(B64;"ru";"sv"),=GOOGLETRANSLATE(B64;"ru";"cs"),=GOOGLETRANSLATE(B64;"ru";"sk"),=GOOGLETRANSLATE(B64;"ru";"fi"),=GOOGLETRANSLATE(B64;"ru";"it"),=GOOGLETRANSLATE(B64;"ru";"de"),=GOOGLETRANSLATE(B64;"ru";"fr")
exercises.items.32.tips.2,"Дышите глубоко",=GOOGLETRANSLATE(B65;"ru";"pl"),=GOOGLETRANSLATE(B65;"ru";"sv"),=GOOGLETRANSLATE(B65;"ru";"cs"),=GOOGLETRANSLATE(B65;"ru";"sk"),=GOOGLETRANSLATE(B65;"ru";"fi"),=GOOGLETRANSLATE(B65;"ru";"it"),=GOOGLETRANSLATE(B65;"ru";"de"),=GOOGLETRANSLATE(B65;"ru";"fr")
exercises.items.32.tips.3,"Следите за ощущениями в задней поверхности бедра",=GOOGLETRANSLATE(B66;"ru";"pl"),=GOOGLETRANSLATE(B66;"ru";"sv"),=GOOGLETRANSLATE(B66;"ru";"cs"),=GOOGLETRANSLATE(B66;"ru";"sk"),=GOOGLETRANSLATE(B66;"ru";"fi"),=GOOGLETRANSLATE(B66;"ru";"it"),=GOOGLETRANSLATE(B66;"ru";"de"),=GOOGLETRANSLATE(B66;"ru";"fr")

exercises.items.33.title,"Растяжка икроножных мышц",=GOOGLETRANSLATE(B68;"ru";"pl"),=GOOGLETRANSLATE(B68;"ru";"sv"),=GOOGLETRANSLATE(B68;"ru";"cs"),=GOOGLETRANSLATE(B68;"ru";"sk"),=GOOGLETRANSLATE(B68;"ru";"fi"),=GOOGLETRANSLATE(B68;"ru";"it"),=GOOGLETRANSLATE(B68;"ru";"de"),=GOOGLETRANSLATE(B68;"ru";"fr")
exercises.items.33.instructions.0,"Встаньте лицом к стене",=GOOGLETRANSLATE(B69;"ru";"pl"),=GOOGLETRANSLATE(B69;"ru";"sv"),=GOOGLETRANSLATE(B69;"ru";"cs"),=GOOGLETRANSLATE(B69;"ru";"sk"),=GOOGLETRANSLATE(B69;"ru";"fi"),=GOOGLETRANSLATE(B69;"ru";"it"),=GOOGLETRANSLATE(B69;"ru";"de"),=GOOGLETRANSLATE(B69;"ru";"fr")
exercises.items.33.instructions.1,"Поставьте одну ногу вперед, другую назад",=GOOGLETRANSLATE(B70;"ru";"pl"),=GOOGLETRANSLATE(B70;"ru";"sv"),=GOOGLETRANSLATE(B70;"ru";"cs"),=GOOGLETRANSLATE(B70;"ru";"sk"),=GOOGLETRANSLATE(B70;"ru";"fi"),=GOOGLETRANSLATE(B70;"ru";"it"),=GOOGLETRANSLATE(B70;"ru";"de"),=GOOGLETRANSLATE(B70;"ru";"fr")
exercises.items.33.instructions.2,"Опустите пятку задней ноги на пол",=GOOGLETRANSLATE(B71;"ru";"pl"),=GOOGLETRANSLATE(B71;"ru";"sv"),=GOOGLETRANSLATE(B71;"ru";"cs"),=GOOGLETRANSLATE(B71;"ru";"sk"),=GOOGLETRANSLATE(B71;"ru";"fi"),=GOOGLETRANSLATE(B71;"ru";"it"),=GOOGLETRANSLATE(B71;"ru";"de"),=GOOGLETRANSLATE(B71;"ru";"fr")
exercises.items.33.instructions.3,"Наклонитесь вперед, растягивая икры",=GOOGLETRANSLATE(B72;"ru";"pl"),=GOOGLETRANSLATE(B72;"ru";"sv"),=GOOGLETRANSLATE(B72;"ru";"cs"),=GOOGLETRANSLATE(B72;"ru";"sk"),=GOOGLETRANSLATE(B72;"ru";"fi"),=GOOGLETRANSLATE(B72;"ru";"it"),=GOOGLETRANSLATE(B72;"ru";"de"),=GOOGLETRANSLATE(B72;"ru";"fr")
exercises.items.33.instructions.4,"Поменяйте ноги и повторите",=GOOGLETRANSLATE(B73;"ru";"pl"),=GOOGLETRANSLATE(B73;"ru";"sv"),=GOOGLETRANSLATE(B73;"ru";"cs"),=GOOGLETRANSLATE(B73;"ru";"sk"),=GOOGLETRANSLATE(B73;"ru";"fi"),=GOOGLETRANSLATE(B73;"ru";"it"),=GOOGLETRANSLATE(B73;"ru";"de"),=GOOGLETRANSLATE(B73;"ru";"fr")
exercises.items.33.tips.0,"Держите заднюю ногу прямой",=GOOGLETRANSLATE(B74;"ru";"pl"),=GOOGLETRANSLATE(B74;"ru";"sv"),=GOOGLETRANSLATE(B74;"ru";"cs"),=GOOGLETRANSLATE(B74;"ru";"sk"),=GOOGLETRANSLATE(B74;"ru";"fi"),=GOOGLETRANSLATE(B74;"ru";"it"),=GOOGLETRANSLATE(B74;"ru";"de"),=GOOGLETRANSLATE(B74;"ru";"fr")
exercises.items.33.tips.1,"Не отрывайте пятку от пола",=GOOGLETRANSLATE(B75;"ru";"pl"),=GOOGLETRANSLATE(B75;"ru";"sv"),=GOOGLETRANSLATE(B75;"ru";"cs"),=GOOGLETRANSLATE(B75;"ru";"sk"),=GOOGLETRANSLATE(B75;"ru";"fi"),=GOOGLETRANSLATE(B75;"ru";"it"),=GOOGLETRANSLATE(B75;"ru";"de"),=GOOGLETRANSLATE(B75;"ru";"fr")
exercises.items.33.tips.2,"Растягивайтесь плавно",=GOOGLETRANSLATE(B76;"ru";"pl"),=GOOGLETRANSLATE(B76;"ru";"sv"),=GOOGLETRANSLATE(B76;"ru";"cs"),=GOOGLETRANSLATE(B76;"ru";"sk"),=GOOGLETRANSLATE(B76;"ru";"fi"),=GOOGLETRANSLATE(B76;"ru";"it"),=GOOGLETRANSLATE(B76;"ru";"de"),=GOOGLETRANSLATE(B76;"ru";"fr")
exercises.items.33.tips.3,"Выполняйте для обеих ног",=GOOGLETRANSLATE(B77;"ru";"pl"),=GOOGLETRANSLATE(B77;"ru";"sv"),=GOOGLETRANSLATE(B77;"ru";"cs"),=GOOGLETRANSLATE(B77;"ru";"sk"),=GOOGLETRANSLATE(B77;"ru";"fi"),=GOOGLETRANSLATE(B77;"ru";"it"),=GOOGLETRANSLATE(B77;"ru";"de"),=GOOGLETRANSLATE(B77;"ru";"fr")

exercises.items.34.title,"Растяжка грудных мышц",=GOOGLETRANSLATE(B79;"ru";"pl"),=GOOGLETRANSLATE(B79;"ru";"sv"),=GOOGLETRANSLATE(B79;"ru";"cs"),=GOOGLETRANSLATE(B79;"ru";"sk"),=GOOGLETRANSLATE(B79;"ru";"fi"),=GOOGLETRANSLATE(B79;"ru";"it"),=GOOGLETRANSLATE(B79;"ru";"de"),=GOOGLETRANSLATE(B79;"ru";"fr")
exercises.items.34.instructions.0,"Встаньте в дверном проеме",=GOOGLETRANSLATE(B80;"ru";"pl"),=GOOGLETRANSLATE(B80;"ru";"sv"),=GOOGLETRANSLATE(B80;"ru";"cs"),=GOOGLETRANSLATE(B80;"ru";"sk"),=GOOGLETRANSLATE(B80;"ru";"fi"),=GOOGLETRANSLATE(B80;"ru";"it"),=GOOGLETRANSLATE(B80;"ru";"de"),=GOOGLETRANSLATE(B80;"ru";"fr")
exercises.items.34.instructions.1,"Поставьте руки на косяки двери",=GOOGLETRANSLATE(B81;"ru";"pl"),=GOOGLETRANSLATE(B81;"ru";"sv"),=GOOGLETRANSLATE(B81;"ru";"cs"),=GOOGLETRANSLATE(B81;"ru";"sk"),=GOOGLETRANSLATE(B81;"ru";"fi"),=GOOGLETRANSLATE(B81;"ru";"it"),=GOOGLETRANSLATE(B81;"ru";"de"),=GOOGLETRANSLATE(B81;"ru";"fr")
exercises.items.34.instructions.2,"Сделайте шаг вперед",=GOOGLETRANSLATE(B82;"ru";"pl"),=GOOGLETRANSLATE(B82;"ru";"sv"),=GOOGLETRANSLATE(B82;"ru";"cs"),=GOOGLETRANSLATE(B82;"ru";"sk"),=GOOGLETRANSLATE(B82;"ru";"fi"),=GOOGLETRANSLATE(B82;"ru";"it"),=GOOGLETRANSLATE(B82;"ru";"de"),=GOOGLETRANSLATE(B82;"ru";"fr")
exercises.items.34.instructions.3,"Почувствуйте растяжение в груди",=GOOGLETRANSLATE(B83;"ru";"pl"),=GOOGLETRANSLATE(B83;"ru";"sv"),=GOOGLETRANSLATE(B83;"ru";"cs"),=GOOGLETRANSLATE(B83;"ru";"sk"),=GOOGLETRANSLATE(B83;"ru";"fi"),=GOOGLETRANSLATE(B83;"ru";"it"),=GOOGLETRANSLATE(B83;"ru";"de"),=GOOGLETRANSLATE(B83;"ru";"fr")
exercises.items.34.instructions.4,"Удерживайте растяжку 30 секунд",=GOOGLETRANSLATE(B84;"ru";"pl"),=GOOGLETRANSLATE(B84;"ru";"sv"),=GOOGLETRANSLATE(B84;"ru";"cs"),=GOOGLETRANSLATE(B84;"ru";"sk"),=GOOGLETRANSLATE(B84;"ru";"fi"),=GOOGLETRANSLATE(B84;"ru";"it"),=GOOGLETRANSLATE(B84;"ru";"de"),=GOOGLETRANSLATE(B84;"ru";"fr")
exercises.items.34.tips.0,"Не перенапрягайте плечи",=GOOGLETRANSLATE(B85;"ru";"pl"),=GOOGLETRANSLATE(B85;"ru";"sv"),=GOOGLETRANSLATE(B85;"ru";"cs"),=GOOGLETRANSLATE(B85;"ru";"sk"),=GOOGLETRANSLATE(B85;"ru";"fi"),=GOOGLETRANSLATE(B85;"ru";"it"),=GOOGLETRANSLATE(B85;"ru";"de"),=GOOGLETRANSLATE(B85;"ru";"fr")
exercises.items.34.tips.1,"Дышите глубоко",=GOOGLETRANSLATE(B86;"ru";"pl"),=GOOGLETRANSLATE(B86;"ru";"sv"),=GOOGLETRANSLATE(B86;"ru";"cs"),=GOOGLETRANSLATE(B86;"ru";"sk"),=GOOGLETRANSLATE(B86;"ru";"fi"),=GOOGLETRANSLATE(B86;"ru";"it"),=GOOGLETRANSLATE(B86;"ru";"de"),=GOOGLETRANSLATE(B86;"ru";"fr")
exercises.items.34.tips.2,"Растягивайтесь постепенно",=GOOGLETRANSLATE(B87;"ru";"pl"),=GOOGLETRANSLATE(B87;"ru";"sv"),=GOOGLETRANSLATE(B87;"ru";"cs"),=GOOGLETRANSLATE(B87;"ru";"sk"),=GOOGLETRANSLATE(B87;"ru";"fi"),=GOOGLETRANSLATE(B87;"ru";"it"),=GOOGLETRANSLATE(B87;"ru";"de"),=GOOGLETRANSLATE(B87;"ru";"fr")
exercises.items.34.tips.3,"Следите за ощущениями",=GOOGLETRANSLATE(B88;"ru";"pl"),=GOOGLETRANSLATE(B88;"ru";"sv"),=GOOGLETRANSLATE(B88;"ru";"cs"),=GOOGLETRANSLATE(B88;"ru";"sk"),=GOOGLETRANSLATE(B88;"ru";"fi"),=GOOGLETRANSLATE(B88;"ru";"it"),=GOOGLETRANSLATE(B88;"ru";"de"),=GOOGLETRANSLATE(B88;"ru";"fr")

exercises.items.35.title,"Растяжка трицепсов",=GOOGLETRANSLATE(B90;"ru";"pl"),=GOOGLETRANSLATE(B90;"ru";"sv"),=GOOGLETRANSLATE(B90;"ru";"cs"),=GOOGLETRANSLATE(B90;"ru";"sk"),=GOOGLETRANSLATE(B90;"ru";"fi"),=GOOGLETRANSLATE(B90;"ru";"it"),=GOOGLETRANSLATE(B90;"ru";"de"),=GOOGLETRANSLATE(B90;"ru";"fr")
exercises.items.35.instructions.0,"Поднимите одну руку вверх",=GOOGLETRANSLATE(B91;"ru";"pl"),=GOOGLETRANSLATE(B91;"ru";"sv"),=GOOGLETRANSLATE(B91;"ru";"cs"),=GOOGLETRANSLATE(B91;"ru";"sk"),=GOOGLETRANSLATE(B91;"ru";"fi"),=GOOGLETRANSLATE(B91;"ru";"it"),=GOOGLETRANSLATE(B91;"ru";"de"),=GOOGLETRANSLATE(B91;"ru";"fr")
exercises.items.35.instructions.1,"Согните руку в локте за головой",=GOOGLETRANSLATE(B92;"ru";"pl"),=GOOGLETRANSLATE(B92;"ru";"sv"),=GOOGLETRANSLATE(B92;"ru";"cs"),=GOOGLETRANSLATE(B92;"ru";"sk"),=GOOGLETRANSLATE(B92;"ru";"fi"),=GOOGLETRANSLATE(B92;"ru";"it"),=GOOGLETRANSLATE(B92;"ru";"de"),=GOOGLETRANSLATE(B92;"ru";"fr")
exercises.items.35.instructions.2,"Другой рукой потяните локоть вниз",=GOOGLETRANSLATE(B93;"ru";"pl"),=GOOGLETRANSLATE(B93;"ru";"sv"),=GOOGLETRANSLATE(B93;"ru";"cs"),=GOOGLETRANSLATE(B93;"ru";"sk"),=GOOGLETRANSLATE(B93;"ru";"fi"),=GOOGLETRANSLATE(B93;"ru";"it"),=GOOGLETRANSLATE(B93;"ru";"de"),=GOOGLETRANSLATE(B93;"ru";"fr")
exercises.items.35.instructions.3,"Почувствуйте растяжение трицепса",=GOOGLETRANSLATE(B94;"ru";"pl"),=GOOGLETRANSLATE(B94;"ru";"sv"),=GOOGLETRANSLATE(B94;"ru";"cs"),=GOOGLETRANSLATE(B94;"ru";"sk"),=GOOGLETRANSLATE(B94;"ru";"fi"),=GOOGLETRANSLATE(B94;"ru";"it"),=GOOGLETRANSLATE(B94;"ru";"de"),=GOOGLETRANSLATE(B94;"ru";"fr")
exercises.items.35.instructions.4,"Поменяйте руки и повторите",=GOOGLETRANSLATE(B95;"ru";"pl"),=GOOGLETRANSLATE(B95;"ru";"sv"),=GOOGLETRANSLATE(B95;"ru";"cs"),=GOOGLETRANSLATE(B95;"ru";"sk"),=GOOGLETRANSLATE(B95;"ru";"fi"),=GOOGLETRANSLATE(B95;"ru";"it"),=GOOGLETRANSLATE(B95;"ru";"de"),=GOOGLETRANSLATE(B95;"ru";"fr")
exercises.items.35.tips.0,"Не делайте резких движений",=GOOGLETRANSLATE(B96;"ru";"pl"),=GOOGLETRANSLATE(B96;"ru";"sv"),=GOOGLETRANSLATE(B96;"ru";"cs"),=GOOGLETRANSLATE(B96;"ru";"sk"),=GOOGLETRANSLATE(B96;"ru";"fi"),=GOOGLETRANSLATE(B96;"ru";"it"),=GOOGLETRANSLATE(B96;"ru";"de"),=GOOGLETRANSLATE(B96;"ru";"fr")
exercises.items.35.tips.1,"Растягивайтесь плавно",=GOOGLETRANSLATE(B97;"ru";"pl"),=GOOGLETRANSLATE(B97;"ru";"sv"),=GOOGLETRANSLATE(B97;"ru";"cs"),=GOOGLETRANSLATE(B97;"ru";"sk"),=GOOGLETRANSLATE(B97;"ru";"fi"),=GOOGLETRANSLATE(B97;"ru";"it"),=GOOGLETRANSLATE(B97;"ru";"de"),=GOOGLETRANSLATE(B97;"ru";"fr")
exercises.items.35.tips.2,"Дышите равномерно",=GOOGLETRANSLATE(B98;"ru";"pl"),=GOOGLETRANSLATE(B98;"ru";"sv"),=GOOGLETRANSLATE(B98;"ru";"cs"),=GOOGLETRANSLATE(B98;"ru";"sk"),=GOOGLETRANSLATE(B98;"ru";"fi"),=GOOGLETRANSLATE(B98;"ru";"it"),=GOOGLETRANSLATE(B98;"ru";"de"),=GOOGLETRANSLATE(B98;"ru";"fr")
exercises.items.35.tips.3,"Выполняйте для обеих рук",=GOOGLETRANSLATE(B99;"ru";"pl"),=GOOGLETRANSLATE(B99;"ru";"sv"),=GOOGLETRANSLATE(B99;"ru";"cs"),=GOOGLETRANSLATE(B99;"ru";"sk"),=GOOGLETRANSLATE(B99;"ru";"fi"),=GOOGLETRANSLATE(B99;"ru";"it"),=GOOGLETRANSLATE(B99;"ru";"de"),=GOOGLETRANSLATE(B99;"ru";"fr")

exercises.items.36.title,"Змейка между конусами",=GOOGLETRANSLATE(B101;"ru";"pl"),=GOOGLETRANSLATE(B101;"ru";"sv"),=GOOGLETRANSLATE(B101;"ru";"cs"),=GOOGLETRANSLATE(B101;"ru";"sk"),=GOOGLETRANSLATE(B101;"ru";"fi"),=GOOGLETRANSLATE(B101;"ru";"it"),=GOOGLETRANSLATE(B101;"ru";"de"),=GOOGLETRANSLATE(B101;"ru";"fr")
exercises.items.36.instructions.0,"Расставьте конусы змейкой на расстоянии 2-3 метра",=GOOGLETRANSLATE(B102;"ru";"pl"),=GOOGLETRANSLATE(B102;"ru";"sv"),=GOOGLETRANSLATE(B102;"ru";"cs"),=GOOGLETRANSLATE(B102;"ru";"sk"),=GOOGLETRANSLATE(B102;"ru";"fi"),=GOOGLETRANSLATE(B102;"ru";"it"),=GOOGLETRANSLATE(B102;"ru";"de"),=GOOGLETRANSLATE(B102;"ru";"fr")
exercises.items.36.instructions.1,"Начните бег, огибая каждый конус",=GOOGLETRANSLATE(B103;"ru";"pl"),=GOOGLETRANSLATE(B103;"ru";"sv"),=GOOGLETRANSLATE(B103;"ru";"cs"),=GOOGLETRANSLATE(B103;"ru";"sk"),=GOOGLETRANSLATE(B103;"ru";"fi"),=GOOGLETRANSLATE(B103;"ru";"it"),=GOOGLETRANSLATE(B103;"ru";"de"),=GOOGLETRANSLATE(B103;"ru";"fr")
exercises.items.36.instructions.2,"Держите низкий центр тяжести",=GOOGLETRANSLATE(B104;"ru";"pl"),=GOOGLETRANSLATE(B104;"ru";"sv"),=GOOGLETRANSLATE(B104;"ru";"cs"),=GOOGLETRANSLATE(B104;"ru";"sk"),=GOOGLETRANSLATE(B104;"ru";"fi"),=GOOGLETRANSLATE(B104;"ru";"it"),=GOOGLETRANSLATE(B104;"ru";"de"),=GOOGLETRANSLATE(B104;"ru";"fr")
exercises.items.36.instructions.3,"Работайте ногами быстро и часто",=GOOGLETRANSLATE(B105;"ru";"pl"),=GOOGLETRANSLATE(B105;"ru";"sv"),=GOOGLETRANSLATE(B105;"ru";"cs"),=GOOGLETRANSLATE(B105;"ru";"sk"),=GOOGLETRANSLATE(B105;"ru";"fi"),=GOOGLETRANSLATE(B105;"ru";"it"),=GOOGLETRANSLATE(B105;"ru";"de"),=GOOGLETRANSLATE(B105;"ru";"fr")
exercises.items.36.instructions.4,"Следите за правильной техникой поворотов",=GOOGLETRANSLATE(B106;"ru";"pl"),=GOOGLETRANSLATE(B106;"ru";"sv"),=GOOGLETRANSLATE(B106;"ru";"cs"),=GOOGLETRANSLATE(B106;"ru";"sk"),=GOOGLETRANSLATE(B106;"ru";"fi"),=GOOGLETRANSLATE(B106;"ru";"it"),=GOOGLETRANSLATE(B106;"ru";"de"),=GOOGLETRANSLATE(B106;"ru";"fr")
exercises.items.36.tips.0,"Начинайте с медленного темпа",=GOOGLETRANSLATE(B107;"ru";"pl"),=GOOGLETRANSLATE(B107;"ru";"sv"),=GOOGLETRANSLATE(B107;"ru";"cs"),=GOOGLETRANSLATE(B107;"ru";"sk"),=GOOGLETRANSLATE(B107;"ru";"fi"),=GOOGLETRANSLATE(B107;"ru";"it"),=GOOGLETRANSLATE(B107;"ru";"de"),=GOOGLETRANSLATE(B107;"ru";"fr")
exercises.items.36.tips.1,"Следите за техникой, а не за скоростью",=GOOGLETRANSLATE(B108;"ru";"pl"),=GOOGLETRANSLATE(B108;"ru";"sv"),=GOOGLETRANSLATE(B108;"ru";"cs"),=GOOGLETRANSLATE(B108;"ru";"sk"),=GOOGLETRANSLATE(B108;"ru";"fi"),=GOOGLETRANSLATE(B108;"ru";"it"),=GOOGLETRANSLATE(B108;"ru";"de"),=GOOGLETRANSLATE(B108;"ru";"fr")
exercises.items.36.tips.2,"Держите голову поднятой",=GOOGLETRANSLATE(B109;"ru";"pl"),=GOOGLETRANSLATE(B109;"ru";"sv"),=GOOGLETRANSLATE(B109;"ru";"cs"),=GOOGLETRANSLATE(B109;"ru";"sk"),=GOOGLETRANSLATE(B109;"ru";"fi"),=GOOGLETRANSLATE(B109;"ru";"it"),=GOOGLETRANSLATE(B109;"ru";"de"),=GOOGLETRANSLATE(B109;"ru";"fr")
exercises.items.36.tips.3,"Используйте короткие быстрые шаги",=GOOGLETRANSLATE(B110;"ru";"pl"),=GOOGLETRANSLATE(B110;"ru";"sv"),=GOOGLETRANSLATE(B110;"ru";"cs"),=GOOGLETRANSLATE(B110;"ru";"sk"),=GOOGLETRANSLATE(B110;"ru";"fi"),=GOOGLETRANSLATE(B110;"ru";"it"),=GOOGLETRANSLATE(B110;"ru";"de"),=GOOGLETRANSLATE(B110;"ru";"fr")

exercises.items.37.title,"Быстрые касания ногами",=GOOGLETRANSLATE(B112;"ru";"pl"),=GOOGLETRANSLATE(B112;"ru";"sv"),=GOOGLETRANSLATE(B112;"ru";"cs"),=GOOGLETRANSLATE(B112;"ru";"sk"),=GOOGLETRANSLATE(B112;"ru";"fi"),=GOOGLETRANSLATE(B112;"ru";"it"),=GOOGLETRANSLATE(B112;"ru";"de"),=GOOGLETRANSLATE(B112;"ru";"fr")
exercises.items.37.instructions.0,"Встаньте рядом с мячом",=GOOGLETRANSLATE(B113;"ru";"pl"),=GOOGLETRANSLATE(B113;"ru";"sv"),=GOOGLETRANSLATE(B113;"ru";"cs"),=GOOGLETRANSLATE(B113;"ru";"sk"),=GOOGLETRANSLATE(B113;"ru";"fi"),=GOOGLETRANSLATE(B113;"ru";"it"),=GOOGLETRANSLATE(B113;"ru";"de"),=GOOGLETRANSLATE(B113;"ru";"fr")
exercises.items.37.instructions.1,"Быстро касайтесь мяча ногой",=GOOGLETRANSLATE(B114;"ru";"pl"),=GOOGLETRANSLATE(B114;"ru";"sv"),=GOOGLETRANSLATE(B114;"ru";"cs"),=GOOGLETRANSLATE(B114;"ru";"sk"),=GOOGLETRANSLATE(B114;"ru";"fi"),=GOOGLETRANSLATE(B114;"ru";"it"),=GOOGLETRANSLATE(B114;"ru";"de"),=GOOGLETRANSLATE(B114;"ru";"fr")
exercises.items.37.instructions.2,"Меняйте ноги каждые 2-3 касания",=GOOGLETRANSLATE(B115;"ru";"pl"),=GOOGLETRANSLATE(B115;"ru";"sv"),=GOOGLETRANSLATE(B115;"ru";"cs"),=GOOGLETRANSLATE(B115;"ru";"sk"),=GOOGLETRANSLATE(B115;"ru";"fi"),=GOOGLETRANSLATE(B115;"ru";"it"),=GOOGLETRANSLATE(B115;"ru";"de"),=GOOGLETRANSLATE(B115;"ru";"fr")
exercises.items.37.instructions.3,"Поддерживайте постоянный ритм",=GOOGLETRANSLATE(B116;"ru";"pl"),=GOOGLETRANSLATE(B116;"ru";"sv"),=GOOGLETRANSLATE(B116;"ru";"cs"),=GOOGLETRANSLATE(B116;"ru";"sk"),=GOOGLETRANSLATE(B116;"ru";"fi"),=GOOGLETRANSLATE(B116;"ru";"it"),=GOOGLETRANSLATE(B116;"ru";"de"),=GOOGLETRANSLATE(B116;"ru";"fr")
exercises.items.37.instructions.4,"Выполните 30-60 секунд",=GOOGLETRANSLATE(B117;"ru";"pl"),=GOOGLETRANSLATE(B117;"ru";"sv"),=GOOGLETRANSLATE(B117;"ru";"cs"),=GOOGLETRANSLATE(B117;"ru";"sk"),=GOOGLETRANSLATE(B117;"ru";"fi"),=GOOGLETRANSLATE(B117;"ru";"it"),=GOOGLETRANSLATE(B117;"ru";"de"),=GOOGLETRANSLATE(B117;"ru";"fr")
exercises.items.37.tips.0,"Держите вес тела на опорной ноге",=GOOGLETRANSLATE(B118;"ru";"pl"),=GOOGLETRANSLATE(B118;"ru";"sv"),=GOOGLETRANSLATE(B118;"ru";"cs"),=GOOGLETRANSLATE(B118;"ru";"sk"),=GOOGLETRANSLATE(B118;"ru";"fi"),=GOOGLETRANSLATE(B118;"ru";"it"),=GOOGLETRANSLATE(B118;"ru";"de"),=GOOGLETRANSLATE(B118;"ru";"fr")
exercises.items.37.tips.1,"Работайте быстро, но контролируемо",=GOOGLETRANSLATE(B119;"ru";"pl"),=GOOGLETRANSLATE(B119;"ru";"sv"),=GOOGLETRANSLATE(B119;"ru";"cs"),=GOOGLETRANSLATE(B119;"ru";"sk"),=GOOGLETRANSLATE(B119;"ru";"fi"),=GOOGLETRANSLATE(B119;"ru";"it"),=GOOGLETRANSLATE(B119;"ru";"de"),=GOOGLETRANSLATE(B119;"ru";"fr")
exercises.items.37.tips.2,"Не теряйте равновесие",=GOOGLETRANSLATE(B120;"ru";"pl"),=GOOGLETRANSLATE(B120;"ru";"sv"),=GOOGLETRANSLATE(B120;"ru";"cs"),=GOOGLETRANSLATE(B120;"ru";"sk"),=GOOGLETRANSLATE(B120;"ru";"fi"),=GOOGLETRANSLATE(B120;"ru";"it"),=GOOGLETRANSLATE(B120;"ru";"de"),=GOOGLETRANSLATE(B120;"ru";"fr")
exercises.items.37.tips.3,"Следите за техникой касания",=GOOGLETRANSLATE(B121;"ru";"pl"),=GOOGLETRANSLATE(B121;"ru";"sv"),=GOOGLETRANSLATE(B121;"ru";"cs"),=GOOGLETRANSLATE(B121;"ru";"sk"),=GOOGLETRANSLATE(B121;"ru";"fi"),=GOOGLETRANSLATE(B121;"ru";"it"),=GOOGLETRANSLATE(B121;"ru";"de"),=GOOGLETRANSLATE(B121;"ru";"fr")

exercises.items.38.title,"Прыжки с поворотами",=GOOGLETRANSLATE(B123;"ru";"pl"),=GOOGLETRANSLATE(B123;"ru";"sv"),=GOOGLETRANSLATE(B123;"ru";"cs"),=GOOGLETRANSLATE(B123;"ru";"sk"),=GOOGLETRANSLATE(B123;"ru";"fi"),=GOOGLETRANSLATE(B123;"ru";"it"),=GOOGLETRANSLATE(B123;"ru";"de"),=GOOGLETRANSLATE(B123;"ru";"fr")
exercises.items.38.instructions.0,"Встаньте прямо, ноги на ширине плеч",=GOOGLETRANSLATE(B124;"ru";"pl"),=GOOGLETRANSLATE(B124;"ru";"sv"),=GOOGLETRANSLATE(B124;"ru";"cs"),=GOOGLETRANSLATE(B124;"ru";"sk"),=GOOGLETRANSLATE(B124;"ru";"fi"),=GOOGLETRANSLATE(B124;"ru";"it"),=GOOGLETRANSLATE(B124;"ru";"de"),=GOOGLETRANSLATE(B124;"ru";"fr")
exercises.items.38.instructions.1,"Сделайте прыжок вверх",=GOOGLETRANSLATE(B125;"ru";"pl"),=GOOGLETRANSLATE(B125;"ru";"sv"),=GOOGLETRANSLATE(B125;"ru";"cs"),=GOOGLETRANSLATE(B125;"ru";"sk"),=GOOGLETRANSLATE(B125;"ru";"fi"),=GOOGLETRANSLATE(B125;"ru";"it"),=GOOGLETRANSLATE(B125;"ru";"de"),=GOOGLETRANSLATE(B125;"ru";"fr")
exercises.items.38.instructions.2,"Во время прыжка повернитесь на 180 градусов",=GOOGLETRANSLATE(B126;"ru";"pl"),=GOOGLETRANSLATE(B126;"ru";"sv"),=GOOGLETRANSLATE(B126;"ru";"cs"),=GOOGLETRANSLATE(B126;"ru";"sk"),=GOOGLETRANSLATE(B126;"ru";"fi"),=GOOGLETRANSLATE(B126;"ru";"it"),=GOOGLETRANSLATE(B126;"ru";"de"),=GOOGLETRANSLATE(B126;"ru";"fr")
exercises.items.38.instructions.3,"Приземлитесь мягко на обе ноги",=GOOGLETRANSLATE(B127;"ru";"pl"),=GOOGLETRANSLATE(B127;"ru";"sv"),=GOOGLETRANSLATE(B127;"ru";"cs"),=GOOGLETRANSLATE(B127;"ru";"sk"),=GOOGLETRANSLATE(B127;"ru";"fi"),=GOOGLETRANSLATE(B127;"ru";"it"),=GOOGLETRANSLATE(B127;"ru";"de"),=GOOGLETRANSLATE(B127;"ru";"fr")
exercises.items.38.instructions.4,"Сразу повернитесь обратно и повторите",=GOOGLETRANSLATE(B128;"ru";"pl"),=GOOGLETRANSLATE(B128;"ru";"sv"),=GOOGLETRANSLATE(B128;"ru";"cs"),=GOOGLETRANSLATE(B128;"ru";"sk"),=GOOGLETRANSLATE(B128;"ru";"fi"),=GOOGLETRANSLATE(B128;"ru";"it"),=GOOGLETRANSLATE(B128;"ru";"de"),=GOOGLETRANSLATE(B128;"ru";"fr")
exercises.items.38.tips.0,"Приземляйтесь на полусогнутые ноги",=GOOGLETRANSLATE(B129;"ru";"pl"),=GOOGLETRANSLATE(B129;"ru";"sv"),=GOOGLETRANSLATE(B129;"ru";"cs"),=GOOGLETRANSLATE(B129;"ru";"sk"),=GOOGLETRANSLATE(B129;"ru";"fi"),=GOOGLETRANSLATE(B129;"ru";"it"),=GOOGLETRANSLATE(B129;"ru";"de"),=GOOGLETRANSLATE(B129;"ru";"fr")
exercises.items.38.tips.1,"Работайте руками для баланса",=GOOGLETRANSLATE(B130;"ru";"pl"),=GOOGLETRANSLATE(B130;"ru";"sv"),=GOOGLETRANSLATE(B130;"ru";"cs"),=GOOGLETRANSLATE(B130;"ru";"sk"),=GOOGLETRANSLATE(B130;"ru";"fi"),=GOOGLETRANSLATE(B130;"ru";"it"),=GOOGLETRANSLATE(B130;"ru";"de"),=GOOGLETRANSLATE(B130;"ru";"fr")
exercises.items.38.tips.2,"Начинайте с небольших поворотов",=GOOGLETRANSLATE(B131;"ru";"pl"),=GOOGLETRANSLATE(B131;"ru";"sv"),=GOOGLETRANSLATE(B131;"ru";"cs"),=GOOGLETRANSLATE(B131;"ru";"sk"),=GOOGLETRANSLATE(B131;"ru";"fi"),=GOOGLETRANSLATE(B131;"ru";"it"),=GOOGLETRANSLATE(B131;"ru";"de"),=GOOGLETRANSLATE(B131;"ru";"fr")
exercises.items.38.tips.3,"Следите за техникой приземления",=GOOGLETRANSLATE(B132;"ru";"pl"),=GOOGLETRANSLATE(B132;"ru";"sv"),=GOOGLETRANSLATE(B132;"ru";"cs"),=GOOGLETRANSLATE(B132;"ru";"sk"),=GOOGLETRANSLATE(B132;"ru";"fi"),=GOOGLETRANSLATE(B132;"ru";"it"),=GOOGLETRANSLATE(B132;"ru";"de"),=GOOGLETRANSLATE(B132;"ru";"fr")

exercises.items.39.title,"Быстрые передачи мяча",=GOOGLETRANSLATE(B134;"ru";"pl"),=GOOGLETRANSLATE(B134;"ru";"sv"),=GOOGLETRANSLATE(B134;"ru";"cs"),=GOOGLETRANSLATE(B134;"ru";"sk"),=GOOGLETRANSLATE(B134;"ru";"fi"),=GOOGLETRANSLATE(B134;"ru";"it"),=GOOGLETRANSLATE(B134;"ru";"de"),=GOOGLETRANSLATE(B134;"ru";"fr")
exercises.items.39.instructions.0,"Встаньте лицом к стене на расстоянии 2-3 метра",=GOOGLETRANSLATE(B135;"ru";"pl"),=GOOGLETRANSLATE(B135;"ru";"sv"),=GOOGLETRANSLATE(B135;"ru";"cs"),=GOOGLETRANSLATE(B135;"ru";"sk"),=GOOGLETRANSLATE(B135;"ru";"fi"),=GOOGLETRANSLATE(B135;"ru";"it"),=GOOGLETRANSLATE(B135;"ru";"de"),=GOOGLETRANSLATE(B135;"ru";"fr")
exercises.items.39.instructions.1,"Быстро передавайте мяч в стену",=GOOGLETRANSLATE(B136;"ru";"pl"),=GOOGLETRANSLATE(B136;"ru";"sv"),=GOOGLETRANSLATE(B136;"ru";"cs"),=GOOGLETRANSLATE(B136;"ru";"sk"),=GOOGLETRANSLATE(B136;"ru";"fi"),=GOOGLETRANSLATE(B136;"ru";"it"),=GOOGLETRANSLATE(B136;"ru";"de"),=GOOGLETRANSLATE(B136;"ru";"fr")
exercises.items.39.instructions.2,"Ловите отскок и сразу передавайте обратно",=GOOGLETRANSLATE(B137;"ru";"pl"),=GOOGLETRANSLATE(B137;"ru";"sv"),=GOOGLETRANSLATE(B137;"ru";"cs"),=GOOGLETRANSLATE(B137;"ru";"sk"),=GOOGLETRANSLATE(B137;"ru";"fi"),=GOOGLETRANSLATE(B137;"ru";"it"),=GOOGLETRANSLATE(B137;"ru";"de"),=GOOGLETRANSLATE(B137;"ru";"fr")
exercises.items.39.instructions.3,"Работайте обеими руками",=GOOGLETRANSLATE(B138;"ru";"pl"),=GOOGLETRANSLATE(B138;"ru";"sv"),=GOOGLETRANSLATE(B138;"ru";"cs"),=GOOGLETRANSLATE(B138;"ru";"sk"),=GOOGLETRANSLATE(B138;"ru";"fi"),=GOOGLETRANSLATE(B138;"ru";"it"),=GOOGLETRANSLATE(B138;"ru";"de"),=GOOGLETRANSLATE(B138;"ru";"fr")
exercises.items.39.instructions.4,"Выполните 30-45 секунд",=GOOGLETRANSLATE(B139;"ru";"pl"),=GOOGLETRANSLATE(B139;"ru";"sv"),=GOOGLETRANSLATE(B139;"ru";"cs"),=GOOGLETRANSLATE(B139;"ru";"sk"),=GOOGLETRANSLATE(B139;"ru";"fi"),=GOOGLETRANSLATE(B139;"ru";"it"),=GOOGLETRANSLATE(B139;"ru";"de"),=GOOGLETRANSLATE(B139;"ru";"fr")
exercises.items.39.tips.0,"Используйте правильную технику передачи",=GOOGLETRANSLATE(B140;"ru";"pl"),=GOOGLETRANSLATE(B140;"ru";"sv"),=GOOGLETRANSLATE(B140;"ru";"cs"),=GOOGLETRANSLATE(B140;"ru";"sk"),=GOOGLETRANSLATE(B140;"ru";"fi"),=GOOGLETRANSLATE(B140;"ru";"it"),=GOOGLETRANSLATE(B140;"ru";"de"),=GOOGLETRANSLATE(B140;"ru";"fr")
exercises.items.39.tips.1,"Следите глазами за мячом",=GOOGLETRANSLATE(B141;"ru";"pl"),=GOOGLETRANSLATE(B141;"ru";"sv"),=GOOGLETRANSLATE(B141;"ru";"cs"),=GOOGLETRANSLATE(B141;"ru";"sk"),=GOOGLETRANSLATE(B141;"ru";"fi"),=GOOGLETRANSLATE(B141;"ru";"it"),=GOOGLETRANSLATE(B141;"ru";"de"),=GOOGLETRANSLATE(B141;"ru";"fr")
exercises.items.39.tips.2,"Работайте быстро, но точно",=GOOGLETRANSLATE(B142;"ru";"pl"),=GOOGLETRANSLATE(B142;"ru";"sv"),=GOOGLETRANSLATE(B142;"ru";"cs"),=GOOGLETRANSLATE(B142;"ru";"sk"),=GOOGLETRANSLATE(B142;"ru";"fi"),=GOOGLETRANSLATE(B142;"ru";"it"),=GOOGLETRANSLATE(B142;"ru";"de"),=GOOGLETRANSLATE(B142;"ru";"fr")
exercises.items.39.tips.3,"Держите руки расслабленными",=GOOGLETRANSLATE(B143;"ru";"pl"),=GOOGLETRANSLATE(B143;"ru";"sv"),=GOOGLETRANSLATE(B143;"ru";"cs"),=GOOGLETRANSLATE(B143;"ru";"sk"),=GOOGLETRANSLATE(B143;"ru";"fi"),=GOOGLETRANSLATE(B143;"ru";"it"),=GOOGLETRANSLATE(B143;"ru";"de"),=GOOGLETRANSLATE(B143;"ru";"fr")

exercises.items.40.title,"Бег спиной вперед",=GOOGLETRANSLATE(B145;"ru";"pl"),=GOOGLETRANSLATE(B145;"ru";"sv"),=GOOGLETRANSLATE(B145;"ru";"cs"),=GOOGLETRANSLATE(B145;"ru";"sk"),=GOOGLETRANSLATE(B145;"ru";"fi"),=GOOGLETRANSLATE(B145;"ru";"it"),=GOOGLETRANSLATE(B145;"ru";"de"),=GOOGLETRANSLATE(B145;"ru";"fr")
exercises.items.40.instructions.0,"Начните с медленного бега спиной вперед",=GOOGLETRANSLATE(B146;"ru";"pl"),=GOOGLETRANSLATE(B146;"ru";"sv"),=GOOGLETRANSLATE(B146;"ru";"cs"),=GOOGLETRANSLATE(B146;"ru";"sk"),=GOOGLETRANSLATE(B146;"ru";"fi"),=GOOGLETRANSLATE(B146;"ru";"it"),=GOOGLETRANSLATE(B146;"ru";"de"),=GOOGLETRANSLATE(B146;"ru";"fr")
exercises.items.40.instructions.1,"Часто оглядывайтесь через плечо",=GOOGLETRANSLATE(B147;"ru";"pl"),=GOOGLETRANSLATE(B147;"ru";"sv"),=GOOGLETRANSLATE(B147;"ru";"cs"),=GOOGLETRANSLATE(B147;"ru";"sk"),=GOOGLETRANSLATE(B147;"ru";"fi"),=GOOGLETRANSLATE(B147;"ru";"it"),=GOOGLETRANSLATE(B147;"ru";"de"),=GOOGLETRANSLATE(B147;"ru";"fr")
exercises.items.40.instructions.2,"Держите центр тяжести низко",=GOOGLETRANSLATE(B148;"ru";"pl"),=GOOGLETRANSLATE(B148;"ru";"sv"),=GOOGLETRANSLATE(B148;"ru";"cs"),=GOOGLETRANSLATE(B148;"ru";"sk"),=GOOGLETRANSLATE(B148;"ru";"fi"),=GOOGLETRANSLATE(B148;"ru";"it"),=GOOGLETRANSLATE(B148;"ru";"de"),=GOOGLETRANSLATE(B148;"ru";"fr")
exercises.items.40.instructions.3,"Работайте руками для баланса",=GOOGLETRANSLATE(B149;"ru";"pl"),=GOOGLETRANSLATE(B149;"ru";"sv"),=GOOGLETRANSLATE(B149;"ru";"cs"),=GOOGLETRANSLATE(B149;"ru";"sk"),=GOOGLETRANSLATE(B149;"ru";"fi"),=GOOGLETRANSLATE(B149;"ru";"it"),=GOOGLETRANSLATE(B149;"ru";"de"),=GOOGLETRANSLATE(B149;"ru";"fr")
exercises.items.40.instructions.4,"Выполните 20-30 метров",=GOOGLETRANSLATE(B150;"ru";"pl"),=GOOGLETRANSLATE(B150;"ru";"sv"),=GOOGLETRANSLATE(B150;"ru";"cs"),=GOOGLETRANSLATE(B150;"ru";"sk"),=GOOGLETRANSLATE(B150;"ru";"fi"),=GOOGLETRANSLATE(B150;"ru";"it"),=GOOGLETRANSLATE(B150;"ru";"de"),=GOOGLETRANSLATE(B150;"ru";"fr")
exercises.items.40.tips.0,"Начинайте очень медленно",=GOOGLETRANSLATE(B151;"ru";"pl"),=GOOGLETRANSLATE(B151;"ru";"sv"),=GOOGLETRANSLATE(B151;"ru";"cs"),=GOOGLETRANSLATE(B151;"ru";"sk"),=GOOGLETRANSLATE(B151;"ru";"fi"),=GOOGLETRANSLATE(B151;"ru";"it"),=GOOGLETRANSLATE(B151;"ru";"de"),=GOOGLETRANSLATE(B151;"ru";"fr")
exercises.items.40.tips.1,"Всегда проверяйте пространство за собой",=GOOGLETRANSLATE(B152;"ru";"pl"),=GOOGLETRANSLATE(B152;"ru";"sv"),=GOOGLETRANSLATE(B152;"ru";"cs"),=GOOGLETRANSLATE(B152;"ru";"sk"),=GOOGLETRANSLATE(B152;"ru";"fi"),=GOOGLETRANSLATE(B152;"ru";"it"),=GOOGLETRANSLATE(B152;"ru";"de"),=GOOGLETRANSLATE(B152;"ru";"fr")
exercises.items.40.tips.2,"Держите колени слегка согнутыми",=GOOGLETRANSLATE(B153;"ru";"pl"),=GOOGLETRANSLATE(B153;"ru";"sv"),=GOOGLETRANSLATE(B153;"ru";"cs"),=GOOGLETRANSLATE(B153;"ru";"sk"),=GOOGLETRANSLATE(B153;"ru";"fi"),=GOOGLETRANSLATE(B153;"ru";"it"),=GOOGLETRANSLATE(B153;"ru";"de"),=GOOGLETRANSLATE(B153;"ru";"fr")
exercises.items.40.tips.3,"Не торопитесь с увеличением скорости",=GOOGLETRANSLATE(B154;"ru";"pl"),=GOOGLETRANSLATE(B154;"ru";"sv"),=GOOGLETRANSLATE(B154;"ru";"cs"),=GOOGLETRANSLATE(B154;"ru";"sk"),=GOOGLETRANSLATE(B154;"ru";"fi"),=GOOGLETRANSLATE(B154;"ru";"it"),=GOOGLETRANSLATE(B154;"ru";"de"),=GOOGLETRANSLATE(B154;"ru";"fr")

exercises.items.41.title,"Приседания с весом",=GOOGLETRANSLATE(B156;"ru";"pl"),=GOOGLETRANSLATE(B156;"ru";"sv"),=GOOGLETRANSLATE(B156;"ru";"cs"),=GOOGLETRANSLATE(B156;"ru";"sk"),=GOOGLETRANSLATE(B156;"ru";"fi"),=GOOGLETRANSLATE(B156;"ru";"it"),=GOOGLETRANSLATE(B156;"ru";"de"),=GOOGLETRANSLATE(B156;"ru";"fr")
exercises.items.41.instructions.0,"Встаньте прямо, ноги на ширине плеч",=GOOGLETRANSLATE(B157;"ru";"pl"),=GOOGLETRANSLATE(B157;"ru";"sv"),=GOOGLETRANSLATE(B157;"ru";"cs"),=GOOGLETRANSLATE(B157;"ru";"sk"),=GOOGLETRANSLATE(B157;"ru";"fi"),=GOOGLETRANSLATE(B157;"ru";"it"),=GOOGLETRANSLATE(B157;"ru";"de"),=GOOGLETRANSLATE(B157;"ru";"fr")
exercises.items.41.instructions.1,"Возьмите гантели или штангу",=GOOGLETRANSLATE(B158;"ru";"pl"),=GOOGLETRANSLATE(B158;"ru";"sv"),=GOOGLETRANSLATE(B158;"ru";"cs"),=GOOGLETRANSLATE(B158;"ru";"sk"),=GOOGLETRANSLATE(B158;"ru";"fi"),=GOOGLETRANSLATE(B158;"ru";"it"),=GOOGLETRANSLATE(B158;"ru";"de"),=GOOGLETRANSLATE(B158;"ru";"fr")
exercises.items.41.instructions.2,"Приседайте до параллели с полом",=GOOGLETRANSLATE(B159;"ru";"pl"),=GOOGLETRANSLATE(B159;"ru";"sv"),=GOOGLETRANSLATE(B159;"ru";"cs"),=GOOGLETRANSLATE(B159;"ru";"sk"),=GOOGLETRANSLATE(B159;"ru";"fi"),=GOOGLETRANSLATE(B159;"ru";"it"),=GOOGLETRANSLATE(B159;"ru";"de"),=GOOGLETRANSLATE(B159;"ru";"fr")
exercises.items.41.instructions.3,"Вставайте, используя силу ног",=GOOGLETRANSLATE(B160;"ru";"pl"),=GOOGLETRANSLATE(B160;"ru";"sv"),=GOOGLETRANSLATE(B160;"ru";"cs"),=GOOGLETRANSLATE(B160;"ru";"sk"),=GOOGLETRANSLATE(B160;"ru";"fi"),=GOOGLETRANSLATE(B160;"ru";"it"),=GOOGLETRANSLATE(B160;"ru";"de"),=GOOGLETRANSLATE(B160;"ru";"fr")
exercises.items.41.instructions.4,"Выполните 3-4 подхода по 8-12 повторений",=GOOGLETRANSLATE(B161;"ru";"pl"),=GOOGLETRANSLATE(B161;"ru";"sv"),=GOOGLETRANSLATE(B161;"ru";"cs"),=GOOGLETRANSLATE(B161;"ru";"sk"),=GOOGLETRANSLATE(B161;"ru";"fi"),=GOOGLETRANSLATE(B161;"ru";"it"),=GOOGLETRANSLATE(B161;"ru";"de"),=GOOGLETRANSLATE(B161;"ru";"fr")
exercises.items.41.tips.0,"Держите спину прямой",=GOOGLETRANSLATE(B162;"ru";"pl"),=GOOGLETRANSLATE(B162;"ru";"sv"),=GOOGLETRANSLATE(B162;"ru";"cs"),=GOOGLETRANSLATE(B162;"ru";"sk"),=GOOGLETRANSLATE(B162;"ru";"fi"),=GOOGLETRANSLATE(B162;"ru";"it"),=GOOGLETRANSLATE(B162;"ru";"de"),=GOOGLETRANSLATE(B162;"ru";"fr")
exercises.items.41.tips.1,"Не округляйте поясницу",=GOOGLETRANSLATE(B163;"ru";"pl"),=GOOGLETRANSLATE(B163;"ru";"sv"),=GOOGLETRANSLATE(B163;"ru";"cs"),=GOOGLETRANSLATE(B163;"ru";"sk"),=GOOGLETRANSLATE(B163;"ru";"fi"),=GOOGLETRANSLATE(B163;"ru";"it"),=GOOGLETRANSLATE(B163;"ru";"de"),=GOOGLETRANSLATE(B163;"ru";"fr")
exercises.items.41.tips.2,"Колени не должны выходить за носки",=GOOGLETRANSLATE(B164;"ru";"pl"),=GOOGLETRANSLATE(B164;"ru";"sv"),=GOOGLETRANSLATE(B164;"ru";"cs"),=GOOGLETRANSLATE(B164;"ru";"sk"),=GOOGLETRANSLATE(B164;"ru";"fi"),=GOOGLETRANSLATE(B164;"ru";"it"),=GOOGLETRANSLATE(B164;"ru";"de"),=GOOGLETRANSLATE(B164;"ru";"fr")
exercises.items.41.tips.3,"Начинайте с легкого веса",=GOOGLETRANSLATE(B165;"ru";"pl"),=GOOGLETRANSLATE(B165;"ru";"sv"),=GOOGLETRANSLATE(B165;"ru";"cs"),=GOOGLETRANSLATE(B165;"ru";"sk"),=GOOGLETRANSLATE(B165;"ru";"fi"),=GOOGLETRANSLATE(B165;"ru";"it"),=GOOGLETRANSLATE(B165;"ru";"de"),=GOOGLETRANSLATE(B165;"ru";"fr")

exercises.items.42.title,"Становая тяга",=GOOGLETRANSLATE(B167;"ru";"pl"),=GOOGLETRANSLATE(B167;"ru";"sv"),=GOOGLETRANSLATE(B167;"ru";"cs"),=GOOGLETRANSLATE(B167;"ru";"sk"),=GOOGLETRANSLATE(B167;"ru";"fi"),=GOOGLETRANSLATE(B167;"ru";"it"),=GOOGLETRANSLATE(B167;"ru";"de"),=GOOGLETRANSLATE(B167;"ru";"fr")
exercises.items.42.instructions.0,"Встаньте прямо, ноги на ширине плеч",=GOOGLETRANSLATE(B168;"ru";"pl"),=GOOGLETRANSLATE(B168;"ru";"sv"),=GOOGLETRANSLATE(B168;"ru";"cs"),=GOOGLETRANSLATE(B168;"ru";"sk"),=GOOGLETRANSLATE(B168;"ru";"fi"),=GOOGLETRANSLATE(B168;"ru";"it"),=GOOGLETRANSLATE(B168;"ru";"de"),=GOOGLETRANSLATE(B168;"ru";"fr")
exercises.items.42.instructions.1,"Возьмите штангу с пола прямым хватом",=GOOGLETRANSLATE(B169;"ru";"pl"),=GOOGLETRANSLATE(B169;"ru";"sv"),=GOOGLETRANSLATE(B169;"ru";"cs"),=GOOGLETRANSLATE(B169;"ru";"sk"),=GOOGLETRANSLATE(B169;"ru";"fi"),=GOOGLETRANSLATE(B169;"ru";"it"),=GOOGLETRANSLATE(B169;"ru";"de"),=GOOGLETRANSLATE(B169;"ru";"fr")
exercises.items.42.instructions.2,"Согните ноги в коленях и отведите таз назад",=GOOGLETRANSLATE(B170;"ru";"pl"),=GOOGLETRANSLATE(B170;"ru";"sv"),=GOOGLETRANSLATE(B170;"ru";"cs"),=GOOGLETRANSLATE(B170;"ru";"sk"),=GOOGLETRANSLATE(B170;"ru";"fi"),=GOOGLETRANSLATE(B170;"ru";"it"),=GOOGLETRANSLATE(B170;"ru";"de"),=GOOGLETRANSLATE(B170;"ru";"fr")
exercises.items.42.instructions.3,"Поднимите штангу, разгибая ноги и спину",=GOOGLETRANSLATE(B171;"ru";"pl"),=GOOGLETRANSLATE(B171;"ru";"sv"),=GOOGLETRANSLATE(B171;"ru";"cs"),=GOOGLETRANSLATE(B171;"ru";"sk"),=GOOGLETRANSLATE(B171;"ru";"fi"),=GOOGLETRANSLATE(B171;"ru";"it"),=GOOGLETRANSLATE(B171;"ru";"de"),=GOOGLETRANSLATE(B171;"ru";"fr")
exercises.items.42.instructions.4,"Верните штангу на пол контролируемо",=GOOGLETRANSLATE(B172;"ru";"pl"),=GOOGLETRANSLATE(B172;"ru";"sv"),=GOOGLETRANSLATE(B172;"ru";"cs"),=GOOGLETRANSLATE(B172;"ru";"sk"),=GOOGLETRANSLATE(B172;"ru";"fi"),=GOOGLETRANSLATE(B172;"ru";"it"),=GOOGLETRANSLATE(B172;"ru";"de"),=GOOGLETRANSLATE(B172;"ru";"fr")
exercises.items.42.tips.0,"Держите спину прямой на протяжении всего движения",=GOOGLETRANSLATE(B173;"ru";"pl"),=GOOGLETRANSLATE(B173;"ru";"sv"),=GOOGLETRANSLATE(B173;"ru";"cs"),=GOOGLETRANSLATE(B173;"ru";"sk"),=GOOGLETRANSLATE(B173;"ru";"fi"),=GOOGLETRANSLATE(B173;"ru";"it"),=GOOGLETRANSLATE(B173;"ru";"de"),=GOOGLETRANSLATE(B173;"ru";"fr")
exercises.items.42.tips.1,"Не округляйте поясницу",=GOOGLETRANSLATE(B174;"ru";"pl"),=GOOGLETRANSLATE(B174;"ru";"sv"),=GOOGLETRANSLATE(B174;"ru";"cs"),=GOOGLETRANSLATE(B174;"ru";"sk"),=GOOGLETRANSLATE(B174;"ru";"fi"),=GOOGLETRANSLATE(B174;"ru";"it"),=GOOGLETRANSLATE(B174;"ru";"de"),=GOOGLETRANSLATE(B174;"ru";"fr")
exercises.items.42.tips.2,"Двигайте штангу близко к телу",=GOOGLETRANSLATE(B175;"ru";"pl"),=GOOGLETRANSLATE(B175;"ru";"sv"),=GOOGLETRANSLATE(B175;"ru";"cs"),=GOOGLETRANSLATE(B175;"ru";"sk"),=GOOGLETRANSLATE(B175;"ru";"fi"),=GOOGLETRANSLATE(B175;"ru";"it"),=GOOGLETRANSLATE(B175;"ru";"de"),=GOOGLETRANSLATE(B175;"ru";"fr")
exercises.items.42.tips.3,"Начинайте с легкого веса",=GOOGLETRANSLATE(B176;"ru";"pl"),=GOOGLETRANSLATE(B176;"ru";"sv"),=GOOGLETRANSLATE(B176;"ru";"cs"),=GOOGLETRANSLATE(B176;"ru";"sk"),=GOOGLETRANSLATE(B176;"ru";"fi"),=GOOGLETRANSLATE(B176;"ru";"it"),=GOOGLETRANSLATE(B176;"ru";"de"),=GOOGLETRANSLATE(B176;"ru";"fr")

exercises.items.43.title,"Жим лежа",=GOOGLETRANSLATE(B178;"ru";"pl"),=GOOGLETRANSLATE(B178;"ru";"sv"),=GOOGLETRANSLATE(B178;"ru";"cs"),=GOOGLETRANSLATE(B178;"ru";"sk"),=GOOGLETRANSLATE(B178;"ru";"fi"),=GOOGLETRANSLATE(B178;"ru";"it"),=GOOGLETRANSLATE(B178;"ru";"de"),=GOOGLETRANSLATE(B178;"ru";"fr")
exercises.items.43.instructions.0,"Лягте на скамью, ноги на полу",=GOOGLETRANSLATE(B179;"ru";"pl"),=GOOGLETRANSLATE(B179;"ru";"sv"),=GOOGLETRANSLATE(B179;"ru";"cs"),=GOOGLETRANSLATE(B179;"ru";"sk"),=GOOGLETRANSLATE(B179;"ru";"fi"),=GOOGLETRANSLATE(B179;"ru";"it"),=GOOGLETRANSLATE(B179;"ru";"de"),=GOOGLETRANSLATE(B179;"ru";"fr")
exercises.items.43.instructions.1,"Возьмите штангу широким хватом",=GOOGLETRANSLATE(B180;"ru";"pl"),=GOOGLETRANSLATE(B180;"ru";"sv"),=GOOGLETRANSLATE(B180;"ru";"cs"),=GOOGLETRANSLATE(B180;"ru";"sk"),=GOOGLETRANSLATE(B180;"ru";"fi"),=GOOGLETRANSLATE(B180;"ru";"it"),=GOOGLETRANSLATE(B180;"ru";"de"),=GOOGLETRANSLATE(B180;"ru";"fr")
exercises.items.43.instructions.2,"Опустите штангу к груди контролируемо",=GOOGLETRANSLATE(B181;"ru";"pl"),=GOOGLETRANSLATE(B181;"ru";"sv"),=GOOGLETRANSLATE(B181;"ru";"cs"),=GOOGLETRANSLATE(B181;"ru";"sk"),=GOOGLETRANSLATE(B181;"ru";"fi"),=GOOGLETRANSLATE(B181;"ru";"it"),=GOOGLETRANSLATE(B181;"ru";"de"),=GOOGLETRANSLATE(B181;"ru";"fr")
exercises.items.43.instructions.3,"Выжмите штангу вверх",=GOOGLETRANSLATE(B182;"ru";"pl"),=GOOGLETRANSLATE(B182;"ru";"sv"),=GOOGLETRANSLATE(B182;"ru";"cs"),=GOOGLETRANSLATE(B182;"ru";"sk"),=GOOGLETRANSLATE(B182;"ru";"fi"),=GOOGLETRANSLATE(B182;"ru";"it"),=GOOGLETRANSLATE(B182;"ru";"de"),=GOOGLETRANSLATE(B182;"ru";"fr")
exercises.items.43.instructions.4,"Выполните 3-4 подхода по 6-10 повторений",=GOOGLETRANSLATE(B183;"ru";"pl"),=GOOGLETRANSLATE(B183;"ru";"sv"),=GOOGLETRANSLATE(B183;"ru";"cs"),=GOOGLETRANSLATE(B183;"ru";"sk"),=GOOGLETRANSLATE(B183;"ru";"fi"),=GOOGLETRANSLATE(B183;"ru";"it"),=GOOGLETRANSLATE(B183;"ru";"de"),=GOOGLETRANSLATE(B183;"ru";"fr")
exercises.items.43.tips.0,"Держите лопатки сведенными",=GOOGLETRANSLATE(B184;"ru";"pl"),=GOOGLETRANSLATE(B184;"ru";"sv"),=GOOGLETRANSLATE(B184;"ru";"cs"),=GOOGLETRANSLATE(B184;"ru";"sk"),=GOOGLETRANSLATE(B184;"ru";"fi"),=GOOGLETRANSLATE(B184;"ru";"it"),=GOOGLETRANSLATE(B184;"ru";"de"),=GOOGLETRANSLATE(B184;"ru";"fr")
exercises.items.43.tips.1,"Не отрывайте ноги от пола",=GOOGLETRANSLATE(B185;"ru";"pl"),=GOOGLETRANSLATE(B185;"ru";"sv"),=GOOGLETRANSLATE(B185;"ru";"cs"),=GOOGLETRANSLATE(B185;"ru";"sk"),=GOOGLETRANSLATE(B185;"ru";"fi"),=GOOGLETRANSLATE(B185;"ru";"it"),=GOOGLETRANSLATE(B185;"ru";"de"),=GOOGLETRANSLATE(B185;"ru";"fr")
exercises.items.43.tips.2,"Дышите правильно: выдох на усилии",=GOOGLETRANSLATE(B186;"ru";"pl"),=GOOGLETRANSLATE(B186;"ru";"sv"),=GOOGLETRANSLATE(B186;"ru";"cs"),=GOOGLETRANSLATE(B186;"ru";"sk"),=GOOGLETRANSLATE(B186;"ru";"fi"),=GOOGLETRANSLATE(B186;"ru";"it"),=GOOGLETRANSLATE(B186;"ru";"de"),=GOOGLETRANSLATE(B186;"ru";"fr")
exercises.items.43.tips.3,"Используйте страховку",=GOOGLETRANSLATE(B187;"ru";"pl"),=GOOGLETRANSLATE(B187;"ru";"sv"),=GOOGLETRANSLATE(B187;"ru";"cs"),=GOOGLETRANSLATE(B187;"ru";"sk"),=GOOGLETRANSLATE(B187;"ru";"fi"),=GOOGLETRANSLATE(B187;"ru";"it"),=GOOGLETRANSLATE(B187;"ru";"de"),=GOOGLETRANSLATE(B187;"ru";"fr")

exercises.items.44.title,"Подтягивания",=GOOGLETRANSLATE(B189;"ru";"pl"),=GOOGLETRANSLATE(B189;"ru";"sv"),=GOOGLETRANSLATE(B189;"ru";"cs"),=GOOGLETRANSLATE(B189;"ru";"sk"),=GOOGLETRANSLATE(B189;"ru";"fi"),=GOOGLETRANSLATE(B189;"ru";"it"),=GOOGLETRANSLATE(B189;"ru";"de"),=GOOGLETRANSLATE(B189;"ru";"fr")
exercises.items.44.instructions.0,"Повисните на перекладине прямым хватом",=GOOGLETRANSLATE(B190;"ru";"pl"),=GOOGLETRANSLATE(B190;"ru";"sv"),=GOOGLETRANSLATE(B190;"ru";"cs"),=GOOGLETRANSLATE(B190;"ru";"sk"),=GOOGLETRANSLATE(B190;"ru";"fi"),=GOOGLETRANSLATE(B190;"ru";"it"),=GOOGLETRANSLATE(B190;"ru";"de"),=GOOGLETRANSLATE(B190;"ru";"fr")
exercises.items.44.instructions.1,"Подтянитесь, пока подбородок не окажется над перекладиной",=GOOGLETRANSLATE(B191;"ru";"pl"),=GOOGLETRANSLATE(B191;"ru";"sv"),=GOOGLETRANSLATE(B191;"ru";"cs"),=GOOGLETRANSLATE(B191;"ru";"sk"),=GOOGLETRANSLATE(B191;"ru";"fi"),=GOOGLETRANSLATE(B191;"ru";"it"),=GOOGLETRANSLATE(B191;"ru";"de"),=GOOGLETRANSLATE(B191;"ru";"fr")
exercises.items.44.instructions.2,"Опуститесь в исходное положение",=GOOGLETRANSLATE(B192;"ru";"pl"),=GOOGLETRANSLATE(B192;"ru";"sv"),=GOOGLETRANSLATE(B192;"ru";"cs"),=GOOGLETRANSLATE(B192;"ru";"sk"),=GOOGLETRANSLATE(B192;"ru";"fi"),=GOOGLETRANSLATE(B192;"ru";"it"),=GOOGLETRANSLATE(B192;"ru";"de"),=GOOGLETRANSLATE(B192;"ru";"fr")
exercises.items.44.instructions.3,"Держите корпус напряженным",=GOOGLETRANSLATE(B193;"ru";"pl"),=GOOGLETRANSLATE(B193;"ru";"sv"),=GOOGLETRANSLATE(B193;"ru";"cs"),=GOOGLETRANSLATE(B193;"ru";"sk"),=GOOGLETRANSLATE(B193;"ru";"fi"),=GOOGLETRANSLATE(B193;"ru";"it"),=GOOGLETRANSLATE(B193;"ru";"de"),=GOOGLETRANSLATE(B193;"ru";"fr")
exercises.items.44.instructions.4,"Выполните 3-4 подхода по максимальному количеству",=GOOGLETRANSLATE(B194;"ru";"pl"),=GOOGLETRANSLATE(B194;"ru";"sv"),=GOOGLETRANSLATE(B194;"ru";"cs"),=GOOGLETRANSLATE(B194;"ru";"sk"),=GOOGLETRANSLATE(B194;"ru";"fi"),=GOOGLETRANSLATE(B194;"ru";"it"),=GOOGLETRANSLATE(B194;"ru";"de"),=GOOGLETRANSLATE(B194;"ru";"fr")
exercises.items.44.tips.0,"Не раскачивайтесь",=GOOGLETRANSLATE(B195;"ru";"pl"),=GOOGLETRANSLATE(B195;"ru";"sv"),=GOOGLETRANSLATE(B195;"ru";"cs"),=GOOGLETRANSLATE(B195;"ru";"sk"),=GOOGLETRANSLATE(B195;"ru";"fi"),=GOOGLETRANSLATE(B195;"ru";"it"),=GOOGLETRANSLATE(B195;"ru";"de"),=GOOGLETRANSLATE(B195;"ru";"fr")
exercises.items.44.tips.1,"Подтягивайтесь плавно и контролируемо",=GOOGLETRANSLATE(B196;"ru";"pl"),=GOOGLETRANSLATE(B196;"ru";"sv"),=GOOGLETRANSLATE(B196;"ru";"cs"),=GOOGLETRANSLATE(B196;"ru";"sk"),=GOOGLETRANSLATE(B196;"ru";"fi"),=GOOGLETRANSLATE(B196;"ru";"it"),=GOOGLETRANSLATE(B196;"ru";"de"),=GOOGLETRANSLATE(B196;"ru";"fr")
exercises.items.44.tips.2,"Полностью выпрямляйте руки внизу",=GOOGLETRANSLATE(B197;"ru";"pl"),=GOOGLETRANSLATE(B197;"ru";"sv"),=GOOGLETRANSLATE(B197;"ru";"cs"),=GOOGLETRANSLATE(B197;"ru";"sk"),=GOOGLETRANSLATE(B197;"ru";"fi"),=GOOGLETRANSLATE(B197;"ru";"it"),=GOOGLETRANSLATE(B197;"ru";"de"),=GOOGLETRANSLATE(B197;"ru";"fr")
exercises.items.44.tips.3,"При необходимости используйте помощь",=GOOGLETRANSLATE(B198;"ru";"pl"),=GOOGLETRANSLATE(B198;"ru";"sv"),=GOOGLETRANSLATE(B198;"ru";"cs"),=GOOGLETRANSLATE(B198;"ru";"sk"),=GOOGLETRANSLATE(B198;"ru";"fi"),=GOOGLETRANSLATE(B198;"ru";"it"),=GOOGLETRANSLATE(B198;"ru";"de"),=GOOGLETRANSLATE(B198;"ru";"fr")

exercises.items.45.title,"Отжимания на брусьях",=GOOGLETRANSLATE(B200;"ru";"pl"),=GOOGLETRANSLATE(B200;"ru";"sv"),=GOOGLETRANSLATE(B200;"ru";"cs"),=GOOGLETRANSLATE(B200;"ru";"sk"),=GOOGLETRANSLATE(B200;"ru";"fi"),=GOOGLETRANSLATE(B200;"ru";"it"),=GOOGLETRANSLATE(B200;"ru";"de"),=GOOGLETRANSLATE(B200;"ru";"fr")
exercises.items.45.instructions.0,"Встаньте между брусьями",=GOOGLETRANSLATE(B201;"ru";"pl"),=GOOGLETRANSLATE(B201;"ru";"sv"),=GOOGLETRANSLATE(B201;"ru";"cs"),=GOOGLETRANSLATE(B201;"ru";"sk"),=GOOGLETRANSLATE(B201;"ru";"fi"),=GOOGLETRANSLATE(B201;"ru";"it"),=GOOGLETRANSLATE(B201;"ru";"de"),=GOOGLETRANSLATE(B201;"ru";"fr")
exercises.items.45.instructions.1,"Подпрыгните и зафиксируйтесь на брусьях",=GOOGLETRANSLATE(B202;"ru";"pl"),=GOOGLETRANSLATE(B202;"ru";"sv"),=GOOGLETRANSLATE(B202;"ru";"cs"),=GOOGLETRANSLATE(B202;"ru";"sk"),=GOOGLETRANSLATE(B202;"ru";"fi"),=GOOGLETRANSLATE(B202;"ru";"it"),=GOOGLETRANSLATE(B202;"ru";"de"),=GOOGLETRANSLATE(B202;"ru";"fr")
exercises.items.45.instructions.2,"Опуститесь, сгибая руки в локтях",=GOOGLETRANSLATE(B203;"ru";"pl"),=GOOGLETRANSLATE(B203;"ru";"sv"),=GOOGLETRANSLATE(B203;"ru";"cs"),=GOOGLETRANSLATE(B203;"ru";"sk"),=GOOGLETRANSLATE(B203;"ru";"fi"),=GOOGLETRANSLATE(B203;"ru";"it"),=GOOGLETRANSLATE(B203;"ru";"de"),=GOOGLETRANSLATE(B203;"ru";"fr")
exercises.items.45.instructions.3,"Отожмитесь вверх, разгибая руки",=GOOGLETRANSLATE(B204;"ru";"pl"),=GOOGLETRANSLATE(B204;"ru";"sv"),=GOOGLETRANSLATE(B204;"ru";"cs"),=GOOGLETRANSLATE(B204;"ru";"sk"),=GOOGLETRANSLATE(B204;"ru";"fi"),=GOOGLETRANSLATE(B204;"ru";"it"),=GOOGLETRANSLATE(B204;"ru";"de"),=GOOGLETRANSLATE(B204;"ru";"fr")
exercises.items.45.instructions.4,"Выполните 3-4 подхода по 5-15 повторений",=GOOGLETRANSLATE(B205;"ru";"pl"),=GOOGLETRANSLATE(B205;"ru";"sv"),=GOOGLETRANSLATE(B205;"ru";"cs"),=GOOGLETRANSLATE(B205;"ru";"sk"),=GOOGLETRANSLATE(B205;"ru";"fi"),=GOOGLETRANSLATE(B205;"ru";"it"),=GOOGLETRANSLATE(B205;"ru";"de"),=GOOGLETRANSLATE(B205;"ru";"fr")
exercises.items.45.tips.0,"Держите корпус прямым",=GOOGLETRANSLATE(B206;"ru";"pl"),=GOOGLETRANSLATE(B206;"ru";"sv"),=GOOGLETRANSLATE(B206;"ru";"cs"),=GOOGLETRANSLATE(B206;"ru";"sk"),=GOOGLETRANSLATE(B206;"ru";"fi"),=GOOGLETRANSLATE(B206;"ru";"it"),=GOOGLETRANSLATE(B206;"ru";"de"),=GOOGLETRANSLATE(B206;"ru";"fr")
exercises.items.45.tips.1,"Не раскачивайтесь",=GOOGLETRANSLATE(B207;"ru";"pl"),=GOOGLETRANSLATE(B207;"ru";"sv"),=GOOGLETRANSLATE(B207;"ru";"cs"),=GOOGLETRANSLATE(B207;"ru";"sk"),=GOOGLETRANSLATE(B207;"ru";"fi"),=GOOGLETRANSLATE(B207;"ru";"it"),=GOOGLETRANSLATE(B207;"ru";"de"),=GOOGLETRANSLATE(B207;"ru";"fr")
exercises.items.45.tips.2,"Опускайтесь до комфортной глубины",=GOOGLETRANSLATE(B208;"ru";"pl"),=GOOGLETRANSLATE(B208;"ru";"sv"),=GOOGLETRANSLATE(B208;"ru";"cs"),=GOOGLETRANSLATE(B208;"ru";"sk"),=GOOGLETRANSLATE(B208;"ru";"fi"),=GOOGLETRANSLATE(B208;"ru";"it"),=GOOGLETRANSLATE(B208;"ru";"de"),=GOOGLETRANSLATE(B208;"ru";"fr")
exercises.items.45.tips.3,"При необходимости используйте помощь ног",=GOOGLETRANSLATE(B209;"ru";"pl"),=GOOGLETRANSLATE(B209;"ru";"sv"),=GOOGLETRANSLATE(B209;"ru";"cs"),=GOOGLETRANSLATE(B209;"ru";"sk"),=GOOGLETRANSLATE(B209;"ru";"fi"),=GOOGLETRANSLATE(B209;"ru";"it"),=GOOGLETRANSLATE(B209;"ru";"de"),=GOOGLETRANSLATE(B209;"ru";"fr")

exercises.items.46.title,"Стойка на одной ноге",=GOOGLETRANSLATE(B211;"ru";"pl"),=GOOGLETRANSLATE(B211;"ru";"sv"),=GOOGLETRANSLATE(B211;"ru";"cs"),=GOOGLETRANSLATE(B211;"ru";"sk"),=GOOGLETRANSLATE(B211;"ru";"fi"),=GOOGLETRANSLATE(B211;"ru";"it"),=GOOGLETRANSLATE(B211;"ru";"de"),=GOOGLETRANSLATE(B211;"ru";"fr")
exercises.items.46.instructions.0,"Встаньте на одну ногу",=GOOGLETRANSLATE(B212;"ru";"pl"),=GOOGLETRANSLATE(B212;"ru";"sv"),=GOOGLETRANSLATE(B212;"ru";"cs"),=GOOGLETRANSLATE(B212;"ru";"sk"),=GOOGLETRANSLATE(B212;"ru";"fi"),=GOOGLETRANSLATE(B212;"ru";"it"),=GOOGLETRANSLATE(B212;"ru";"de"),=GOOGLETRANSLATE(B212;"ru";"fr")
exercises.items.46.instructions.1,"Поднимите другую ногу перед собой",=GOOGLETRANSLATE(B213;"ru";"pl"),=GOOGLETRANSLATE(B213;"ru";"sv"),=GOOGLETRANSLATE(B213;"ru";"cs"),=GOOGLETRANSLATE(B213;"ru";"sk"),=GOOGLETRANSLATE(B213;"ru";"fi"),=GOOGLETRANSLATE(B213;"ru";"it"),=GOOGLETRANSLATE(B213;"ru";"de"),=GOOGLETRANSLATE(B213;"ru";"fr")
exercises.items.46.instructions.2,"Держите равновесие как можно дольше",=GOOGLETRANSLATE(B214;"ru";"pl"),=GOOGLETRANSLATE(B214;"ru";"sv"),=GOOGLETRANSLATE(B214;"ru";"cs"),=GOOGLETRANSLATE(B214;"ru";"sk"),=GOOGLETRANSLATE(B214;"ru";"fi"),=GOOGLETRANSLATE(B214;"ru";"it"),=GOOGLETRANSLATE(B214;"ru";"de"),=GOOGLETRANSLATE(B214;"ru";"fr")
exercises.items.46.instructions.3,"Работайте руками для баланса",=GOOGLETRANSLATE(B215;"ru";"pl"),=GOOGLETRANSLATE(B215;"ru";"sv"),=GOOGLETRANSLATE(B215;"ru";"cs"),=GOOGLETRANSLATE(B215;"ru";"sk"),=GOOGLETRANSLATE(B215;"ru";"fi"),=GOOGLETRANSLATE(B215;"ru";"it"),=GOOGLETRANSLATE(B215;"ru";"de"),=GOOGLETRANSLATE(B215;"ru";"fr")
exercises.items.46.instructions.4,"Поменяйте ноги и повторите",=GOOGLETRANSLATE(B216;"ru";"pl"),=GOOGLETRANSLATE(B216;"ru";"sv"),=GOOGLETRANSLATE(B216;"ru";"cs"),=GOOGLETRANSLATE(B216;"ru";"sk"),=GOOGLETRANSLATE(B216;"ru";"fi"),=GOOGLETRANSLATE(B216;"ru";"it"),=GOOGLETRANSLATE(B216;"ru";"de"),=GOOGLETRANSLATE(B216;"ru";"fr")
exercises.items.46.tips.0,"Смотрите вперед, не вниз",=GOOGLETRANSLATE(B217;"ru";"pl"),=GOOGLETRANSLATE(B217;"ru";"sv"),=GOOGLETRANSLATE(B217;"ru";"cs"),=GOOGLETRANSLATE(B217;"ru";"sk"),=GOOGLETRANSLATE(B217;"ru";"fi"),=GOOGLETRANSLATE(B217;"ru";"it"),=GOOGLETRANSLATE(B217;"ru";"de"),=GOOGLETRANSLATE(B217;"ru";"fr")
exercises.items.46.tips.1,"Держите корпус напряженным",=GOOGLETRANSLATE(B218;"ru";"pl"),=GOOGLETRANSLATE(B218;"ru";"sv"),=GOOGLETRANSLATE(B218;"ru";"cs"),=GOOGLETRANSLATE(B218;"ru";"sk"),=GOOGLETRANSLATE(B218;"ru";"fi"),=GOOGLETRANSLATE(B218;"ru";"it"),=GOOGLETRANSLATE(B218;"ru";"de"),=GOOGLETRANSLATE(B218;"ru";"fr")
exercises.items.46.tips.2,"Начинайте с коротких подходов",=GOOGLETRANSLATE(B219;"ru";"pl"),=GOOGLETRANSLATE(B219;"ru";"sv"),=GOOGLETRANSLATE(B219;"ru";"cs"),=GOOGLETRANSLATE(B219;"ru";"sk"),=GOOGLETRANSLATE(B219;"ru";"fi"),=GOOGLETRANSLATE(B219;"ru";"it"),=GOOGLETRANSLATE(B219;"ru";"de"),=GOOGLETRANSLATE(B219;"ru";"fr")
exercises.items.46.tips.3,"Постепенно увеличивайте время",=GOOGLETRANSLATE(B220;"ru";"pl"),=GOOGLETRANSLATE(B220;"ru";"sv"),=GOOGLETRANSLATE(B220;"ru";"cs"),=GOOGLETRANSLATE(B220;"ru";"sk"),=GOOGLETRANSLATE(B220;"ru";"fi"),=GOOGLETRANSLATE(B220;"ru";"it"),=GOOGLETRANSLATE(B220;"ru";"de"),=GOOGLETRANSLATE(B220;"ru";"fr")

exercises.items.47.title,"Планка на одной ноге",=GOOGLETRANSLATE(B222;"ru";"pl"),=GOOGLETRANSLATE(B222;"ru";"sv"),=GOOGLETRANSLATE(B222;"ru";"cs"),=GOOGLETRANSLATE(B222;"ru";"sk"),=GOOGLETRANSLATE(B222;"ru";"fi"),=GOOGLETRANSLATE(B222;"ru";"it"),=GOOGLETRANSLATE(B222;"ru";"de"),=GOOGLETRANSLATE(B222;"ru";"fr")
exercises.items.47.instructions.0,"Примите положение планки",=GOOGLETRANSLATE(B223;"ru";"pl"),=GOOGLETRANSLATE(B223;"ru";"sv"),=GOOGLETRANSLATE(B223;"ru";"cs"),=GOOGLETRANSLATE(B223;"ru";"sk"),=GOOGLETRANSLATE(B223;"ru";"fi"),=GOOGLETRANSLATE(B223;"ru";"it"),=GOOGLETRANSLATE(B223;"ru";"de"),=GOOGLETRANSLATE(B223;"ru";"fr")
exercises.items.47.instructions.1,"Поднимите одну ногу вверх",=GOOGLETRANSLATE(B224;"ru";"pl"),=GOOGLETRANSLATE(B224;"ru";"sv"),=GOOGLETRANSLATE(B224;"ru";"cs"),=GOOGLETRANSLATE(B224;"ru";"sk"),=GOOGLETRANSLATE(B224;"ru";"fi"),=GOOGLETRANSLATE(B224;"ru";"it"),=GOOGLETRANSLATE(B224;"ru";"de"),=GOOGLETRANSLATE(B224;"ru";"fr")
exercises.items.47.instructions.2,"Держите ногу прямой",=GOOGLETRANSLATE(B225;"ru";"pl"),=GOOGLETRANSLATE(B225;"ru";"sv"),=GOOGLETRANSLATE(B225;"ru";"cs"),=GOOGLETRANSLATE(B225;"ru";"sk"),=GOOGLETRANSLATE(B225;"ru";"fi"),=GOOGLETRANSLATE(B225;"ru";"it"),=GOOGLETRANSLATE(B225;"ru";"de"),=GOOGLETRANSLATE(B225;"ru";"fr")
exercises.items.47.instructions.3,"Удерживайте позицию 30-60 секунд",=GOOGLETRANSLATE(B226;"ru";"pl"),=GOOGLETRANSLATE(B226;"ru";"sv"),=GOOGLETRANSLATE(B226;"ru";"cs"),=GOOGLETRANSLATE(B226;"ru";"sk"),=GOOGLETRANSLATE(B226;"ru";"fi"),=GOOGLETRANSLATE(B226;"ru";"it"),=GOOGLETRANSLATE(B226;"ru";"de"),=GOOGLETRANSLATE(B226;"ru";"fr")
exercises.items.47.instructions.4,"Поменяйте ноги и повторите",=GOOGLETRANSLATE(B227;"ru";"pl"),=GOOGLETRANSLATE(B227;"ru";"sv"),=GOOGLETRANSLATE(B227;"ru";"cs"),=GOOGLETRANSLATE(B227;"ru";"sk"),=GOOGLETRANSLATE(B227;"ru";"fi"),=GOOGLETRANSLATE(B227;"ru";"it"),=GOOGLETRANSLATE(B227;"ru";"de"),=GOOGLETRANSLATE(B227;"ru";"fr")
exercises.items.47.tips.0,"Держите корпус прямым",=GOOGLETRANSLATE(B228;"ru";"pl"),=GOOGLETRANSLATE(B228;"ru";"sv"),=GOOGLETRANSLATE(B228;"ru";"cs"),=GOOGLETRANSLATE(B228;"ru";"sk"),=GOOGLETRANSLATE(B228;"ru";"fi"),=GOOGLETRANSLATE(B228;"ru";"it"),=GOOGLETRANSLATE(B228;"ru";"de"),=GOOGLETRANSLATE(B228;"ru";"fr")
exercises.items.47.tips.1,"Не раскачивайтесь из стороны в сторону",=GOOGLETRANSLATE(B229;"ru";"pl"),=GOOGLETRANSLATE(B229;"ru";"sv"),=GOOGLETRANSLATE(B229;"ru";"cs"),=GOOGLETRANSLATE(B229;"ru";"sk"),=GOOGLETRANSLATE(B229;"ru";"fi"),=GOOGLETRANSLATE(B229;"ru";"it"),=GOOGLETRANSLATE(B229;"ru";"de"),=GOOGLETRANSLATE(B229;"ru";"fr")
exercises.items.47.tips.2,"Дышите равномерно",=GOOGLETRANSLATE(B230;"ru";"pl"),=GOOGLETRANSLATE(B230;"ru";"sv"),=GOOGLETRANSLATE(B230;"ru";"cs"),=GOOGLETRANSLATE(B230;"ru";"sk"),=GOOGLETRANSLATE(B230;"ru";"fi"),=GOOGLETRANSLATE(B230;"ru";"it"),=GOOGLETRANSLATE(B230;"ru";"de"),=GOOGLETRANSLATE(B230;"ru";"fr")
exercises.items.47.tips.3,"Начинайте с коротких подходов",=GOOGLETRANSLATE(B231;"ru";"pl"),=GOOGLETRANSLATE(B231;"ru";"sv"),=GOOGLETRANSLATE(B231;"ru";"cs"),=GOOGLETRANSLATE(B231;"ru";"sk"),=GOOGLETRANSLATE(B231;"ru";"fi"),=GOOGLETRANSLATE(B231;"ru";"it"),=GOOGLETRANSLATE(B231;"ru";"de"),=GOOGLETRANSLATE(B231;"ru";"fr")

exercises.items.48.title,"Приседания на одной ноге",=GOOGLETRANSLATE(B233;"ru";"pl"),=GOOGLETRANSLATE(B233;"ru";"sv"),=GOOGLETRANSLATE(B233;"ru";"cs"),=GOOGLETRANSLATE(B233;"ru";"sk"),=GOOGLETRANSLATE(B233;"ru";"fi"),=GOOGLETRANSLATE(B233;"ru";"it"),=GOOGLETRANSLATE(B233;"ru";"de"),=GOOGLETRANSLATE(B233;"ru";"fr")
exercises.items.48.instructions.0,"Встаньте на одну ногу",=GOOGLETRANSLATE(B234;"ru";"pl"),=GOOGLETRANSLATE(B234;"ru";"sv"),=GOOGLETRANSLATE(B234;"ru";"cs"),=GOOGLETRANSLATE(B234;"ru";"sk"),=GOOGLETRANSLATE(B234;"ru";"fi"),=GOOGLETRANSLATE(B234;"ru";"it"),=GOOGLETRANSLATE(B234;"ru";"de"),=GOOGLETRANSLATE(B234;"ru";"fr")
exercises.items.48.instructions.1,"Другую ногу вытяните вперед",=GOOGLETRANSLATE(B235;"ru";"pl"),=GOOGLETRANSLATE(B235;"ru";"sv"),=GOOGLETRANSLATE(B235;"ru";"cs"),=GOOGLETRANSLATE(B235;"ru";"sk"),=GOOGLETRANSLATE(B235;"ru";"fi"),=GOOGLETRANSLATE(B235;"ru";"it"),=GOOGLETRANSLATE(B235;"ru";"de"),=GOOGLETRANSLATE(B235;"ru";"fr")
exercises.items.48.instructions.2,"Приседайте на опорной ноге",=GOOGLETRANSLATE(B236;"ru";"pl"),=GOOGLETRANSLATE(B236;"ru";"sv"),=GOOGLETRANSLATE(B236;"ru";"cs"),=GOOGLETRANSLATE(B236;"ru";"sk"),=GOOGLETRANSLATE(B236;"ru";"fi"),=GOOGLETRANSLATE(B236;"ru";"it"),=GOOGLETRANSLATE(B236;"ru";"de"),=GOOGLETRANSLATE(B236;"ru";"fr")
exercises.items.48.instructions.3,"Вернитесь в исходное положение",=GOOGLETRANSLATE(B237;"ru";"pl"),=GOOGLETRANSLATE(B237;"ru";"sv"),=GOOGLETRANSLATE(B237;"ru";"cs"),=GOOGLETRANSLATE(B237;"ru";"sk"),=GOOGLETRANSLATE(B237;"ru";"fi"),=GOOGLETRANSLATE(B237;"ru";"it"),=GOOGLETRANSLATE(B237;"ru";"de"),=GOOGLETRANSLATE(B237;"ru";"fr")
exercises.items.48.instructions.4,"Выполните 3-4 подхода по 5-10 повторений на каждую ногу",=GOOGLETRANSLATE(B238;"ru";"pl"),=GOOGLETRANSLATE(B238;"ru";"sv"),=GOOGLETRANSLATE(B238;"ru";"cs"),=GOOGLETRANSLATE(B238;"ru";"sk"),=GOOGLETRANSLATE(B238;"ru";"fi"),=GOOGLETRANSLATE(B238;"ru";"it"),=GOOGLETRANSLATE(B238;"ru";"de"),=GOOGLETRANSLATE(B238;"ru";"fr")
exercises.items.48.tips.0,"Держите спину прямой",=GOOGLETRANSLATE(B239;"ru";"pl"),=GOOGLETRANSLATE(B239;"ru";"sv"),=GOOGLETRANSLATE(B239;"ru";"cs"),=GOOGLETRANSLATE(B239;"ru";"sk"),=GOOGLETRANSLATE(B239;"ru";"fi"),=GOOGLETRANSLATE(B239;"ru";"it"),=GOOGLETRANSLATE(B239;"ru";"de"),=GOOGLETRANSLATE(B239;"ru";"fr")
exercises.items.48.tips.1,"Не касайтесь пола второй ногой",=GOOGLETRANSLATE(B240;"ru";"pl"),=GOOGLETRANSLATE(B240;"ru";"sv"),=GOOGLETRANSLATE(B240;"ru";"cs"),=GOOGLETRANSLATE(B240;"ru";"sk"),=GOOGLETRANSLATE(B240;"ru";"fi"),=GOOGLETRANSLATE(B240;"ru";"it"),=GOOGLETRANSLATE(B240;"ru";"de"),=GOOGLETRANSLATE(B240;"ru";"fr")
exercises.items.48.tips.2,"Работайте руками для баланса",=GOOGLETRANSLATE(B241;"ru";"pl"),=GOOGLETRANSLATE(B241;"ru";"sv"),=GOOGLETRANSLATE(B241;"ru";"cs"),=GOOGLETRANSLATE(B241;"ru";"sk"),=GOOGLETRANSLATE(B241;"ru";"fi"),=GOOGLETRANSLATE(B241;"ru";"it"),=GOOGLETRANSLATE(B241;"ru";"de"),=GOOGLETRANSLATE(B241;"ru";"fr")
exercises.items.48.tips.3,"Начинайте с небольшой амплитуды",=GOOGLETRANSLATE(B242;"ru";"pl"),=GOOGLETRANSLATE(B242;"ru";"sv"),=GOOGLETRANSLATE(B242;"ru";"cs"),=GOOGLETRANSLATE(B242;"ru";"sk"),=GOOGLETRANSLATE(B242;"ru";"fi"),=GOOGLETRANSLATE(B242;"ru";"it"),=GOOGLETRANSLATE(B242;"ru";"de"),=GOOGLETRANSLATE(B242;"ru";"fr")

exercises.items.49.title,"Босу-мяч упражнения",=GOOGLETRANSLATE(B244;"ru";"pl"),=GOOGLETRANSLATE(B244;"ru";"sv"),=GOOGLETRANSLATE(B244;"ru";"cs"),=GOOGLETRANSLATE(B244;"ru";"sk"),=GOOGLETRANSLATE(B244;"ru";"fi"),=GOOGLETRANSLATE(B244;"ru";"it"),=GOOGLETRANSLATE(B244;"ru";"de"),=GOOGLETRANSLATE(B244;"ru";"fr")
exercises.items.49.instructions.0,"Встаньте на полусферу босу-мяч",=GOOGLETRANSLATE(B245;"ru";"pl"),=GOOGLETRANSLATE(B245;"ru";"sv"),=GOOGLETRANSLATE(B245;"ru";"cs"),=GOOGLETRANSLATE(B245;"ru";"sk"),=GOOGLETRANSLATE(B245;"ru";"fi"),=GOOGLETRANSLATE(B245;"ru";"it"),=GOOGLETRANSLATE(B245;"ru";"de"),=GOOGLETRANSLATE(B245;"ru";"fr")
exercises.items.49.instructions.1,"Держите равновесие",=GOOGLETRANSLATE(B246;"ru";"pl"),=GOOGLETRANSLATE(B246;"ru";"sv"),=GOOGLETRANSLATE(B246;"ru";"cs"),=GOOGLETRANSLATE(B246;"ru";"sk"),=GOOGLETRANSLATE(B246;"ru";"fi"),=GOOGLETRANSLATE(B246;"ru";"it"),=GOOGLETRANSLATE(B246;"ru";"de"),=GOOGLETRANSLATE(B246;"ru";"fr")
exercises.items.49.instructions.2,"Выполняйте приседания",=GOOGLETRANSLATE(B247;"ru";"pl"),=GOOGLETRANSLATE(B247;"ru";"sv"),=GOOGLETRANSLATE(B247;"ru";"cs"),=GOOGLETRANSLATE(B247;"ru";"sk"),=GOOGLETRANSLATE(B247;"ru";"fi"),=GOOGLETRANSLATE(B247;"ru";"it"),=GOOGLETRANSLATE(B247;"ru";"de"),=GOOGLETRANSLATE(B247;"ru";"fr")
exercises.items.49.instructions.3,"Делайте повороты корпуса",=GOOGLETRANSLATE(B248;"ru";"pl"),=GOOGLETRANSLATE(B248;"ru";"sv"),=GOOGLETRANSLATE(B248;"ru";"cs"),=GOOGLETRANSLATE(B248;"ru";"sk"),=GOOGLETRANSLATE(B248;"ru";"fi"),=GOOGLETRANSLATE(B248;"ru";"it"),=GOOGLETRANSLATE(B248;"ru";"de"),=GOOGLETRANSLATE(B248;"ru";"fr")
exercises.items.49.instructions.4,"Выполните 3-4 подхода по 10-15 повторений",=GOOGLETRANSLATE(B249;"ru";"pl"),=GOOGLETRANSLATE(B249;"ru";"sv"),=GOOGLETRANSLATE(B249;"ru";"cs"),=GOOGLETRANSLATE(B249;"ru";"sk"),=GOOGLETRANSLATE(B249;"ru";"fi"),=GOOGLETRANSLATE(B249;"ru";"it"),=GOOGLETRANSLATE(B249;"ru";"de"),=GOOGLETRANSLATE(B249;"ru";"fr")
exercises.items.49.tips.0,"Начинайте с простых упражнений",=GOOGLETRANSLATE(B250;"ru";"pl"),=GOOGLETRANSLATE(B250;"ru";"sv"),=GOOGLETRANSLATE(B250;"ru";"cs"),=GOOGLETRANSLATE(B250;"ru";"sk"),=GOOGLETRANSLATE(B250;"ru";"fi"),=GOOGLETRANSLATE(B250;"ru";"it"),=GOOGLETRANSLATE(B250;"ru";"de"),=GOOGLETRANSLATE(B250;"ru";"fr")
exercises.items.49.tips.1,"Следите за техникой",=GOOGLETRANSLATE(B251;"ru";"pl"),=GOOGLETRANSLATE(B251;"ru";"sv"),=GOOGLETRANSLATE(B251;"ru";"cs"),=GOOGLETRANSLATE(B251;"ru";"sk"),=GOOGLETRANSLATE(B251;"ru";"fi"),=GOOGLETRANSLATE(B251;"ru";"it"),=GOOGLETRANSLATE(B251;"ru";"de"),=GOOGLETRANSLATE(B251;"ru";"fr")
exercises.items.49.tips.2,"Не торопитесь",=GOOGLETRANSLATE(B252;"ru";"pl"),=GOOGLETRANSLATE(B252;"ru";"sv"),=GOOGLETRANSLATE(B252;"ru";"cs"),=GOOGLETRANSLATE(B252;"ru";"sk"),=GOOGLETRANSLATE(B252;"ru";"fi"),=GOOGLETRANSLATE(B252;"ru";"it"),=GOOGLETRANSLATE(B252;"ru";"de"),=GOOGLETRANSLATE(B252;"ru";"fr")
exercises.items.49.tips.3,"Используйте помощь для поддержки",=GOOGLETRANSLATE(B253;"ru";"pl"),=GOOGLETRANSLATE(B253;"ru";"sv"),=GOOGLETRANSLATE(B253;"ru";"cs"),=GOOGLETRANSLATE(B253;"ru";"sk"),=GOOGLETRANSLATE(B253;"ru";"fi"),=GOOGLETRANSLATE(B253;"ru";"it"),=GOOGLETRANSLATE(B253;"ru";"de"),=GOOGLETRANSLATE(B253;"ru";"fr")

exercises.items.50.title,"Йога-баланс",=GOOGLETRANSLATE(B255;"ru";"pl"),=GOOGLETRANSLATE(B255;"ru";"sv"),=GOOGLETRANSLATE(B255;"ru";"cs"),=GOOGLETRANSLATE(B255;"ru";"sk"),=GOOGLETRANSLATE(B255;"ru";"fi"),=GOOGLETRANSLATE(B255;"ru";"it"),=GOOGLETRANSLATE(B255;"ru";"de"),=GOOGLETRANSLATE(B255;"ru";"fr")
exercises.items.50.instructions.0,"Встаньте прямо, ноги вместе",=GOOGLETRANSLATE(B256;"ru";"pl"),=GOOGLETRANSLATE(B256;"ru";"sv"),=GOOGLETRANSLATE(B256;"ru";"cs"),=GOOGLETRANSLATE(B256;"ru";"sk"),=GOOGLETRANSLATE(B256;"ru";"fi"),=GOOGLETRANSLATE(B256;"ru";"it"),=GOOGLETRANSLATE(B256;"ru";"de"),=GOOGLETRANSLATE(B256;"ru";"fr")
exercises.items.50.instructions.1,"Поднимите одну ногу и поставьте на бедро другой",=GOOGLETRANSLATE(B257;"ru";"pl"),=GOOGLETRANSLATE(B257;"ru";"sv"),=GOOGLETRANSLATE(B257;"ru";"cs"),=GOOGLETRANSLATE(B257;"ru";"sk"),=GOOGLETRANSLATE(B257;"ru";"fi"),=GOOGLETRANSLATE(B257;"ru";"it"),=GOOGLETRANSLATE(B257;"ru";"de"),=GOOGLETRANSLATE(B257;"ru";"fr")
exercises.items.50.instructions.2,"Сложите руки перед грудью",=GOOGLETRANSLATE(B258;"ru";"pl"),=GOOGLETRANSLATE(B258;"ru";"sv"),=GOOGLETRANSLATE(B258;"ru";"cs"),=GOOGLETRANSLATE(B258;"ru";"sk"),=GOOGLETRANSLATE(B258;"ru";"fi"),=GOOGLETRANSLATE(B258;"ru";"it"),=GOOGLETRANSLATE(B258;"ru";"de"),=GOOGLETRANSLATE(B258;"ru";"fr")
exercises.items.50.instructions.3,"Держите равновесие",=GOOGLETRANSLATE(B259;"ru";"pl"),=GOOGLETRANSLATE(B259;"ru";"sv"),=GOOGLETRANSLATE(B259;"ru";"cs"),=GOOGLETRANSLATE(B259;"ru";"sk"),=GOOGLETRANSLATE(B259;"ru";"fi"),=GOOGLETRANSLATE(B259;"ru";"it"),=GOOGLETRANSLATE(B259;"ru";"de"),=GOOGLETRANSLATE(B259;"ru";"fr")
exercises.items.50.instructions.4,"Выполните для обеих ног по 30-60 секунд",=GOOGLETRANSLATE(B260;"ru";"pl"),=GOOGLETRANSLATE(B260;"ru";"sv"),=GOOGLETRANSLATE(B260;"ru";"cs"),=GOOGLETRANSLATE(B260;"ru";"sk"),=GOOGLETRANSLATE(B260;"ru";"fi"),=GOOGLETRANSLATE(B260;"ru";"it"),=GOOGLETRANSLATE(B260;"ru";"de"),=GOOGLETRANSLATE(B260;"ru";"fr")
exercises.items.50.tips.0,"Смотрите вперед в одну точку",=GOOGLETRANSLATE(B261;"ru";"pl"),=GOOGLETRANSLATE(B261;"ru";"sv"),=GOOGLETRANSLATE(B261;"ru";"cs"),=GOOGLETRANSLATE(B261;"ru";"sk"),=GOOGLETRANSLATE(B261;"ru";"fi"),=GOOGLETRANSLATE(B261;"ru";"it"),=GOOGLETRANSLATE(B261;"ru";"de"),=GOOGLETRANSLATE(B261;"ru";"fr")
exercises.items.50.tips.1,"Дышите глубоко и равномерно",=GOOGLETRANSLATE(B262;"ru";"pl"),=GOOGLETRANSLATE(B262;"ru";"sv"),=GOOGLETRANSLATE(B262;"ru";"cs"),=GOOGLETRANSLATE(B262;"ru";"sk"),=GOOGLETRANSLATE(B262;"ru";"fi"),=GOOGLETRANSLATE(B262;"ru";"it"),=GOOGLETRANSLATE(B262;"ru";"de"),=GOOGLETRANSLATE(B262;"ru";"fr")
exercises.items.50.tips.2,"Не торопитесь",=GOOGLETRANSLATE(B263;"ru";"pl"),=GOOGLETRANSLATE(B263;"ru";"sv"),=GOOGLETRANSLATE(B263;"ru";"cs"),=GOOGLETRANSLATE(B263;"ru";"sk"),=GOOGLETRANSLATE(B263;"ru";"fi"),=GOOGLETRANSLATE(B263;"ru";"it"),=GOOGLETRANSLATE(B263;"ru";"de"),=GOOGLETRANSLATE(B263;"ru";"fr")
exercises.items.50.tips.3,"При потере баланса начните заново",=GOOGLETRANSLATE(B264;"ru";"pl"),=GOOGLETRANSLATE(B264;"ru";"sv"),=GOOGLETRANSLATE(B264;"ru";"cs"),=GOOGLETRANSLATE(B264;"ru";"sk"),=GOOGLETRANSLATE(B264;"ru";"fi"),=GOOGLETRANSLATE(B264;"ru";"it"),=GOOGLETRANSLATE(B264;"ru";"de"),=GOOGLETRANSLATE(B264;"ru";"fr")

exercises.items.51.title,"Ходьба по бревну",=GOOGLETRANSLATE(B266;"ru";"pl"),=GOOGLETRANSLATE(B266;"ru";"sv"),=GOOGLETRANSLATE(B266;"ru";"cs"),=GOOGLETRANSLATE(B266;"ru";"sk"),=GOOGLETRANSLATE(B266;"ru";"fi"),=GOOGLETRANSLATE(B266;"ru";"it"),=GOOGLETRANSLATE(B266;"ru";"de"),=GOOGLETRANSLATE(B266;"ru";"fr")
exercises.items.51.instructions.0,"Найдите устойчивое бревно или доску",=GOOGLETRANSLATE(B267;"ru";"pl"),=GOOGLETRANSLATE(B267;"ru";"sv"),=GOOGLETRANSLATE(B267;"ru";"cs"),=GOOGLETRANSLATE(B267;"ru";"sk"),=GOOGLETRANSLATE(B267;"ru";"fi"),=GOOGLETRANSLATE(B267;"ru";"it"),=GOOGLETRANSLATE(B267;"ru";"de"),=GOOGLETRANSLATE(B267;"ru";"fr")
exercises.items.51.instructions.1,"Встаньте на бревно",=GOOGLETRANSLATE(B268;"ru";"pl"),=GOOGLETRANSLATE(B268;"ru";"sv"),=GOOGLETRANSLATE(B268;"ru";"cs"),=GOOGLETRANSLATE(B268;"ru";"sk"),=GOOGLETRANSLATE(B268;"ru";"fi"),=GOOGLETRANSLATE(B268;"ru";"it"),=GOOGLETRANSLATE(B268;"ru";"de"),=GOOGLETRANSLATE(B268;"ru";"fr")
exercises.items.51.instructions.2,"Идите медленно вперед",=GOOGLETRANSLATE(B269;"ru";"pl"),=GOOGLETRANSLATE(B269;"ru";"sv"),=GOOGLETRANSLATE(B269;"ru";"cs"),=GOOGLETRANSLATE(B269;"ru";"sk"),=GOOGLETRANSLATE(B269;"ru";"fi"),=GOOGLETRANSLATE(B269;"ru";"it"),=GOOGLETRANSLATE(B269;"ru";"de"),=GOOGLETRANSLATE(B269;"ru";"fr")
exercises.items.51.instructions.3,"Держите равновесие",=GOOGLETRANSLATE(B270;"ru";"pl"),=GOOGLETRANSLATE(B270;"ru";"sv"),=GOOGLETRANSLATE(B270;"ru";"cs"),=GOOGLETRANSLATE(B270;"ru";"sk"),=GOOGLETRANSLATE(B270;"ru";"fi"),=GOOGLETRANSLATE(B270;"ru";"it"),=GOOGLETRANSLATE(B270;"ru";"de"),=GOOGLETRANSLATE(B270;"ru";"fr")
exercises.items.51.instructions.4,"Выполните несколько проходов",=GOOGLETRANSLATE(B271;"ru";"pl"),=GOOGLETRANSLATE(B271;"ru";"sv"),=GOOGLETRANSLATE(B271;"ru";"cs"),=GOOGLETRANSLATE(B271;"ru";"sk"),=GOOGLETRANSLATE(B271;"ru";"fi"),=GOOGLETRANSLATE(B271;"ru";"it"),=GOOGLETRANSLATE(B271;"ru";"de"),=GOOGLETRANSLATE(B271;"ru";"fr")
exercises.items.51.tips.0,"Начинайте с широкого бревна",=GOOGLETRANSLATE(B272;"ru";"pl"),=GOOGLETRANSLATE(B272;"ru";"sv"),=GOOGLETRANSLATE(B272;"ru";"cs"),=GOOGLETRANSLATE(B272;"ru";"sk"),=GOOGLETRANSLATE(B272;"ru";"fi"),=GOOGLETRANSLATE(B272;"ru";"it"),=GOOGLETRANSLATE(B272;"ru";"de"),=GOOGLETRANSLATE(B272;"ru";"fr")
exercises.items.51.tips.1,"Смотрите вперед, а не вниз",=GOOGLETRANSLATE(B273;"ru";"pl"),=GOOGLETRANSLATE(B273;"ru";"sv"),=GOOGLETRANSLATE(B273;"ru";"cs"),=GOOGLETRANSLATE(B273;"ru";"sk"),=GOOGLETRANSLATE(B273;"ru";"fi"),=GOOGLETRANSLATE(B273;"ru";"it"),=GOOGLETRANSLATE(B273;"ru";"de"),=GOOGLETRANSLATE(B273;"ru";"fr")
exercises.items.51.tips.2,"Работайте руками для баланса",=GOOGLETRANSLATE(B274;"ru";"pl"),=GOOGLETRANSLATE(B274;"ru";"sv"),=GOOGLETRANSLATE(B274;"ru";"cs"),=GOOGLETRANSLATE(B274;"ru";"sk"),=GOOGLETRANSLATE(B274;"ru";"fi"),=GOOGLETRANSLATE(B274;"ru";"it"),=GOOGLETRANSLATE(B274;"ru";"de"),=GOOGLETRANSLATE(B274;"ru";"fr")
exercises.items.51.tips.3,"Не торопитесь",=GOOGLETRANSLATE(B275;"ru";"pl"),=GOOGLETRANSLATE(B275;"ru";"sv"),=GOOGLETRANSLATE(B275;"ru";"cs"),=GOOGLETRANSLATE(B275;"ru";"sk"),=GOOGLETRANSLATE(B275;"ru";"fi"),=GOOGLETRANSLATE(B275;"ru";"it"),=GOOGLETRANSLATE(B275;"ru";"de"),=GOOGLETRANSLATE(B275;"ru";"fr")

exercises.items.52.title,"Стойка на руках у стены",=GOOGLETRANSLATE(B277;"ru";"pl"),=GOOGLETRANSLATE(B277;"ru";"sv"),=GOOGLETRANSLATE(B277;"ru";"cs"),=GOOGLETRANSLATE(B277;"ru";"sk"),=GOOGLETRANSLATE(B277;"ru";"fi"),=GOOGLETRANSLATE(B277;"ru";"it"),=GOOGLETRANSLATE(B277;"ru";"de"),=GOOGLETRANSLATE(B277;"ru";"fr")
exercises.items.52.instructions.0,"Встаньте лицом к стене",=GOOGLETRANSLATE(B278;"ru";"pl"),=GOOGLETRANSLATE(B278;"ru";"sv"),=GOOGLETRANSLATE(B278;"ru";"cs"),=GOOGLETRANSLATE(B278;"ru";"sk"),=GOOGLETRANSLATE(B278;"ru";"fi"),=GOOGLETRANSLATE(B278;"ru";"it"),=GOOGLETRANSLATE(B278;"ru";"de"),=GOOGLETRANSLATE(B278;"ru";"fr")
exercises.items.52.instructions.1,"Поставьте руки на пол на расстоянии 30 см от стены",=GOOGLETRANSLATE(B279;"ru";"pl"),=GOOGLETRANSLATE(B279;"ru";"sv"),=GOOGLETRANSLATE(B279;"ru";"cs"),=GOOGLETRANSLATE(B279;"ru";"sk"),=GOOGLETRANSLATE(B279;"ru";"fi"),=GOOGLETRANSLATE(B279;"ru";"it"),=GOOGLETRANSLATE(B279;"ru";"de"),=GOOGLETRANSLATE(B279;"ru";"fr")
exercises.items.52.instructions.2,"Поднимите ноги вверх по стене",=GOOGLETRANSLATE(B280;"ru";"pl"),=GOOGLETRANSLATE(B280;"ru";"sv"),=GOOGLETRANSLATE(B280;"ru";"cs"),=GOOGLETRANSLATE(B280;"ru";"sk"),=GOOGLETRANSLATE(B280;"ru";"fi"),=GOOGLETRANSLATE(B280;"ru";"it"),=GOOGLETRANSLATE(B280;"ru";"de"),=GOOGLETRANSLATE(B280;"ru";"fr")
exercises.items.52.instructions.3,"Держите стойку на руках",=GOOGLETRANSLATE(B281;"ru";"pl"),=GOOGLETRANSLATE(B281;"ru";"sv"),=GOOGLETRANSLATE(B281;"ru";"cs"),=GOOGLETRANSLATE(B281;"ru";"sk"),=GOOGLETRANSLATE(B281;"ru";"fi"),=GOOGLETRANSLATE(B281;"ru";"it"),=GOOGLETRANSLATE(B281;"ru";"de"),=GOOGLETRANSLATE(B281;"ru";"fr")
exercises.items.52.instructions.4,"Опустите ноги контролируемо",=GOOGLETRANSLATE(B282;"ru";"pl"),=GOOGLETRANSLATE(B282;"ru";"sv"),=GOOGLETRANSLATE(B282;"ru";"cs"),=GOOGLETRANSLATE(B282;"ru";"sk"),=GOOGLETRANSLATE(B282;"ru";"fi"),=GOOGLETRANSLATE(B282;"ru";"it"),=GOOGLETRANSLATE(B282;"ru";"de"),=GOOGLETRANSLATE(B282;"ru";"fr")
exercises.items.52.tips.0,"Начинайте с коротких подходов",=GOOGLETRANSLATE(B283;"ru";"pl"),=GOOGLETRANSLATE(B283;"ru";"sv"),=GOOGLETRANSLATE(B283;"ru";"cs"),=GOOGLETRANSLATE(B283;"ru";"sk"),=GOOGLETRANSLATE(B283;"ru";"fi"),=GOOGLETRANSLATE(B283;"ru";"it"),=GOOGLETRANSLATE(B283;"ru";"de"),=GOOGLETRANSLATE(B283;"ru";"fr")
exercises.items.52.tips.1,"Используйте помощь для страховки",=GOOGLETRANSLATE(B284;"ru";"pl"),=GOOGLETRANSLATE(B284;"ru";"sv"),=GOOGLETRANSLATE(B284;"ru";"cs"),=GOOGLETRANSLATE(B284;"ru";"sk"),=GOOGLETRANSLATE(B284;"ru";"fi"),=GOOGLETRANSLATE(B284;"ru";"it"),=GOOGLETRANSLATE(B284;"ru";"de"),=GOOGLETRANSLATE(B284;"ru";"fr")
exercises.items.52.tips.2,"Держите корпус напряженным",=GOOGLETRANSLATE(B285;"ru";"pl"),=GOOGLETRANSLATE(B285;"ru";"sv"),=GOOGLETRANSLATE(B285;"ru";"cs"),=GOOGLETRANSLATE(B285;"ru";"sk"),=GOOGLETRANSLATE(B285;"ru";"fi"),=GOOGLETRANSLATE(B285;"ru";"it"),=GOOGLETRANSLATE(B285;"ru";"de"),=GOOGLETRANSLATE(B285;"ru";"fr")
exercises.items.52.tips.3,"Не перенапрягайтесь",=GOOGLETRANSLATE(B286;"ru";"pl"),=GOOGLETRANSLATE(B286;"ru";"sv"),=GOOGLETRANSLATE(B286;"ru";"cs"),=GOOGLETRANSLATE(B286;"ru";"sk"),=GOOGLETRANSLATE(B286;"ru";"fi"),=GOOGLETRANSLATE(B286;"ru";"it"),=GOOGLETRANSLATE(B286;"ru";"de"),=GOOGLETRANSLATE(B286;"ru";"fr")

exercises.items.53.title,"Фартлек",=GOOGLETRANSLATE(B288;"ru";"pl"),=GOOGLETRANSLATE(B288;"ru";"sv"),=GOOGLETRANSLATE(B288;"ru";"cs"),=GOOGLETRANSLATE(B288;"ru";"sk"),=GOOGLETRANSLATE(B288;"ru";"fi"),=GOOGLETRANSLATE(B288;"ru";"it"),=GOOGLETRANSLATE(B288;"ru";"de"),=GOOGLETRANSLATE(B288;"ru";"fr")
exercises.items.53.instructions.0,"Начните с медленного бега 5-10 минут",=GOOGLETRANSLATE(B289;"ru";"pl"),=GOOGLETRANSLATE(B289;"ru";"sv"),=GOOGLETRANSLATE(B289;"ru";"cs"),=GOOGLETRANSLATE(B289;"ru";"sk"),=GOOGLETRANSLATE(B289;"ru";"fi"),=GOOGLETRANSLATE(B289;"ru";"it"),=GOOGLETRANSLATE(B289;"ru";"de"),=GOOGLETRANSLATE(B289;"ru";"fr")
exercises.items.53.instructions.1,"Увеличьте скорость до 80% от максимальной на 2-3 минуты",=GOOGLETRANSLATE(B290;"ru";"pl"),=GOOGLETRANSLATE(B290;"ru";"sv"),=GOOGLETRANSLATE(B290;"ru";"cs"),=GOOGLETRANSLATE(B290;"ru";"sk"),=GOOGLETRANSLATE(B290;"ru";"fi"),=GOOGLETRANSLATE(B290;"ru";"it"),=GOOGLETRANSLATE(B290;"ru";"de"),=GOOGLETRANSLATE(B290;"ru";"fr")
exercises.items.53.instructions.2,"Вернитесь к медленному бегу на 1-2 минуты",=GOOGLETRANSLATE(B291;"ru";"pl"),=GOOGLETRANSLATE(B291;"ru";"sv"),=GOOGLETRANSLATE(B291;"ru";"cs"),=GOOGLETRANSLATE(B291;"ru";"sk"),=GOOGLETRANSLATE(B291;"ru";"fi"),=GOOGLETRANSLATE(B291;"ru";"it"),=GOOGLETRANSLATE(B291;"ru";"de"),=GOOGLETRANSLATE(B291;"ru";"fr")
exercises.items.53.instructions.3,"Повторите цикл 4-6 раз",=GOOGLETRANSLATE(B292;"ru";"pl"),=GOOGLETRANSLATE(B292;"ru";"sv"),=GOOGLETRANSLATE(B292;"ru";"cs"),=GOOGLETRANSLATE(B292;"ru";"sk"),=GOOGLETRANSLATE(B292;"ru";"fi"),=GOOGLETRANSLATE(B292;"ru";"it"),=GOOGLETRANSLATE(B292;"ru";"de"),=GOOGLETRANSLATE(B292;"ru";"fr")
exercises.items.53.instructions.4,"Завершите медленным бегом 5-10 минут",=GOOGLETRANSLATE(B293;"ru";"pl"),=GOOGLETRANSLATE(B293;"ru";"sv"),=GOOGLETRANSLATE(B293;"ru";"cs"),=GOOGLETRANSLATE(B293;"ru";"sk"),=GOOGLETRANSLATE(B293;"ru";"fi"),=GOOGLETRANSLATE(B293;"ru";"it"),=GOOGLETRANSLATE(B293;"ru";"de"),=GOOGLETRANSLATE(B293;"ru";"fr")
exercises.items.53.tips.0,"Слушайте свое тело",=GOOGLETRANSLATE(B294;"ru";"pl"),=GOOGLETRANSLATE(B294;"ru";"sv"),=GOOGLETRANSLATE(B294;"ru";"cs"),=GOOGLETRANSLATE(B294;"ru";"sk"),=GOOGLETRANSLATE(B294;"ru";"fi"),=GOOGLETRANSLATE(B294;"ru";"it"),=GOOGLETRANSLATE(B294;"ru";"de"),=GOOGLETRANSLATE(B294;"ru";"fr")
exercises.items.53.tips.1,"Не превышайте 80% от максимальной скорости",=GOOGLETRANSLATE(B295;"ru";"pl"),=GOOGLETRANSLATE(B295;"ru";"sv"),=GOOGLETRANSLATE(B295;"ru";"cs"),=GOOGLETRANSLATE(B295;"ru";"sk"),=GOOGLETRANSLATE(B295;"ru";"fi"),=GOOGLETRANSLATE(B295;"ru";"it"),=GOOGLETRANSLATE(B295;"ru";"de"),=GOOGLETRANSLATE(B295;"ru";"fr")
exercises.items.53.tips.2,"Дышите глубоко",=GOOGLETRANSLATE(B296;"ru";"pl"),=GOOGLETRANSLATE(B296;"ru";"sv"),=GOOGLETRANSLATE(B296;"ru";"cs"),=GOOGLETRANSLATE(B296;"ru";"sk"),=GOOGLETRANSLATE(B296;"ru";"fi"),=GOOGLETRANSLATE(B296;"ru";"it"),=GOOGLETRANSLATE(B296;"ru";"de"),=GOOGLETRANSLATE(B296;"ru";"fr")
exercises.items.53.tips.3,"Пейте воду во время тренировки",=GOOGLETRANSLATE(B297;"ru";"pl"),=GOOGLETRANSLATE(B297;"ru";"sv"),=GOOGLETRANSLATE(B297;"ru";"cs"),=GOOGLETRANSLATE(B297;"ru";"sk"),=GOOGLETRANSLATE(B297;"ru";"fi"),=GOOGLETRANSLATE(B297;"ru";"it"),=GOOGLETRANSLATE(B297;"ru";"de"),=GOOGLETRANSLATE(B297;"ru";"fr")

exercises.items.54.title,"Повторные спринты",=GOOGLETRANSLATE(B299;"ru";"pl"),=GOOGLETRANSLATE(B299;"ru";"sv"),=GOOGLETRANSLATE(B299;"ru";"cs"),=GOOGLETRANSLATE(B299;"ru";"sk"),=GOOGLETRANSLATE(B299;"ru";"fi"),=GOOGLETRANSLATE(B299;"ru";"it"),=GOOGLETRANSLATE(B299;"ru";"de"),=GOOGLETRANSLATE(B299;"ru";"fr")
exercises.items.54.instructions.0,"Выполните 10-минутную разминку",=GOOGLETRANSLATE(B300;"ru";"pl"),=GOOGLETRANSLATE(B300;"ru";"sv"),=GOOGLETRANSLATE(B300;"ru";"cs"),=GOOGLETRANSLATE(B300;"ru";"sk"),=GOOGLETRANSLATE(B300;"ru";"fi"),=GOOGLETRANSLATE(B300;"ru";"it"),=GOOGLETRANSLATE(B300;"ru";"de"),=GOOGLETRANSLATE(B300;"ru";"fr")
exercises.items.54.instructions.1,"Пробегите спринт на максимальной скорости 30 секунд",=GOOGLETRANSLATE(B301;"ru";"pl"),=GOOGLETRANSLATE(B301;"ru";"sv"),=GOOGLETRANSLATE(B301;"ru";"cs"),=GOOGLETRANSLATE(B301;"ru";"sk"),=GOOGLETRANSLATE(B301;"ru";"fi"),=GOOGLETRANSLATE(B301;"ru";"it"),=GOOGLETRANSLATE(B301;"ru";"de"),=GOOGLETRANSLATE(B301;"ru";"fr")
exercises.items.54.instructions.2,"Отдохните 2-3 минуты",=GOOGLETRANSLATE(B302;"ru";"pl"),=GOOGLETRANSLATE(B302;"ru";"sv"),=GOOGLETRANSLATE(B302;"ru";"cs"),=GOOGLETRANSLATE(B302;"ru";"sk"),=GOOGLETRANSLATE(B302;"ru";"fi"),=GOOGLETRANSLATE(B302;"ru";"it"),=GOOGLETRANSLATE(B302;"ru";"de"),=GOOGLETRANSLATE(B302;"ru";"fr")
exercises.items.54.instructions.3,"Повторите спринт",=GOOGLETRANSLATE(B303;"ru";"pl"),=GOOGLETRANSLATE(B303;"ru";"sv"),=GOOGLETRANSLATE(B303;"ru";"cs"),=GOOGLETRANSLATE(B303;"ru";"sk"),=GOOGLETRANSLATE(B303;"ru";"fi"),=GOOGLETRANSLATE(B303;"ru";"it"),=GOOGLETRANSLATE(B303;"ru";"de"),=GOOGLETRANSLATE(B303;"ru";"fr")
exercises.items.54.instructions.4,"Выполните 6-8 спринтов",=GOOGLETRANSLATE(B304;"ru";"pl"),=GOOGLETRANSLATE(B304;"ru";"sv"),=GOOGLETRANSLATE(B304;"ru";"cs"),=GOOGLETRANSLATE(B304;"ru";"sk"),=GOOGLETRANSLATE(B304;"ru";"fi"),=GOOGLETRANSLATE(B304;"ru";"it"),=GOOGLETRANSLATE(B304;"ru";"de"),=GOOGLETRANSLATE(B304;"ru";"fr")
exercises.items.54.tips.0,"Не экономьте на разминке",=GOOGLETRANSLATE(B305;"ru";"pl"),=GOOGLETRANSLATE(B305;"ru";"sv"),=GOOGLETRANSLATE(B305;"ru";"cs"),=GOOGLETRANSLATE(B305;"ru";"sk"),=GOOGLETRANSLATE(B305;"ru";"fi"),=GOOGLETRANSLATE(B305;"ru";"it"),=GOOGLETRANSLATE(B305;"ru";"de"),=GOOGLETRANSLATE(B305;"ru";"fr")
exercises.items.54.tips.1,"Отдыхайте полностью между спринтами",=GOOGLETRANSLATE(B306;"ru";"pl"),=GOOGLETRANSLATE(B306;"ru";"sv"),=GOOGLETRANSLATE(B306;"ru";"cs"),=GOOGLETRANSLATE(B306;"ru";"sk"),=GOOGLETRANSLATE(B306;"ru";"fi"),=GOOGLETRANSLATE(B306;"ru";"it"),=GOOGLETRANSLATE(B306;"ru";"de"),=GOOGLETRANSLATE(B306;"ru";"fr")
exercises.items.54.tips.2,"Следите за техникой бега",=GOOGLETRANSLATE(B307;"ru";"pl"),=GOOGLETRANSLATE(B307;"ru";"sv"),=GOOGLETRANSLATE(B307;"ru";"cs"),=GOOGLETRANSLATE(B307;"ru";"sk"),=GOOGLETRANSLATE(B307;"ru";"fi"),=GOOGLETRANSLATE(B307;"ru";"it"),=GOOGLETRANSLATE(B307;"ru";"de"),=GOOGLETRANSLATE(B307;"ru";"fr")
exercises.items.54.tips.3,"Не тренируйтесь ежедневно",=GOOGLETRANSLATE(B308;"ru";"pl"),=GOOGLETRANSLATE(B308;"ru";"sv"),=GOOGLETRANSLATE(B308;"ru";"cs"),=GOOGLETRANSLATE(B308;"ru";"sk"),=GOOGLETRANSLATE(B308;"ru";"fi"),=GOOGLETRANSLATE(B308;"ru";"it"),=GOOGLETRANSLATE(B308;"ru";"de"),=GOOGLETRANSLATE(B308;"ru";"fr")

exercises.items.55.title,"Интервалы на велосипеде",=GOOGLETRANSLATE(B310;"ru";"pl"),=GOOGLETRANSLATE(B310;"ru";"sv"),=GOOGLETRANSLATE(B310;"ru";"cs"),=GOOGLETRANSLATE(B310;"ru";"sk"),=GOOGLETRANSLATE(B310;"ru";"fi"),=GOOGLETRANSLATE(B310;"ru";"it"),=GOOGLETRANSLATE(B310;"ru";"de"),=GOOGLETRANSLATE(B310;"ru";"fr")
exercises.items.55.instructions.0,"Начните с 5-минутной разминки",=GOOGLETRANSLATE(B311;"ru";"pl"),=GOOGLETRANSLATE(B311;"ru";"sv"),=GOOGLETRANSLATE(B311;"ru";"cs"),=GOOGLETRANSLATE(B311;"ru";"sk"),=GOOGLETRANSLATE(B311;"ru";"fi"),=GOOGLETRANSLATE(B311;"ru";"it"),=GOOGLETRANSLATE(B311;"ru";"de"),=GOOGLETRANSLATE(B311;"ru";"fr")
exercises.items.55.instructions.1,"Увеличьте нагрузку до 80% от максимальной",=GOOGLETRANSLATE(B312;"ru";"pl"),=GOOGLETRANSLATE(B312;"ru";"sv"),=GOOGLETRANSLATE(B312;"ru";"cs"),=GOOGLETRANSLATE(B312;"ru";"sk"),=GOOGLETRANSLATE(B312;"ru";"fi"),=GOOGLETRANSLATE(B312;"ru";"it"),=GOOGLETRANSLATE(B312;"ru";"de"),=GOOGLETRANSLATE(B312;"ru";"fr")
exercises.items.55.instructions.2,"Крутите педали с высокой интенсивностью 2-3 минуты",=GOOGLETRANSLATE(B313;"ru";"pl"),=GOOGLETRANSLATE(B313;"ru";"sv"),=GOOGLETRANSLATE(B313;"ru";"cs"),=GOOGLETRANSLATE(B313;"ru";"sk"),=GOOGLETRANSLATE(B313;"ru";"fi"),=GOOGLETRANSLATE(B313;"ru";"it"),=GOOGLETRANSLATE(B313;"ru";"de"),=GOOGLETRANSLATE(B313;"ru";"fr")
exercises.items.55.instructions.3,"Снизьте нагрузку до 50% на 1-2 минуты",=GOOGLETRANSLATE(B314;"ru";"pl"),=GOOGLETRANSLATE(B314;"ru";"sv"),=GOOGLETRANSLATE(B314;"ru";"cs"),=GOOGLETRANSLATE(B314;"ru";"sk"),=GOOGLETRANSLATE(B314;"ru";"fi"),=GOOGLETRANSLATE(B314;"ru";"it"),=GOOGLETRANSLATE(B314;"ru";"de"),=GOOGLETRANSLATE(B314;"ru";"fr")
exercises.items.55.instructions.4,"Повторите цикл 6-8 раз",=GOOGLETRANSLATE(B315;"ru";"pl"),=GOOGLETRANSLATE(B315;"ru";"sv"),=GOOGLETRANSLATE(B315;"ru";"cs"),=GOOGLETRANSLATE(B315;"ru";"sk"),=GOOGLETRANSLATE(B315;"ru";"fi"),=GOOGLETRANSLATE(B315;"ru";"it"),=GOOGLETRANSLATE(B315;"ru";"de"),=GOOGLETRANSLATE(B315;"ru";"fr")
exercises.items.55.tips.0,"Поддерживайте высокий каденс",=GOOGLETRANSLATE(B316;"ru";"pl"),=GOOGLETRANSLATE(B316;"ru";"sv"),=GOOGLETRANSLATE(B316;"ru";"cs"),=GOOGLETRANSLATE(B316;"ru";"sk"),=GOOGLETRANSLATE(B316;"ru";"fi"),=GOOGLETRANSLATE(B316;"ru";"it"),=GOOGLETRANSLATE(B316;"ru";"de"),=GOOGLETRANSLATE(B316;"ru";"fr")
exercises.items.55.tips.1,"Дышите глубоко",=GOOGLETRANSLATE(B317;"ru";"pl"),=GOOGLETRANSLATE(B317;"ru";"sv"),=GOOGLETRANSLATE(B317;"ru";"cs"),=GOOGLETRANSLATE(B317;"ru";"sk"),=GOOGLETRANSLATE(B317;"ru";"fi"),=GOOGLETRANSLATE(B317;"ru";"it"),=GOOGLETRANSLATE(B317;"ru";"de"),=GOOGLETRANSLATE(B317;"ru";"fr")
exercises.items.55.tips.2,"Следите за пульсом",=GOOGLETRANSLATE(B318;"ru";"pl"),=GOOGLETRANSLATE(B318;"ru";"sv"),=GOOGLETRANSLATE(B318;"ru";"cs"),=GOOGLETRANSLATE(B318;"ru";"sk"),=GOOGLETRANSLATE(B318;"ru";"fi"),=GOOGLETRANSLATE(B318;"ru";"it"),=GOOGLETRANSLATE(B318;"ru";"de"),=GOOGLETRANSLATE(B318;"ru";"fr")
exercises.items.55.tips.3,"Пейте воду регулярно",=GOOGLETRANSLATE(B319;"ru";"pl"),=GOOGLETRANSLATE(B319;"ru";"sv"),=GOOGLETRANSLATE(B319;"ru";"cs"),=GOOGLETRANSLATE(B319;"ru";"sk"),=GOOGLETRANSLATE(B319;"ru";"fi"),=GOOGLETRANSLATE(B319;"ru";"it"),=GOOGLETRANSLATE(B319;"ru";"de"),=GOOGLETRANSLATE(B319;"ru";"fr")

exercises.items.56.title,"Бег по холмам",=GOOGLETRANSLATE(B321;"ru";"pl"),=GOOGLETRANSLATE(B321;"ru";"sv"),=GOOGLETRANSLATE(B321;"ru";"cs"),=GOOGLETRANSLATE(B321;"ru";"sk"),=GOOGLETRANSLATE(B321;"ru";"fi"),=GOOGLETRANSLATE(B321;"ru";"it"),=GOOGLETRANSLATE(B321;"ru";"de"),=GOOGLETRANSLATE(B321;"ru";"fr")
exercises.items.56.instructions.0,"Найдите холм с уклоном 5-10%",=GOOGLETRANSLATE(B322;"ru";"pl"),=GOOGLETRANSLATE(B322;"ru";"sv"),=GOOGLETRANSLATE(B322;"ru";"cs"),=GOOGLETRANSLATE(B322;"ru";"sk"),=GOOGLETRANSLATE(B322;"ru";"fi"),=GOOGLETRANSLATE(B322;"ru";"it"),=GOOGLETRANSLATE(B322;"ru";"de"),=GOOGLETRANSLATE(B322;"ru";"fr")
exercises.items.56.instructions.1,"Выполните 10-минутную разминку",=GOOGLETRANSLATE(B323;"ru";"pl"),=GOOGLETRANSLATE(B323;"ru";"sv"),=GOOGLETRANSLATE(B323;"ru";"cs"),=GOOGLETRANSLATE(B323;"ru";"sk"),=GOOGLETRANSLATE(B323;"ru";"fi"),=GOOGLETRANSLATE(B323;"ru";"it"),=GOOGLETRANSLATE(B323;"ru";"de"),=GOOGLETRANSLATE(B323;"ru";"fr")
exercises.items.56.instructions.2,"Бегите вверх по холму с умеренной скоростью",=GOOGLETRANSLATE(B324;"ru";"pl"),=GOOGLETRANSLATE(B324;"ru";"sv"),=GOOGLETRANSLATE(B324;"ru";"cs"),=GOOGLETRANSLATE(B324;"ru";"sk"),=GOOGLETRANSLATE(B324;"ru";"fi"),=GOOGLETRANSLATE(B324;"ru";"it"),=GOOGLETRANSLATE(B324;"ru";"de"),=GOOGLETRANSLATE(B324;"ru";"fr")
exercises.items.56.instructions.3,"Спускайтесь вниз для восстановления",=GOOGLETRANSLATE(B325;"ru";"pl"),=GOOGLETRANSLATE(B325;"ru";"sv"),=GOOGLETRANSLATE(B325;"ru";"cs"),=GOOGLETRANSLATE(B325;"ru";"sk"),=GOOGLETRANSLATE(B325;"ru";"fi"),=GOOGLETRANSLATE(B325;"ru";"it"),=GOOGLETRANSLATE(B325;"ru";"de"),=GOOGLETRANSLATE(B325;"ru";"fr")
exercises.items.56.instructions.4,"Повторите 6-10 подъемов",=GOOGLETRANSLATE(B326;"ru";"pl"),=GOOGLETRANSLATE(B326;"ru";"sv"),=GOOGLETRANSLATE(B326;"ru";"cs"),=GOOGLETRANSLATE(B326;"ru";"sk"),=GOOGLETRANSLATE(B326;"ru";"fi"),=GOOGLETRANSLATE(B326;"ru";"it"),=GOOGLETRANSLATE(B326;"ru";"de"),=GOOGLETRANSLATE(B326;"ru";"fr")
exercises.items.56.tips.0,"Начинайте с небольшого уклона",=GOOGLETRANSLATE(B327;"ru";"pl"),=GOOGLETRANSLATE(B327;"ru";"sv"),=GOOGLETRANSLATE(B327;"ru";"cs"),=GOOGLETRANSLATE(B327;"ru";"sk"),=GOOGLETRANSLATE(B327;"ru";"fi"),=GOOGLETRANSLATE(B327;"ru";"it"),=GOOGLETRANSLATE(B327;"ru";"de"),=GOOGLETRANSLATE(B327;"ru";"fr")
exercises.items.56.tips.1,"Держите спину прямой при подъеме",=GOOGLETRANSLATE(B328;"ru";"pl"),=GOOGLETRANSLATE(B328;"ru";"sv"),=GOOGLETRANSLATE(B328;"ru";"cs"),=GOOGLETRANSLATE(B328;"ru";"sk"),=GOOGLETRANSLATE(B328;"ru";"fi"),=GOOGLETRANSLATE(B328;"ru";"it"),=GOOGLETRANSLATE(B328;"ru";"de"),=GOOGLETRANSLATE(B328;"ru";"fr")
exercises.items.56.tips.2,"Работайте руками активно",=GOOGLETRANSLATE(B329;"ru";"pl"),=GOOGLETRANSLATE(B329;"ru";"sv"),=GOOGLETRANSLATE(B329;"ru";"cs"),=GOOGLETRANSLATE(B329;"ru";"sk"),=GOOGLETRANSLATE(B329;"ru";"fi"),=GOOGLETRANSLATE(B329;"ru";"it"),=GOOGLETRANSLATE(B329;"ru";"de"),=GOOGLETRANSLATE(B329;"ru";"fr")
exercises.items.56.tips.3,"Не торопитесь на спуске",=GOOGLETRANSLATE(B330;"ru";"pl"),=GOOGLETRANSLATE(B330;"ru";"sv"),=GOOGLETRANSLATE(B330;"ru";"cs"),=GOOGLETRANSLATE(B330;"ru";"sk"),=GOOGLETRANSLATE(B330;"ru";"fi"),=GOOGLETRANSLATE(B330;"ru";"it"),=GOOGLETRANSLATE(B330;"ru";"de"),=GOOGLETRANSLATE(B330;"ru";"fr")

exercises.items.57.title,"Плиометрические круги",=GOOGLETRANSLATE(B332;"ru";"pl"),=GOOGLETRANSLATE(B332;"ru";"sv"),=GOOGLETRANSLATE(B332;"ru";"cs"),=GOOGLETRANSLATE(B332;"ru";"sk"),=GOOGLETRANSLATE(B332;"ru";"fi"),=GOOGLETRANSLATE(B332;"ru";"it"),=GOOGLETRANSLATE(B332;"ru";"de"),=GOOGLETRANSLATE(B332;"ru";"fr")
exercises.items.57.instructions.0,"Выполните 10-минутную разминку",=GOOGLETRANSLATE(B333;"ru";"pl"),=GOOGLETRANSLATE(B333;"ru";"sv"),=GOOGLETRANSLATE(B333;"ru";"cs"),=GOOGLETRANSLATE(B333;"ru";"sk"),=GOOGLETRANSLATE(B333;"ru";"fi"),=GOOGLETRANSLATE(B333;"ru";"it"),=GOOGLETRANSLATE(B333;"ru";"de"),=GOOGLETRANSLATE(B333;"ru";"fr")
exercises.items.57.instructions.1,"Сделайте прыжки в длину с места",=GOOGLETRANSLATE(B334;"ru";"pl"),=GOOGLETRANSLATE(B334;"ru";"sv"),=GOOGLETRANSLATE(B334;"ru";"cs"),=GOOGLETRANSLATE(B334;"ru";"sk"),=GOOGLETRANSLATE(B334;"ru";"fi"),=GOOGLETRANSLATE(B334;"ru";"it"),=GOOGLETRANSLATE(B334;"ru";"de"),=GOOGLETRANSLATE(B334;"ru";"fr")
exercises.items.57.instructions.2,"Выполните прыжки через препятствия",=GOOGLETRANSLATE(B335;"ru";"pl"),=GOOGLETRANSLATE(B335;"ru";"sv"),=GOOGLETRANSLATE(B335;"ru";"cs"),=GOOGLETRANSLATE(B335;"ru";"sk"),=GOOGLETRANSLATE(B335;"ru";"fi"),=GOOGLETRANSLATE(B335;"ru";"it"),=GOOGLETRANSLATE(B335;"ru";"de"),=GOOGLETRANSLATE(B335;"ru";"fr")
exercises.items.57.instructions.3,"Сделайте прыжки на ящик",=GOOGLETRANSLATE(B336;"ru";"pl"),=GOOGLETRANSLATE(B336;"ru";"sv"),=GOOGLETRANSLATE(B336;"ru";"cs"),=GOOGLETRANSLATE(B336;"ru";"sk"),=GOOGLETRANSLATE(B336;"ru";"fi"),=GOOGLETRANSLATE(B336;"ru";"it"),=GOOGLETRANSLATE(B336;"ru";"de"),=GOOGLETRANSLATE(B336;"ru";"fr")
exercises.items.57.instructions.4,"Отдохните 2-3 минуты и повторите круг",=GOOGLETRANSLATE(B337;"ru";"pl"),=GOOGLETRANSLATE(B337;"ru";"sv"),=GOOGLETRANSLATE(B337;"ru";"cs"),=GOOGLETRANSLATE(B337;"ru";"sk"),=GOOGLETRANSLATE(B337;"ru";"fi"),=GOOGLETRANSLATE(B337;"ru";"it"),=GOOGLETRANSLATE(B337;"ru";"de"),=GOOGLETRANSLATE(B337;"ru";"fr")
exercises.items.57.tips.0,"Следите за техникой приземления",=GOOGLETRANSLATE(B338;"ru";"pl"),=GOOGLETRANSLATE(B338;"ru";"sv"),=GOOGLETRANSLATE(B338;"ru";"cs"),=GOOGLETRANSLATE(B338;"ru";"sk"),=GOOGLETRANSLATE(B338;"ru";"fi"),=GOOGLETRANSLATE(B338;"ru";"it"),=GOOGLETRANSLATE(B338;"ru";"de"),=GOOGLETRANSLATE(B338;"ru";"fr")
exercises.items.57.tips.1,"Приземляйтесь на полусогнутые ноги",=GOOGLETRANSLATE(B339;"ru";"pl"),=GOOGLETRANSLATE(B339;"ru";"sv"),=GOOGLETRANSLATE(B339;"ru";"cs"),=GOOGLETRANSLATE(B339;"ru";"sk"),=GOOGLETRANSLATE(B339;"ru";"fi"),=GOOGLETRANSLATE(B339;"ru";"it"),=GOOGLETRANSLATE(B339;"ru";"de"),=GOOGLETRANSLATE(B339;"ru";"fr")
exercises.items.57.tips.2,"Работайте руками для баланса",=GOOGLETRANSLATE(B340;"ru";"pl"),=GOOGLETRANSLATE(B340;"ru";"sv"),=GOOGLETRANSLATE(B340;"ru";"cs"),=GOOGLETRANSLATE(B340;"ru";"sk"),=GOOGLETRANSLATE(B340;"ru";"fi"),=GOOGLETRANSLATE(B340;"ru";"it"),=GOOGLETRANSLATE(B340;"ru";"de"),=GOOGLETRANSLATE(B340;"ru";"fr")
exercises.items.57.tips.3,"Не переусердствуйте с количеством",=GOOGLETRANSLATE(B341;"ru";"pl"),=GOOGLETRANSLATE(B341;"ru";"sv"),=GOOGLETRANSLATE(B341;"ru";"cs"),=GOOGLETRANSLATE(B341;"ru";"sk"),=GOOGLETRANSLATE(B341;"ru";"fi"),=GOOGLETRANSLATE(B341;"ru";"it"),=GOOGLETRANSLATE(B341;"ru";"de"),=GOOGLETRANSLATE(B341;"ru";"fr")

exercises.items.58.title,"Легкая растяжка",=GOOGLETRANSLATE(B343;"ru";"pl"),=GOOGLETRANSLATE(B343;"ru";"sv"),=GOOGLETRANSLATE(B343;"ru";"cs"),=GOOGLETRANSLATE(B343;"ru";"sk"),=GOOGLETRANSLATE(B343;"ru";"fi"),=GOOGLETRANSLATE(B343;"ru";"it"),=GOOGLETRANSLATE(B343;"ru";"de"),=GOOGLETRANSLATE(B343;"ru";"fr")
exercises.items.58.instructions.0,"Начните с легких движений",=GOOGLETRANSLATE(B344;"ru";"pl"),=GOOGLETRANSLATE(B344;"ru";"sv"),=GOOGLETRANSLATE(B344;"ru";"cs"),=GOOGLETRANSLATE(B344;"ru";"sk"),=GOOGLETRANSLATE(B344;"ru";"fi"),=GOOGLETRANSLATE(B344;"ru";"it"),=GOOGLETRANSLATE(B344;"ru";"de"),=GOOGLETRANSLATE(B344;"ru";"fr")
exercises.items.58.instructions.1,"Выполните растяжку основных мышечных групп",=GOOGLETRANSLATE(B345;"ru";"pl"),=GOOGLETRANSLATE(B345;"ru";"sv"),=GOOGLETRANSLATE(B345;"ru";"cs"),=GOOGLETRANSLATE(B345;"ru";"sk"),=GOOGLETRANSLATE(B345;"ru";"fi"),=GOOGLETRANSLATE(B345;"ru";"it"),=GOOGLETRANSLATE(B345;"ru";"de"),=GOOGLETRANSLATE(B345;"ru";"fr")
exercises.items.58.instructions.2,"Дышите глубоко и равномерно",=GOOGLETRANSLATE(B346;"ru";"pl"),=GOOGLETRANSLATE(B346;"ru";"sv"),=GOOGLETRANSLATE(B346;"ru";"cs"),=GOOGLETRANSLATE(B346;"ru";"sk"),=GOOGLETRANSLATE(B346;"ru";"fi"),=GOOGLETRANSLATE(B346;"ru";"it"),=GOOGLETRANSLATE(B346;"ru";"de"),=GOOGLETRANSLATE(B346;"ru";"fr")
exercises.items.58.instructions.3,"Двигайтесь плавно и медленно",=GOOGLETRANSLATE(B347;"ru";"pl"),=GOOGLETRANSLATE(B347;"ru";"sv"),=GOOGLETRANSLATE(B347;"ru";"cs"),=GOOGLETRANSLATE(B347;"ru";"sk"),=GOOGLETRANSLATE(B347;"ru";"fi"),=GOOGLETRANSLATE(B347;"ru";"it"),=GOOGLETRANSLATE(B347;"ru";"de"),=GOOGLETRANSLATE(B347;"ru";"fr")
exercises.items.58.instructions.4,"Завершите глубоким дыханием",=GOOGLETRANSLATE(B348;"ru";"pl"),=GOOGLETRANSLATE(B348;"ru";"sv"),=GOOGLETRANSLATE(B348;"ru";"cs"),=GOOGLETRANSLATE(B348;"ru";"sk"),=GOOGLETRANSLATE(B348;"ru";"fi"),=GOOGLETRANSLATE(B348;"ru";"it"),=GOOGLETRANSLATE(B348;"ru";"de"),=GOOGLETRANSLATE(B348;"ru";"fr")
exercises.items.58.tips.0,"Не растягивайтесь до боли",=GOOGLETRANSLATE(B349;"ru";"pl"),=GOOGLETRANSLATE(B349;"ru";"sv"),=GOOGLETRANSLATE(B349;"ru";"cs"),=GOOGLETRANSLATE(B349;"ru";"sk"),=GOOGLETRANSLATE(B349;"ru";"fi"),=GOOGLETRANSLATE(B349;"ru";"it"),=GOOGLETRANSLATE(B349;"ru";"de"),=GOOGLETRANSLATE(B349;"ru";"fr")
exercises.items.58.tips.1,"Дышите глубоко",=GOOGLETRANSLATE(B350;"ru";"pl"),=GOOGLETRANSLATE(B350;"ru";"sv"),=GOOGLETRANSLATE(B350;"ru";"cs"),=GOOGLETRANSLATE(B350;"ru";"sk"),=GOOGLETRANSLATE(B350;"ru";"fi"),=GOOGLETRANSLATE(B350;"ru";"it"),=GOOGLETRANSLATE(B350;"ru";"de"),=GOOGLETRANSLATE(B350;"ru";"fr")
exercises.items.58.tips.2,"Расслабляйтесь полностью",=GOOGLETRANSLATE(B351;"ru";"pl"),=GOOGLETRANSLATE(B351;"ru";"sv"),=GOOGLETRANSLATE(B351;"ru";"cs"),=GOOGLETRANSLATE(B351;"ru";"sk"),=GOOGLETRANSLATE(B351;"ru";"fi"),=GOOGLETRANSLATE(B351;"ru";"it"),=GOOGLETRANSLATE(B351;"ru";"de"),=GOOGLETRANSLATE(B351;"ru";"fr")
exercises.items.58.tips.3,"Выполняйте регулярно",=GOOGLETRANSLATE(B352;"ru";"pl"),=GOOGLETRANSLATE(B352;"ru";"sv"),=GOOGLETRANSLATE(B352;"ru";"cs"),=GOOGLETRANSLATE(B352;"ru";"sk"),=GOOGLETRANSLATE(B352;"ru";"fi"),=GOOGLETRANSLATE(B352;"ru";"it"),=GOOGLETRANSLATE(B352;"ru";"de"),=GOOGLETRANSLATE(B352;"ru";"fr")

exercises.items.59.title,"Фоам-роллинг",=GOOGLETRANSLATE(B354;"ru";"pl"),=GOOGLETRANSLATE(B354;"ru";"sv"),=GOOGLETRANSLATE(B354;"ru";"cs"),=GOOGLETRANSLATE(B354;"ru";"sk"),=GOOGLETRANSLATE(B354;"ru";"fi"),=GOOGLETRANSLATE(B354;"ru";"it"),=GOOGLETRANSLATE(B354;"ru";"de"),=GOOGLETRANSLATE(B354;"ru";"fr")
exercises.items.59.instructions.0,"Лягте на фоам-роллер",=GOOGLETRANSLATE(B355;"ru";"pl"),=GOOGLETRANSLATE(B355;"ru";"sv"),=GOOGLETRANSLATE(B355;"ru";"cs"),=GOOGLETRANSLATE(B355;"ru";"sk"),=GOOGLETRANSLATE(B355;"ru";"fi"),=GOOGLETRANSLATE(B355;"ru";"it"),=GOOGLETRANSLATE(B355;"ru";"de"),=GOOGLETRANSLATE(B355;"ru";"fr")
exercises.items.59.instructions.1,"Медленно катайте роллер под мышцами",=GOOGLETRANSLATE(B356;"ru";"pl"),=GOOGLETRANSLATE(B356;"ru";"sv"),=GOOGLETRANSLATE(B356;"ru";"cs"),=GOOGLETRANSLATE(B356;"ru";"sk"),=GOOGLETRANSLATE(B356;"ru";"fi"),=GOOGLETRANSLATE(B356;"ru";"it"),=GOOGLETRANSLATE(B356;"ru";"de"),=GOOGLETRANSLATE(B356;"ru";"fr")
exercises.items.59.instructions.2,"Остановитесь на болезненных точках",=GOOGLETRANSLATE(B357;"ru";"pl"),=GOOGLETRANSLATE(B357;"ru";"sv"),=GOOGLETRANSLATE(B357;"ru";"cs"),=GOOGLETRANSLATE(B357;"ru";"sk"),=GOOGLETRANSLATE(B357;"ru";"fi"),=GOOGLETRANSLATE(B357;"ru";"it"),=GOOGLETRANSLATE(B357;"ru";"de"),=GOOGLETRANSLATE(B357;"ru";"fr")
exercises.items.59.instructions.3,"Держите давление 30-60 секунд",=GOOGLETRANSLATE(B358;"ru";"pl"),=GOOGLETRANSLATE(B358;"ru";"sv"),=GOOGLETRANSLATE(B358;"ru";"cs"),=GOOGLETRANSLATE(B358;"ru";"sk"),=GOOGLETRANSLATE(B358;"ru";"fi"),=GOOGLETRANSLATE(B358;"ru";"it"),=GOOGLETRANSLATE(B358;"ru";"de"),=GOOGLETRANSLATE(B358;"ru";"fr")
exercises.items.59.instructions.4,"Повторите для всех групп мышц",=GOOGLETRANSLATE(B359;"ru";"pl"),=GOOGLETRANSLATE(B359;"ru";"sv"),=GOOGLETRANSLATE(B359;"ru";"cs"),=GOOGLETRANSLATE(B359;"ru";"sk"),=GOOGLETRANSLATE(B359;"ru";"fi"),=GOOGLETRANSLATE(B359;"ru";"it"),=GOOGLETRANSLATE(B359;"ru";"de"),=GOOGLETRANSLATE(B359;"ru";"fr")
exercises.items.59.tips.0,"Не катайте по суставам",=GOOGLETRANSLATE(B360;"ru";"pl"),=GOOGLETRANSLATE(B360;"ru";"sv"),=GOOGLETRANSLATE(B360;"ru";"cs"),=GOOGLETRANSLATE(B360;"ru";"sk"),=GOOGLETRANSLATE(B360;"ru";"fi"),=GOOGLETRANSLATE(B360;"ru";"it"),=GOOGLETRANSLATE(B360;"ru";"de"),=GOOGLETRANSLATE(B360;"ru";"fr")
exercises.items.59.tips.1,"Дышите глубоко",=GOOGLETRANSLATE(B361;"ru";"pl"),=GOOGLETRANSLATE(B361;"ru";"sv"),=GOOGLETRANSLATE(B361;"ru";"cs"),=GOOGLETRANSLATE(B361;"ru";"sk"),=GOOGLETRANSLATE(B361;"ru";"fi"),=GOOGLETRANSLATE(B361;"ru";"it"),=GOOGLETRANSLATE(B361;"ru";"de"),=GOOGLETRANSLATE(B361;"ru";"fr")
exercises.items.59.tips.2,"Не терпите сильную боль",=GOOGLETRANSLATE(B362;"ru";"pl"),=GOOGLETRANSLATE(B362;"ru";"sv"),=GOOGLETRANSLATE(B362;"ru";"cs"),=GOOGLETRANSLATE(B362;"ru";"sk"),=GOOGLETRANSLATE(B362;"ru";"fi"),=GOOGLETRANSLATE(B362;"ru";"it"),=GOOGLETRANSLATE(B362;"ru";"de"),=GOOGLETRANSLATE(B362;"ru";"fr")
exercises.items.59.tips.3,"Начинайте с мягкого роллера",=GOOGLETRANSLATE(B363;"ru";"pl"),=GOOGLETRANSLATE(B363;"ru";"sv"),=GOOGLETRANSLATE(B363;"ru";"cs"),=GOOGLETRANSLATE(B363;"ru";"sk"),=GOOGLETRANSLATE(B363;"ru";"fi"),=GOOGLETRANSLATE(B363;"ru";"it"),=GOOGLETRANSLATE(B363;"ru";"de"),=GOOGLETRANSLATE(B363;"ru";"fr")

exercises.items.60.title,"Легкий бег",=GOOGLETRANSLATE(B365;"ru";"pl"),=GOOGLETRANSLATE(B365;"ru";"sv"),=GOOGLETRANSLATE(B365;"ru";"cs"),=GOOGLETRANSLATE(B365;"ru";"sk"),=GOOGLETRANSLATE(B365;"ru";"fi"),=GOOGLETRANSLATE(B365;"ru";"it"),=GOOGLETRANSLATE(B365;"ru";"de"),=GOOGLETRANSLATE(B365;"ru";"fr")
exercises.items.60.instructions.0,"Начните с медленного темпа",=GOOGLETRANSLATE(B366;"ru";"pl"),=GOOGLETRANSLATE(B366;"ru";"sv"),=GOOGLETRANSLATE(B366;"ru";"cs"),=GOOGLETRANSLATE(B366;"ru";"sk"),=GOOGLETRANSLATE(B366;"ru";"fi"),=GOOGLETRANSLATE(B366;"ru";"it"),=GOOGLETRANSLATE(B366;"ru";"de"),=GOOGLETRANSLATE(B366;"ru";"fr")
exercises.items.60.instructions.1,"Держите пульс на уровне 60-70% от максимального",=GOOGLETRANSLATE(B367;"ru";"pl"),=GOOGLETRANSLATE(B367;"ru";"sv"),=GOOGLETRANSLATE(B367;"ru";"cs"),=GOOGLETRANSLATE(B367;"ru";"sk"),=GOOGLETRANSLATE(B367;"ru";"fi"),=GOOGLETRANSLATE(B367;"ru";"it"),=GOOGLETRANSLATE(B367;"ru";"de"),=GOOGLETRANSLATE(B367;"ru";"fr")
exercises.items.60.instructions.2,"Дышите глубоко и равномерно",=GOOGLETRANSLATE(B368;"ru";"pl"),=GOOGLETRANSLATE(B368;"ru";"sv"),=GOOGLETRANSLATE(B368;"ru";"cs"),=GOOGLETRANSLATE(B368;"ru";"sk"),=GOOGLETRANSLATE(B368;"ru";"fi"),=GOOGLETRANSLATE(B368;"ru";"it"),=GOOGLETRANSLATE(B368;"ru";"de"),=GOOGLETRANSLATE(B368;"ru";"fr")
exercises.items.60.instructions.3,"Поддерживайте постоянный темп",=GOOGLETRANSLATE(B369;"ru";"pl"),=GOOGLETRANSLATE(B369;"ru";"sv"),=GOOGLETRANSLATE(B369;"ru";"cs"),=GOOGLETRANSLATE(B369;"ru";"sk"),=GOOGLETRANSLATE(B369;"ru";"fi"),=GOOGLETRANSLATE(B369;"ru";"it"),=GOOGLETRANSLATE(B369;"ru";"de"),=GOOGLETRANSLATE(B369;"ru";"fr")
exercises.items.60.instructions.4,"Завершите постепенным снижением темпа",=GOOGLETRANSLATE(B370;"ru";"pl"),=GOOGLETRANSLATE(B370;"ru";"sv"),=GOOGLETRANSLATE(B370;"ru";"cs"),=GOOGLETRANSLATE(B370;"ru";"sk"),=GOOGLETRANSLATE(B370;"ru";"fi"),=GOOGLETRANSLATE(B370;"ru";"it"),=GOOGLETRANSLATE(B370;"ru";"de"),=GOOGLETRANSLATE(B370;"ru";"fr")
exercises.items.60.tips.0,"Следите за пульсом",=GOOGLETRANSLATE(B371;"ru";"pl"),=GOOGLETRANSLATE(B371;"ru";"sv"),=GOOGLETRANSLATE(B371;"ru";"cs"),=GOOGLETRANSLATE(B371;"ru";"sk"),=GOOGLETRANSLATE(B371;"ru";"fi"),=GOOGLETRANSLATE(B371;"ru";"it"),=GOOGLETRANSLATE(B371;"ru";"de"),=GOOGLETRANSLATE(B371;"ru";"fr")
exercises.items.60.tips.1,"Дышите через нос",=GOOGLETRANSLATE(B372;"ru";"pl"),=GOOGLETRANSLATE(B372;"ru";"sv"),=GOOGLETRANSLATE(B372;"ru";"cs"),=GOOGLETRANSLATE(B372;"ru";"sk"),=GOOGLETRANSLATE(B372;"ru";"fi"),=GOOGLETRANSLATE(B372;"ru";"it"),=GOOGLETRANSLATE(B372;"ru";"de"),=GOOGLETRANSLATE(B372;"ru";"fr")
exercises.items.60.tips.2,"Не перенапрягайтесь",=GOOGLETRANSLATE(B373;"ru";"pl"),=GOOGLETRANSLATE(B373;"ru";"sv"),=GOOGLETRANSLATE(B373;"ru";"cs"),=GOOGLETRANSLATE(B373;"ru";"sk"),=GOOGLETRANSLATE(B373;"ru";"fi"),=GOOGLETRANSLATE(B373;"ru";"it"),=GOOGLETRANSLATE(B373;"ru";"de"),=GOOGLETRANSLATE(B373;"ru";"fr")
exercises.items.60.tips.3,"Наслаждайтесь процессом",=GOOGLETRANSLATE(B374;"ru";"pl"),=GOOGLETRANSLATE(B374;"ru";"sv"),=GOOGLETRANSLATE(B374;"ru";"cs"),=GOOGLETRANSLATE(B374;"ru";"sk"),=GOOGLETRANSLATE(B374;"ru";"fi"),=GOOGLETRANSLATE(B374;"ru";"it"),=GOOGLETRANSLATE(B374;"ru";"de"),=GOOGLETRANSLATE(B374;"ru";"fr")

exercises.items.61.title,"Плавание",=GOOGLETRANSLATE(B376;"ru";"pl"),=GOOGLETRANSLATE(B376;"ru";"sv"),=GOOGLETRANSLATE(B376;"ru";"cs"),=GOOGLETRANSLATE(B376;"ru";"sk"),=GOOGLETRANSLATE(B376;"ru";"fi"),=GOOGLETRANSLATE(B376;"ru";"it"),=GOOGLETRANSLATE(B376;"ru";"de"),=GOOGLETRANSLATE(B376;"ru";"fr")
exercises.items.61.instructions.0,"Начните с разминки на суше",=GOOGLETRANSLATE(B377;"ru";"pl"),=GOOGLETRANSLATE(B377;"ru";"sv"),=GOOGLETRANSLATE(B377;"ru";"cs"),=GOOGLETRANSLATE(B377;"ru";"sk"),=GOOGLETRANSLATE(B377;"ru";"fi"),=GOOGLETRANSLATE(B377;"ru";"it"),=GOOGLETRANSLATE(B377;"ru";"de"),=GOOGLETRANSLATE(B377;"ru";"fr")
exercises.items.61.instructions.1,"Войдите в воду постепенно",=GOOGLETRANSLATE(B378;"ru";"pl"),=GOOGLETRANSLATE(B378;"ru";"sv"),=GOOGLETRANSLATE(B378;"ru";"cs"),=GOOGLETRANSLATE(B378;"ru";"sk"),=GOOGLETRANSLATE(B378;"ru";"fi"),=GOOGLETRANSLATE(B378;"ru";"it"),=GOOGLETRANSLATE(B378;"ru";"de"),=GOOGLETRANSLATE(B378;"ru";"fr")
exercises.items.61.instructions.2,"Плавайте в комфортном темпе",=GOOGLETRANSLATE(B379;"ru";"pl"),=GOOGLETRANSLATE(B379;"ru";"sv"),=GOOGLETRANSLATE(B379;"ru";"cs"),=GOOGLETRANSLATE(B379;"ru";"sk"),=GOOGLETRANSLATE(B379;"ru";"fi"),=GOOGLETRANSLATE(B379;"ru";"it"),=GOOGLETRANSLATE(B379;"ru";"de"),=GOOGLETRANSLATE(B379;"ru";"fr")
exercises.items.61.instructions.3,"Меняйте стили плавания",=GOOGLETRANSLATE(B380;"ru";"pl"),=GOOGLETRANSLATE(B380;"ru";"sv"),=GOOGLETRANSLATE(B380;"ru";"cs"),=GOOGLETRANSLATE(B380;"ru";"sk"),=GOOGLETRANSLATE(B380;"ru";"fi"),=GOOGLETRANSLATE(B380;"ru";"it"),=GOOGLETRANSLATE(B380;"ru";"de"),=GOOGLETRANSLATE(B380;"ru";"fr")
exercises.items.61.instructions.4,"Завершите медленным плаванием",=GOOGLETRANSLATE(B381;"ru";"pl"),=GOOGLETRANSLATE(B381;"ru";"sv"),=GOOGLETRANSLATE(B381;"ru";"cs"),=GOOGLETRANSLATE(B381;"ru";"sk"),=GOOGLETRANSLATE(B381;"ru";"fi"),=GOOGLETRANSLATE(B381;"ru";"it"),=GOOGLETRANSLATE(B381;"ru";"de"),=GOOGLETRANSLATE(B381;"ru";"fr")
exercises.items.61.tips.0,"Не плавайте в одиночку",=GOOGLETRANSLATE(B382;"ru";"pl"),=GOOGLETRANSLATE(B382;"ru";"sv"),=GOOGLETRANSLATE(B382;"ru";"cs"),=GOOGLETRANSLATE(B382;"ru";"sk"),=GOOGLETRANSLATE(B382;"ru";"fi"),=GOOGLETRANSLATE(B382;"ru";"it"),=GOOGLETRANSLATE(B382;"ru";"de"),=GOOGLETRANSLATE(B382;"ru";"fr")
exercises.items.61.tips.1,"Следите за техникой",=GOOGLETRANSLATE(B383;"ru";"pl"),=GOOGLETRANSLATE(B383;"ru";"sv"),=GOOGLETRANSLATE(B383;"ru";"cs"),=GOOGLETRANSLATE(B383;"ru";"sk"),=GOOGLETRANSLATE(B383;"ru";"fi"),=GOOGLETRANSLATE(B383;"ru";"it"),=GOOGLETRANSLATE(B383;"ru";"de"),=GOOGLETRANSLATE(B383;"ru";"fr")
exercises.items.61.tips.2,"Дышите равномерно",=GOOGLETRANSLATE(B384;"ru";"pl"),=GOOGLETRANSLATE(B384;"ru";"sv"),=GOOGLETRANSLATE(B384;"ru";"cs"),=GOOGLETRANSLATE(B384;"ru";"sk"),=GOOGLETRANSLATE(B384;"ru";"fi"),=GOOGLETRANSLATE(B384;"ru";"it"),=GOOGLETRANSLATE(B384;"ru";"de"),=GOOGLETRANSLATE(B384;"ru";"fr")
exercises.items.61.tips.3,"Не переусердствуйте",=GOOGLETRANSLATE(B385;"ru";"pl"),=GOOGLETRANSLATE(B385;"ru";"sv"),=GOOGLETRANSLATE(B385;"ru";"cs"),=GOOGLETRANSLATE(B385;"ru";"sk"),=GOOGLETRANSLATE(B385;"ru";"fi"),=GOOGLETRANSLATE(B385;"ru";"it"),=GOOGLETRANSLATE(B385;"ru";"de"),=GOOGLETRANSLATE(B385;"ru";"fr")

exercises.items.62.title,"Велосипед восстановления",=GOOGLETRANSLATE(B387;"ru";"pl"),=GOOGLETRANSLATE(B387;"ru";"sv"),=GOOGLETRANSLATE(B387;"ru";"cs"),=GOOGLETRANSLATE(B387;"ru";"sk"),=GOOGLETRANSLATE(B387;"ru";"fi"),=GOOGLETRANSLATE(B387;"ru";"it"),=GOOGLETRANSLATE(B387;"ru";"de"),=GOOGLETRANSLATE(B387;"ru";"fr")
exercises.items.62.instructions.0,"Начните с медленного темпа",=GOOGLETRANSLATE(B388;"ru";"pl"),=GOOGLETRANSLATE(B388;"ru";"sv"),=GOOGLETRANSLATE(B388;"ru";"cs"),=GOOGLETRANSLATE(B388;"ru";"sk"),=GOOGLETRANSLATE(B388;"ru";"fi"),=GOOGLETRANSLATE(B388;"ru";"it"),=GOOGLETRANSLATE(B388;"ru";"de"),=GOOGLETRANSLATE(B388;"ru";"fr")
exercises.items.62.instructions.1,"Держите пульс на уровне 50-60% от максимального",=GOOGLETRANSLATE(B389;"ru";"pl"),=GOOGLETRANSLATE(B389;"ru";"sv"),=GOOGLETRANSLATE(B389;"ru";"cs"),=GOOGLETRANSLATE(B389;"ru";"sk"),=GOOGLETRANSLATE(B389;"ru";"fi"),=GOOGLETRANSLATE(B389;"ru";"it"),=GOOGLETRANSLATE(B389;"ru";"de"),=GOOGLETRANSLATE(B389;"ru";"fr")
exercises.items.62.instructions.2,"Крутите педали легко и ритмично",=GOOGLETRANSLATE(B390;"ru";"pl"),=GOOGLETRANSLATE(B390;"ru";"sv"),=GOOGLETRANSLATE(B390;"ru";"cs"),=GOOGLETRANSLATE(B390;"ru";"sk"),=GOOGLETRANSLATE(B390;"ru";"fi"),=GOOGLETRANSLATE(B390;"ru";"it"),=GOOGLETRANSLATE(B390;"ru";"de"),=GOOGLETRANSLATE(B390;"ru";"fr")
exercises.items.62.instructions.3,"Дышите глубоко",=GOOGLETRANSLATE(B391;"ru";"pl"),=GOOGLETRANSLATE(B391;"ru";"sv"),=GOOGLETRANSLATE(B391;"ru";"cs"),=GOOGLETRANSLATE(B391;"ru";"sk"),=GOOGLETRANSLATE(B391;"ru";"fi"),=GOOGLETRANSLATE(B391;"ru";"it"),=GOOGLETRANSLATE(B391;"ru";"de"),=GOOGLETRANSLATE(B391;"ru";"fr")
exercises.items.62.instructions.4,"Завершите постепенным снижением темпа",=GOOGLETRANSLATE(B392;"ru";"pl"),=GOOGLETRANSLATE(B392;"ru";"sv"),=GOOGLETRANSLATE(B392;"ru";"cs"),=GOOGLETRANSLATE(B392;"ru";"sk"),=GOOGLETRANSLATE(B392;"ru";"fi"),=GOOGLETRANSLATE(B392;"ru";"it"),=GOOGLETRANSLATE(B392;"ru";"de"),=GOOGLETRANSLATE(B392;"ru";"fr")
exercises.items.62.tips.0,"Поддерживайте высокий каденс",=GOOGLETRANSLATE(B393;"ru";"pl"),=GOOGLETRANSLATE(B393;"ru";"sv"),=GOOGLETRANSLATE(B393;"ru";"cs"),=GOOGLETRANSLATE(B393;"ru";"sk"),=GOOGLETRANSLATE(B393;"ru";"fi"),=GOOGLETRANSLATE(B393;"ru";"it"),=GOOGLETRANSLATE(B393;"ru";"de"),=GOOGLETRANSLATE(B393;"ru";"fr")
exercises.items.62.tips.1,"Дышите глубоко",=GOOGLETRANSLATE(B394;"ru";"pl"),=GOOGLETRANSLATE(B394;"ru";"sv"),=GOOGLETRANSLATE(B394;"ru";"cs"),=GOOGLETRANSLATE(B394;"ru";"sk"),=GOOGLETRANSLATE(B394;"ru";"fi"),=GOOGLETRANSLATE(B394;"ru";"it"),=GOOGLETRANSLATE(B394;"ru";"de"),=GOOGLETRANSLATE(B394;"ru";"fr")
exercises.items.62.tips.2,"Не перенапрягайтесь",=GOOGLETRANSLATE(B395;"ru";"pl"),=GOOGLETRANSLATE(B395;"ru";"sv"),=GOOGLETRANSLATE(B395;"ru";"cs"),=GOOGLETRANSLATE(B395;"ru";"sk"),=GOOGLETRANSLATE(B395;"ru";"fi"),=GOOGLETRANSLATE(B395;"ru";"it"),=GOOGLETRANSLATE(B395;"ru";"de"),=GOOGLETRANSLATE(B395;"ru";"fr")
exercises.items.62.tips.3,"Наслаждайтесь поездкой",=GOOGLETRANSLATE(B396;"ru";"pl"),=GOOGLETRANSLATE(B396;"ru";"sv"),=GOOGLETRANSLATE(B396;"ru";"cs"),=GOOGLETRANSLATE(B396;"ru";"sk"),=GOOGLETRANSLATE(B396;"ru";"fi"),=GOOGLETRANSLATE(B396;"ru";"it"),=GOOGLETRANSLATE(B396;"ru";"de"),=GOOGLETRANSLATE(B396;"ru";"fr")

exercises.items.63.title,"Йога восстановления",=GOOGLETRANSLATE(B398;"ru";"pl"),=GOOGLETRANSLATE(B398;"ru";"sv"),=GOOGLETRANSLATE(B398;"ru";"cs"),=GOOGLETRANSLATE(B398;"ru";"sk"),=GOOGLETRANSLATE(B398;"ru";"fi"),=GOOGLETRANSLATE(B398;"ru";"it"),=GOOGLETRANSLATE(B398;"ru";"de"),=GOOGLETRANSLATE(B398;"ru";"fr")
exercises.items.63.instructions.0,"Начните с простых поз",=GOOGLETRANSLATE(B399;"ru";"pl"),=GOOGLETRANSLATE(B399;"ru";"sv"),=GOOGLETRANSLATE(B399;"ru";"cs"),=GOOGLETRANSLATE(B399;"ru";"sk"),=GOOGLETRANSLATE(B399;"ru";"fi"),=GOOGLETRANSLATE(B399;"ru";"it"),=GOOGLETRANSLATE(B399;"ru";"de"),=GOOGLETRANSLATE(B399;"ru";"fr")
exercises.items.63.instructions.1,"Выполняйте растяжку медленно",=GOOGLETRANSLATE(B400;"ru";"pl"),=GOOGLETRANSLATE(B400;"ru";"sv"),=GOOGLETRANSLATE(B400;"ru";"cs"),=GOOGLETRANSLATE(B400;"ru";"sk"),=GOOGLETRANSLATE(B400;"ru";"fi"),=GOOGLETRANSLATE(B400;"ru";"it"),=GOOGLETRANSLATE(B400;"ru";"de"),=GOOGLETRANSLATE(B400;"ru";"fr")
exercises.items.63.instructions.2,"Дышите глубоко и равномерно",=GOOGLETRANSLATE(B401;"ru";"pl"),=GOOGLETRANSLATE(B401;"ru";"sv"),=GOOGLETRANSLATE(B401;"ru";"cs"),=GOOGLETRANSLATE(B401;"ru";"sk"),=GOOGLETRANSLATE(B401;"ru";"fi"),=GOOGLETRANSLATE(B401;"ru";"it"),=GOOGLETRANSLATE(B401;"ru";"de"),=GOOGLETRANSLATE(B401;"ru";"fr")
exercises.items.63.instructions.3,"Расслабляйтесь в каждой позе",=GOOGLETRANSLATE(B402;"ru";"pl"),=GOOGLETRANSLATE(B402;"ru";"sv"),=GOOGLETRANSLATE(B402;"ru";"cs"),=GOOGLETRANSLATE(B402;"ru";"sk"),=GOOGLETRANSLATE(B402;"ru";"fi"),=GOOGLETRANSLATE(B402;"ru";"it"),=GOOGLETRANSLATE(B402;"ru";"de"),=GOOGLETRANSLATE(B402;"ru";"fr")
exercises.items.63.instructions.4,"Завершите медитацией",=GOOGLETRANSLATE(B403;"ru";"pl"),=GOOGLETRANSLATE(B403;"ru";"sv"),=GOOGLETRANSLATE(B403;"ru";"cs"),=GOOGLETRANSLATE(B403;"ru";"sk"),=GOOGLETRANSLATE(B403;"ru";"fi"),=GOOGLETRANSLATE(B403;"ru";"it"),=GOOGLETRANSLATE(B403;"ru";"de"),=GOOGLETRANSLATE(B403;"ru";"fr")
exercises.items.63.tips.0,"Не форсируйте позы",=GOOGLETRANSLATE(B404;"ru";"pl"),=GOOGLETRANSLATE(B404;"ru";"sv"),=GOOGLETRANSLATE(B404;"ru";"cs"),=GOOGLETRANSLATE(B404;"ru";"sk"),=GOOGLETRANSLATE(B404;"ru";"fi"),=GOOGLETRANSLATE(B404;"ru";"it"),=GOOGLETRANSLATE(B404;"ru";"de"),=GOOGLETRANSLATE(B404;"ru";"fr")
exercises.items.63.tips.1,"Дышите через нос",=GOOGLETRANSLATE(B405;"ru";"pl"),=GOOGLETRANSLATE(B405;"ru";"sv"),=GOOGLETRANSLATE(B405;"ru";"cs"),=GOOGLETRANSLATE(B405;"ru";"sk"),=GOOGLETRANSLATE(B405;"ru";"fi"),=GOOGLETRANSLATE(B405;"ru";"it"),=GOOGLETRANSLATE(B405;"ru";"de"),=GOOGLETRANSLATE(B405;"ru";"fr")
exercises.items.63.tips.2,"Слушайте свое тело",=GOOGLETRANSLATE(B406;"ru";"pl"),=GOOGLETRANSLATE(B406;"ru";"sv"),=GOOGLETRANSLATE(B406;"ru";"cs"),=GOOGLETRANSLATE(B406;"ru";"sk"),=GOOGLETRANSLATE(B406;"ru";"fi"),=GOOGLETRANSLATE(B406;"ru";"it"),=GOOGLETRANSLATE(B406;"ru";"de"),=GOOGLETRANSLATE(B406;"ru";"fr")
exercises.items.63.tips.3,"Наслаждайтесь процессом",=GOOGLETRANSLATE(B407;"ru";"pl"),=GOOGLETRANSLATE(B407;"ru";"sv"),=GOOGLETRANSLATE(B407;"ru";"cs"),=GOOGLETRANSLATE(B407;"ru";"sk"),=GOOGLETRANSLATE(B407;"ru";"fi"),=GOOGLETRANSLATE(B407;"ru";"it"),=GOOGLETRANSLATE(B407;"ru";"de"),=GOOGLETRANSLATE(B407;"ru";"fr")

exercises.items.65.title,"Контрастный душ",=GOOGLETRANSLATE(B409;"ru";"pl"),=GOOGLETRANSLATE(B409;"ru";"sv"),=GOOGLETRANSLATE(B409;"ru";"cs"),=GOOGLETRANSLATE(B409;"ru";"sk"),=GOOGLETRANSLATE(B409;"ru";"fi"),=GOOGLETRANSLATE(B409;"ru";"it"),=GOOGLETRANSLATE(B409;"ru";"de"),=GOOGLETRANSLATE(B409;"ru";"fr")
exercises.items.65.instructions.0,"Начните с теплой воды",=GOOGLETRANSLATE(B410;"ru";"pl"),=GOOGLETRANSLATE(B410;"ru";"sv"),=GOOGLETRANSLATE(B410;"ru";"cs"),=GOOGLETRANSLATE(B410;"ru";"sk"),=GOOGLETRANSLATE(B410;"ru";"fi"),=GOOGLETRANSLATE(B410;"ru";"it"),=GOOGLETRANSLATE(B410;"ru";"de"),=GOOGLETRANSLATE(B410;"ru";"fr")
exercises.items.65.instructions.1,"Постепенно переходите к холодной воде",=GOOGLETRANSLATE(B411;"ru";"pl"),=GOOGLETRANSLATE(B411;"ru";"sv"),=GOOGLETRANSLATE(B411;"ru";"cs"),=GOOGLETRANSLATE(B411;"ru";"sk"),=GOOGLETRANSLATE(B411;"ru";"fi"),=GOOGLETRANSLATE(B411;"ru";"it"),=GOOGLETRANSLATE(B411;"ru";"de"),=GOOGLETRANSLATE(B411;"ru";"fr")
exercises.items.65.instructions.2,"Держите холодную воду 30-60 секунд",=GOOGLETRANSLATE(B412;"ru";"pl"),=GOOGLETRANSLATE(B412;"ru";"sv"),=GOOGLETRANSLATE(B412;"ru";"cs"),=GOOGLETRANSLATE(B412;"ru";"sk"),=GOOGLETRANSLATE(B412;"ru";"fi"),=GOOGLETRANSLATE(B412;"ru";"it"),=GOOGLETRANSLATE(B412;"ru";"de"),=GOOGLETRANSLATE(B412;"ru";"fr")
exercises.items.65.instructions.3,"Вернитесь к теплой воде",=GOOGLETRANSLATE(B413;"ru";"pl"),=GOOGLETRANSLATE(B413;"ru";"sv"),=GOOGLETRANSLATE(B413;"ru";"cs"),=GOOGLETRANSLATE(B413;"ru";"sk"),=GOOGLETRANSLATE(B413;"ru";"fi"),=GOOGLETRANSLATE(B413;"ru";"it"),=GOOGLETRANSLATE(B413;"ru";"de"),=GOOGLETRANSLATE(B413;"ru";"fr")
exercises.items.65.instructions.4,"Повторите цикл 3-5 раз",=GOOGLETRANSLATE(B414;"ru";"pl"),=GOOGLETRANSLATE(B414;"ru";"sv"),=GOOGLETRANSLATE(B414;"ru";"cs"),=GOOGLETRANSLATE(B414;"ru";"sk"),=GOOGLETRANSLATE(B414;"ru";"fi"),=GOOGLETRANSLATE(B414;"ru";"it"),=GOOGLETRANSLATE(B414;"ru";"de"),=GOOGLETRANSLATE(B414;"ru";"fr")
exercises.items.65.tips.0,"Начинайте постепенно",=GOOGLETRANSLATE(B415;"ru";"pl"),=GOOGLETRANSLATE(B415;"ru";"sv"),=GOOGLETRANSLATE(B415;"ru";"cs"),=GOOGLETRANSLATE(B415;"ru";"sk"),=GOOGLETRANSLATE(B415;"ru";"fi"),=GOOGLETRANSLATE(B415;"ru";"it"),=GOOGLETRANSLATE(B415;"ru";"de"),=GOOGLETRANSLATE(B415;"ru";"fr")
exercises.items.65.tips.1,"Дышите глубоко",=GOOGLETRANSLATE(B416;"ru";"pl"),=GOOGLETRANSLATE(B416;"ru";"sv"),=GOOGLETRANSLATE(B416;"ru";"cs"),=GOOGLETRANSLATE(B416;"ru";"sk"),=GOOGLETRANSLATE(B416;"ru";"fi"),=GOOGLETRANSLATE(B416;"ru";"it"),=GOOGLETRANSLATE(B416;"ru";"de"),=GOOGLETRANSLATE(B416;"ru";"fr")
exercises.items.65.tips.2,"Не переохлаждайтесь",=GOOGLETRANSLATE(B417;"ru";"pl"),=GOOGLETRANSLATE(B417;"ru";"sv"),=GOOGLETRANSLATE(B417;"ru";"cs"),=GOOGLETRANSLATE(B417;"ru";"sk"),=GOOGLETRANSLATE(B417;"ru";"fi"),=GOOGLETRANSLATE(B417;"ru";"it"),=GOOGLETRANSLATE(B417;"ru";"de"),=GOOGLETRANSLATE(B417;"ru";"fr")
exercises.items.65.tips.3,"Слушайте свое тело",=GOOGLETRANSLATE(B418;"ru";"pl"),=GOOGLETRANSLATE(B418;"ru";"sv"),=GOOGLETRANSLATE(B418;"ru";"cs"),=GOOGLETRANSLATE(B418;"ru";"sk"),=GOOGLETRANSLATE(B418;"ru";"fi"),=GOOGLETRANSLATE(B418;"ru";"it"),=GOOGLETRANSLATE(B418;"ru";"de"),=GOOGLETRANSLATE(B418;"ru";"fr")
